product_id,reviews_blob,top_keywords,delivery_mentions,quality_mentions,price_mentions,sentiment_label,sentiment_confidence,main_topics,pain_points,suggested_improvements,summary
00de7f393d962717eeeb2d7131a40dba,"O produto foi comprado na cor preta e enviado na cor branca. Os carregadores são padrão de outro país, não encaixam nas tomadas do Brasil.  || O produto foi comprado na cor preta e enviado na cor branca. Os carregadores são padrão de outro país, não encaixam nas tomadas do Brasil.  || O produto foi comprado na cor preta e enviado na cor branca. Os carregadores são padrão de outro país, não encaixam nas tomadas do Brasil.  || horrivel demoraram um mes e não enviaram o produto ai cancelei e não me devolveram o dinheiro ate hoje || Gostei do produto e ótimo recomendo! || Olá, peço que me ajude, pois na hora da entrega só entregaram 1 aparelho, e comprei 2, ja liguei varias vezes para o correio, mas eles nao atendem, por favor peço que me ajude. || Olá, peço que me ajude, pois na hora da entrega só entregaram 1 aparelho, e comprei 2, ja liguei varias vezes para o correio, mas eles nao atendem, por favor peço que me ajude. || Agradeço pela rapidez na entrega.
Recomendo sempre, um site que não tem problemas.
Respeito ao consumidor. || O produto atende muito bem à necessidade e a loja foi muito eficiente! Recomendo! || Mercadoria já passou o prazo de entrega. || Ainda na usei ..o carregador que é estranho...vou ter q procurador adaptador ....ai voltarei a falar || Celular é bom só não gostei do carregador poque tem que ser uma tomada com entrada grande","na cor, cor, peço, cor preta, que me, branca, brasil, foi comprado",True,True,False,neutral,0.4497861862182617,"['preta', 'branca']","['preta', 'branca']","['preta', 'branca']","O produto foi comprado na cor preta e enviado na cor branca. Os carregadores são padrão de outro país, não encaixam nas tomadas do Brasil. O produto foi comprad"
014a8a503291921f7b004a5215bb3c36,"aguardo a entrega do segundo produto. Até o presente momento o produto não foi entregue || o produto é mt bom mas so chegou um cubo o 2x2x2, o outro cubo maior o 4x4x4 nao chegou  || nao recebi o produto que ja paguei ! nao recomendo a compra nesse site.  || Necessário informar se a entrega será pelos Correios. || Ótimo produto! entrega rápida! || Otimo || Adorei esse cubo mágico, fácil manuseio e tamanho ideal. Acho que irei comprar agora o 3x3. || cubo bom, porem vem com os parafusos meio soltos . || RECEBI APENAS O CUBO MÁGICO, AINDA NÃO RECEBI OS TAPETES. || Não recebi todos os protudos Em uma só entrega. No aguardo de uma mercadoria.  || ADORO ESSE SITE, ÓTIMO MEIO DE FAZER COMPRAS!!! || Achei frete muito caro, demorou muito p chegar, queria ter entregue no diados pais. Só chegou terça dia 15","cubo, meio, nao, aguardo, esse, os, muito caro, mas so",True,True,True,neutral,0.39219972491264343,['...'],['...'],['...'],...
0152f69b6cf919bcdaf117aa8c43e5a2,"Tudo ok. || Otimo || Empresa e produto de alta qualidade, super recomendo. || Otimo produto veio do jeito que imaginei || MUITO OBRIGADA ! || MUITO OBRIGADA ! || Produto chegou antes do prazo parabéns a empresa  || Otimo || O tecido não é algodão mas pelo preço vale super a pena. É linda!  || Satisfeita  || Na verdade está no correio . A forma de entrega é muito demorada. || Comprei 2 produtos entregaram apenas 1 || Comprei 2 produtos entregaram apenas 1 || Produto bom e barato, não fiquem esperando milagre do produto de menos de 20 reais.

Porém muito bom mesmo !! || Bom || Site maravilhoso, recomendo tratamento digno de VIP. Parabéns. || Ótimo produto, recebi cfe o anunciado, recomendo. || Satisfeita  || Eu comprei duas e so foi entregue uma.
Ainda estou aguardando a solução do problema pq eu paguei por duas e so recebi uma. || Eu comprei duas e so foi entregue uma.
Ainda estou aguardando a solução do problema pq eu paguei por duas e so recebi uma.","so, duas, eu paguei, entregaram apenas, comprei produtos, paguei por, muito obrigada, ainda estou",True,True,True,neutral,0.39881375432014465,"['Tudo ok.', 'Otimo', 'Empresa e produto de alta qualidade, super recomendo.']",['Muito OBRIGADA!'],"['O produto chegou antes do prazo, vale muito']","O tecido não é algodão, mas pelo preço vale super a pena."
017692475c1c954ff597feda05131d73,"Entrega rápida e produto conforme anunciado. || Recebi um produto diferente do qual eu pedi || Nao recebi o produto que pedi, o que veio foi um pouco de creme em um pote de plastico || Bom.achei o produtomais claro que patece no encarte mas a qualidade do produto e como na propaganda || Bao tarde ,o produto não tampa a tatuagem como e dito,fora que o fret foi mas caro que o produto comprado,e a embalagem nao e igual que e mostrada na propaganda,veio em um potinho pequeno demais. || Produto chegou bem antes do prazo , gostei muito da empresa . || Ainda não recebi a base Dermacol 223 || Consta no site que o meu pedido já foi entregue porém não recebi favor verificar os dados da pessoa que recebeu e me retornar com urgência pois vou atrás do meu direito como consumidor.aguardo retorno || Gostei muito da loja lannister
Obrigada || Gostei muito da loja lannister
Obrigada || Não recebi ainda estou aguardando! || Gostei do produto chegou antes do prazo, mas fiquei triste pq eu tinha feito um pedido antes e foi cancelado recebo um email que tinha sido cancelado por divergências cadastrais super triste..  || Eu comprei três bases e só foi entregue duas! Estou aguardando pra ver se vão entregar a outra. As bases 221 e 222 entregaram a base 223 n chegou junto.  || Fiz a compra de 02 bases e até o momento recebi somente 01. Acredito que se os produtos vem do mesmo local e a compra foi feita junta, a entrega também será realizada junta. Estou aguardando o contato","muito da, que, loja lannister, base, estou aguardando, propaganda, em um, aguardando",True,True,True,neutral,0.44976454973220825,[],[],[],5 out of 5 stars
027cdd14a677a5834bc67a9789db5021,"Não dei nota 5 pq não veio na mesma embalagem. Veio embalagem branca proibido pra venda, mas por outro lado o preço estava bom || A embalagem do perfume não estava lacrada, ou seja, a caixa não estava revestida com o plástico que deveria envolvê-la, além disso, o nível do perfume no frasco estava visivelmente abaixo do normal.  || comprei dois perfumes sendo que só veio um na caixa e pra ajudar o perfume e falsificado e marcado na caixa venda proibida que e só pra teste || comprei dois perfumes sendo que só veio um na caixa e pra ajudar o perfume e falsificado e marcado na caixa venda proibida que e só pra teste || Perfume original, boa fixação, porém a embalagem externa (caixa) é branca e tem apenas o nome do perfume e a escrita ""Tester"" ou seja é para mostruário de lojas, desagradável para presentear... || O perfume veio bem acondicionado em papel bolha, sem a menor chance de ser danificado. Excelente serviço prestado. Recomendo! || satisfeita com produto eu já conhecia quando vi baratheon por esse valor corri comprar ,recomendo a todas mulheres , o perfume é suave, bom é bem de meu gosto, permanece no corpo por bom tempo, espet  || Muito presente e correto vocês na vida do consumidor! Aguardando somente o kit colcha vermelha || Comprei dois perfumes, o Tommy Hilfiger recebi caixa lacrada parece ok, mas o perfume da Gabriela Sabatini a caixa está sem lacre e tem etiqueta auto adesiva fundo do frasco lado externo. Será falso?? || Eu recome6 este site || continuem assim || Sempre comprei e fui muito bem atendido. || Sempre compro este perfume nesta loja, porém desta vez vez falsificado e já solicitei troca do mesmo, aguardo resposta. || NAO RECOMENDARIA A COMPRA NESSA LOJA DESSE PRODUTO, PORQUE COMPREI PARA DAR DE PRESENTE PRA MINHA MAEDE ANIVERSARIO MAIS CHEGOU UM MES DEPOIS. || Só tive problemas Com relação a entrega, mas agora recebi ; super satisfeita  || não gostei da embalagem. Achei que fosse a mesma do site! || A embalagem bem diferente do anunciado,sou acostumada a comprar esse produto nunca tinha recebido com essa embalagem. || A embalagem bem diferente do anunciado,sou acostumada a comprar esse produto nunca tinha recebido com essa embalagem. || Muito bom comprar com vcs || O produto chegou corretamente e no prazo determinado! ","perfume, embalagem, caixa, na caixa, pra, falsificado, venda, estava",True,True,True,neutral,0.4807199239730835,['...'],['...'],['...'],...
036734b5a58d5d4f46b0616ddc047ced,"Mais agilidade na entrega  || Passou do prazo de e trega || Produto conforme anúncio. || Recomendo .. entrega rápida || Capinha e muito boa, mas a película e horrível.  || A capinha é mais fina do que eu esperava. Mas no geral fica bonito no aparelho e ainda protege razoavelmente. || Pedi o cancelamento do produto logo após a compra e mesmo assim ele foi enviado e nem chegou para mim. Não quero o produto. || Era de 12 dias e recebi quase um mês, não culpo a loja em si. Agora as lannister tem que ir em cima dos correios pois a capa chegou 1° que o celular. Obrigado a targaryen foi bom. || bom || Boa qualidade, chegou mais de uma semana antes do prazo, até agora não deu qualquer problema. || Meu pedido veio errado, ao invés da capa mais película para o modelo Xiaomi Redmi 4x, vieram esses itens para o modelo Note 4.  || Película de silicone foi aplicada corretamente, porém ela não se adequa ao readmi 4x as bordas não colaram e logo no primeiro dia quando coloquei o aparelho no bolso se soltou.... Dinheiro jogado fora || A capa é ótima, mas a película não cobre toda a tela. || Bem embalado, e entregue no prazo || Não recebi meu produto, não me dizem o q aconteceu, so tenho e-mail dos correios dizendo q meu produto não chegou em Fortaleza, ja tenho 2 protocolos abertos e não tenho respostas. || A película não é de gel. É de plástico e a capa é de plástico de um material péssimo.

Tive que jogar no lixo.
 ||  Parabéns a lannister.com e toda à sua equipe !
 Os produtos chegam sempre antes do prazo, e sempre correto !
 Estou satisfeito !
 Parabéns, a todos !
 Obrigado, lannister.com || Apenas uma coisa: Durante o transporte, não recebi o código de rastreio, então não sabia onde o produto estava. Fora isso, tudo perfeito! ","película, capa, não, tenho, de, capinha, logo, plástico",True,True,False,neutral,0.46481287479400635,['...'],['...'],['...'],...
044f05bc9de36e8a693a83e4bc79dd0d,"Satisfeito  || O produto foi para o lixo, não houve possibilidade de instalar.  || produto de má qualidade || Já compro há algum tempo e sempre chega tudo antes do prazo. || Produto veio com bolhas e uns cabelos ou pelos pretos, enfim quero devolver e preciso do código para postagem. || Produto entregue antes do prazo.
Eu recomendo. || Não tenho certeza, pois ainda não recebi o produto. || Produto excelente com entrega rápida, chegou primeiro que o próprio celular. || Achei q fosse mais resistente  || òtimo || Produto entregue antes do prazo previsto","produto, entregue antes, instalar, preciso do, postagem, má qualidade, pois ainda, produto entregue",True,True,False,negative,0.5689754486083984,"['pain_points', 'suggested_improvements', 'summary']",[],['Produto de má qualidade'],"Satisfeito  || O produto foi para o lixo, não houve possibilidade de instalar.  || produto de má qualidade || Já compro há algum tempo e sempre chega tudo antes"
054515fd15bc1a2029f10de97ffa9120,"recomendo || O produto chegou antes do prazo. ||  Produto com qualidade e com toda informação no rótulo. || Não recebi o produto e nem reembolso || Ainda não posso posso opinar pois, começei a tomar esta semana..e fiquei triste porque os frascos chegaram amassados..obrigada  || Acho que deveria vir com manual de instruções de uso.. || Agradeço por entregarem antes do prazo... || bom produto || muito bom || muito bom || Eu sou cliente das lannister, e sempre fui bem atendido, o produto sempre chega em perfeitas condições, e antes do prazo, recomendo. || cliente satisfeito . || cliente satisfeito . || Ainda não fiz uso do produto.
Mas recebi dentro do prazo.
 || recebi a encomenda muito bem embalada e em perfeitas condições || recebi a encomenda muito bem embalada e em perfeitas condições || recebi a encomenda muito bem embalada e em perfeitas condições || Sem problemas || muito prático e pontual. || Foi muito rápido a entrega do produto, chegou antes do prometido.","embalada, bem embalada, em perfeitas, perfeitas condições, perfeitas, condições, encomenda, cliente",True,True,False,neutral,0.45834267139434814,"['recomendo', 'O produto chegou antes do prazo.', 'Produto com qualidade e com toda informação no rótulo.']","['Não recebi o produto e nem reembolso', 'Ainda não posso opinar pois, começei a tomar esta semana..e fiquei triste porque os frascos chegaram amassados..obrigada']",['Agradeço por entregarem antes do prazo...'],Bom produto
05a9dadb8402b6b7ae3dd28f7da187b5,"O prazo para meu produto chegar era até o dia 10/04/2018 e até agora não recebi. || Ótimo produto, preço bom e entrega no prazo. Tudo certo! || tudo ok || muito satisfeito especificamente com essa compra, entrega feita rapidamente. || Muito bom || Os cartuchos estavam vazios || Os cartuchos da impressora vieram com defeito. O preto não funciona e o colorido não funciona a cor vermelha.
Lamentável!!! || Tudo,ok eu recomend || Muito bom  || A impressora não veio com suas proteções completas. Faltava aquela espuma sólida para manter a impressora firme dentro da embalagem. E o cartucho preto estava seco. tive que comprar outro. || O cd de instalação está quebrado, a caixa da impressora está cheia de fita adesiva para remendos, o produto parece que estava em exposição.... || Comprei uma impressora HP deskjet 1015, valor de 179,00 e recebi uma impressora 1115 de menor valor. O agravante é que na nota fiscal, descreve-se a impressora correta, mas o produto ´recebido é outro","impressora, os cartuchos, cartuchos, preto, não funciona, funciona, tudo ok, valor",True,True,True,negative,0.4334927201271057,['O prazo para meu produto chegar era até o dia 10/04/2018 e até agora não recebi.'],"['Ótimo produto, preço bom e entrega no prazo.']",['Tudo certo!'],"O prazo para meu produto chegar era até o dia 10/04/2018 e até agora não recebi. Ótimo produto, preço bom e entrega no prazo. Tudo certo!"
060c17562f97e5bb60bc0dfa4dd5b3f2,"Entrega super rápida.. de 1 dia para o outro e a qualidade do produto simplismente fantástica !!! || Boa tarde!

Recebi um produto, porém, não é a compra que realizei, meu pedido foi de uma capa/bolsinha com zíper e recebi uma capinha fina, muito feia!

Preciso que nos envie a mercadoria correta || tudo certo || tudo certo || Produto entregue no prazo, muito bom. || Produto entregue no prazo, muito bom. || Recomendo , o produto chegou antes da data prevista para a entrega. Parabéns. || Recomendo , o produto chegou antes da data prevista para a entrega. Parabéns. || O produto foi entregue muito antes do prazo, em perfeitas condições || Dia 06/06/2018 efetuei a compra de 2 capas cases e 1 HD externo.
Dia 12/06/2018 recebi apenas 1 capa case e na NF que acompanhou a capa case consta a informação que foi enviado somente 1 produto.
 || Dia 06/06/2018 efetuei a compra de 2 capas cases e 1 HD externo.
Dia 12/06/2018 recebi apenas 1 capa case e na NF que acompanhou a capa case consta a informação que foi enviado somente 1 produto.
 || Compra chegou rápida e conforme o combinado. || Compromisso com o cliente e qualidade no produto resumem essa compra.  || Produto muito bom, em conformidade com minha expectativa.","06, case, capa, 2018, produto, dia, efetuei compra, capas",True,True,False,neutral,0.4766899049282074,['...'],['...'],['...'],...
06c6e01186af8b98ee1fc9e01f9471e9,"recebi 2 dos 3 produtos desejados  || rapido e pratico da compra  || rapido e pratico da compra  || excelente || Este é apenas uma parte do pedido.
Falta enviar o HD || Muito satisfeito || Gostei muito do Produto || Entrega realizada antes do prazo estabelecido. || Produtos entregues em tempo hábil e conforme o anunciado.
Obrigada || Produtos entregues em tempo hábil e conforme o anunciado.
Obrigada || Gostei do design do produto, é bonito. Porém muito estreito o case, um dos meus hds externos não coube na largura. O case poderia ser mais largo, 1cm q fosse, para servir no geral os hds externos. || Por ter ocorrido tudo perfeitamente bem no processo de compra, recomendo essa loja.  || Produto um pouço maior do que na imagem, mas ficou legal. || O produto foi entregue no prazo previsto e nas condições contratadas.  || Nessa compra não etendi!! eu tentei realizar compra do HD juntamente com a capa o cartão aprovou a compra somente da CAPA. O site pd ter me ligado para cancelar a compra do produto menor || Entregue no prazo. || Produto entregue corretamente. 
Dentro da expectativa e funcionado corretamente. 
Recomendo a compra.  || Seria melhor se o prazo não fosse tão longo. Mas chegou antes da data prevista! || Produto entregue dentro do prazo. || Produto entregue antes do prazo","compra, do, case, compra do, em tempo, conforme anunciado, produto, entregues",True,True,False,neutral,0.4259437620639801,"['2 products desired', 'rapid and practical purchase', 'excelent', 'this is only a part of the purchase']","['missing HD', 'limited case width', 'smaller than expected', 'not delivered in time', 'not approved by the supplier']",['larger case width'],"great product, recommended store"
06edb72f1e0c64b14c5b79353f7abea3,"Não recebi o produto completo, comprei quantidade 02 e recebi somente 01. e consta na nota da entrega tem quantidade 02 e com volume 01.
Quero receber a outra sem custo nenhum. Pois o erro não foi me || Não recebi o produto completo, comprei quantidade 02 e recebi somente 01. e consta na nota da entrega tem quantidade 02 e com volume 01.
Quero receber a outra sem custo nenhum. Pois o erro não foi me || A || Tudo ótimo 
Produto ótimo 
Entrega antes do prazo. || O prazo de entrega acaba dia 3/1/18. Eu não comprarei no baratheon quando o prazo de entrega for muito grande. || Gostei muito, tive informações sobre o processo de andamento da compra até chegar em minhas mãos. Muito obrigado! || sempre compro nesse site nunca tive problemas || Muito Bom! Gostei Bastante! Tecido Ótimo! Atendeu Minhas Espectativas! 👏👏👏 Super Recomendo! 👍 || Na foto é lindo, mas pessoalmente não é nada igual! || Bom dia, meu nome é Ana Paula Amancio, e ainda não recebi meu produto,. Peço que me dê uma posição , pois já faz muito tempo que comprei. Sei que devido a greve dos caminhoneiros tudo estava parado. || otimo produto amei || Chegou no prazo,,, porem com um pequeno defeito no tecido || otimo || o pedido foi feito na cor pérola e veio branca || Muito bom os produtos e foi entregs bem antes do prazo  || O produto é bom. O detalhe vazado nas bordas é frágil, mas tendo cuidado, dá pra usar. || Como no anunciado. Belíssima. || Muito satisfeita!!
 || Gostei vem simples ....mas achei MT bonita e bem acabada. || Tudo bom","quantidade, 01, 02, completo, somente 01, erro, na nota, recebi somente",True,True,True,neutral,0.5002555847167969,['...'],['...'],['...'],...
06f0e85c7892d5df893f332706340af1,"Não posso! Estou aguardando a chegada do produto que comprei!Logo que isso aconteça, terei minha opinião formada! || Otimo material bem resistente espaçosa 👏👏👏 gostei! || ÓTIMO! || dos 2 produtos só recebi 1 || Fui atendido de maneira cortês e regular. Produto chegou conforme especificado. || Meu filho adorou, é exatamente como anunciado. || Ainda posso dar minha opinião pois ainda não chegou o meu pedido  || As Lojas lannister sempre surpreendem, vendas perfeitas e entregas efetuadas antes do prazo previsto. || mt mboo || O produto demorou muito a chegar quase um mês.Por mim já ter comprado em outros site com entrega rápidas, antes até do previsto essa infelizmente me deixou insatisfeita. || Fiquei feliz com a compra, o produto veio exatamente como foi pedido, chegou bem antes do limite do prazo e emperfeitas condições a loja atende muito bem. Eu recomendo!  || Produto Excelente! E ainda mandaram brinde dentro da caixa.. Amamos.","minha opinião, opinião, exatamente como, posso, exatamente, como foi, do, produto",True,True,False,neutral,0.44019871950149536,"['Não posso! Estou aguardando a chegada do produto que comprei!', 'Otimo material bem resistente espaçosa 👏👏👏 gostei!']","['ÓTIMO!', 'dos 2 produtos só recebi 1']","['Meu filho adorou, é exatamente como anunciado.', 'Ainda posso dar minha opinião pois ainda não chegou o meu pedido']","Meu filho adorou, é exatamente como anunciado. Ainda posso dar minha opinião pois ainda não chegou o meu pedido."
07c055536ebf10dfbb6c6db6dbfc36e5,"Fiz a compra e não entregou em minha casa. Fiz o cancelamento e ainda recebo estes e-mail enchendo o saco. || Essa loja é maravilhoso, amo comprar nela, entrega antes do prazo. Lojas lannister esta de Parabéns!  || Parece plástico de encapar caderno, muito fino, não parece em nada com o descrito e não é blackout. O desenho parece que foi impresso errado e com resto de tinta, é todo falhado. PÉSSIMO NAO RECOMENDO || Muito bom quanto a entrega , ótimo produto  || Produto totalmente diferente do da foto não gostei pois falava que era corta luz plástico super fino || Chegou antes do prazo. || Linda a cortina!!! Entrega perfeita, parabéns Shooptaime!!! || o frete e muito alto || Top || Não prestei atenção no anuncio, não gostei do material, sinceramente não compraria novamente. || Ok || Ok || Mais lenta na entrega que as outras...mas recebi certo. || só a estampa que não é tao viva as cores como a da imagem , mas o produto é bom  || Recomendo || Produto chegou muito rápido.adorei || muito bom
","parece, fino, não, plástico, não gostei, muito, ok ok, fiz",True,True,False,neutral,0.4165705740451813,['Fiz a compra e não entregou em minha casa. Fiz o cancelamento e ainda recebo estes e-mail enchendo o saco.'],['Fiz o cancelamento e ainda recebo estes e-mail enchendo o saco.'],"['Essa loja é maravilhoso, amo comprar nela, entrega antes do prazo.']",nan
08574b074924071f4e201e151b152b4e,"Lavabo bem bonito e igual a descrição, veio com uma mancha bem pequena, mas nada que seja um problema, recomendo. || entregue antes do prazo e em perfeto estado. || Ótimo  || pedi o cancelamento da compra devido ao prazo de entrega, assim que foi feita. recebi o produto e está aqui ´rpno para devolvr. Como devolver? || Chegou antes do combinado bem embalada em perfeitas condições já conheço a Américas confio de mas . E super recomendo o site da Cuba. Amei  || ótimo produto e chegou em perfeitas condições. nota 10. || muito sastifeita || Produto muito bom, entregue antes do prazo. || não recomendo porque até o momento não recebi meu produto,nem tive nenhuma informação da empresa responsavél || Produto entregue antes do prazo e muito boa a qualidade, eu recomendo || Produto entregue antes do prazo e muito boa a qualidade, eu recomendo || Preciso fazer o cancelamento dessa compra pois até agora nada foi entregue  || foi entregue no prazo correto site seguro, porem veio quebrado. espero que a loja troque ou devolva o dinheiro estou esperando uma devolutiva.  || FICAMOS ESPERANDO UMA ENCOMENDA PAGA QUE NUNCA CHEGOU E AINDA NÃO FOI EXTORNADO O VALOR DA COMPRA || Chegou em 5 dias... super rápido!  || Tudo correto! Obrigada || Produto lindo, chegou muito antes do previsto...SATISFEITA com a compra e com a loja || Ótima compra.. Qualidade excelente e o valor melhor ainda .. Recomendo  || Otimo muito bom || Olá bom dia já mandei dois imais para informar q ao abrir a caixa vi q meu produto estava quebrado e nem o retirei da caixa nem da embalagem pq gostaria de uma solução","entregue antes, da, nem, compra, entregue, quebrado, produto, recomendo",True,True,True,neutral,0.4781646430492401,['...'],['...'],['...'],...
086351823300e0339f6955b27998c186,"Recebi super rápido. || Recebi super rápido. || o travesseiro é ótimo, super confortável, e tem altura ideal.  || Eu quero saber onde está meu produto que Ainda não recebi !!!! Esta demorando horrores !!  || A entrega foi super rápida e o produto chegou muito bem embalado. || A entrega foi super rápida e o produto chegou muito bem embalado. || Comprei dois produtos e só entregou um. || Comprei dois travesseiros e só recebi um. Não consigo falar no canal de atendimento. || Comprei dois travesseiros e só recebi um. Não consigo falar no canal de atendimento. || Já uso está marca de travesseiro há uns 20 anos, adoro. Altura ideal, macio e confortável 
 || 8 || Recebi os produtos no primeiro dia útil após a compra, foi muito rápido e deu tudo certo. Recomendo","travesseiro, travesseiros, comprei dois, ideal, super, foi super, falar, super rápido",True,False,False,positive,0.40674760937690735,,,,
08a58dc963320d6073623382b9ceb920,"Ótimo produto e com entrega rápida. A loja está de parabéns.  || Produto chegou dentro do prazo e correspondeu totalmente a descrição do produto anunciado, funcionou conforme prometido. || Produto chegou rápido e de acordo com a descrição. Já testei e funciona.  || Optimo atendimento recomendo o produto já instale e está funcionando muito bem produto cumple com as espectativas  || tudo 100% || tudo 100% || não do 5 estrela pois atrasou pedido || Só problema é que não avisa que é preciso ter um cartucho  || O fornecedor é confiavel e recebi meu produto conforme prometido, sòmente o período de espera para o recebimento foi longo, mas não comprometeu a confiança do cliente. || recebi dentro do prazo e sem defeitos || Produto muito bom! Recomendo.  || Produto veio mal lacrado, derrubou tinta em tudo || Instalei primeiro o cartucho preto e ao que parece as tintas são de qualidade duvidosa, impressão saindo com falhas, os tubos são diferentes do anúncio, pelo preço pago mais o frete ficou caro. || Super recomendo. || Apesar do produto estar ok, a caixa estava amaçado e houve um pouco de vazamento de tinta.
Acho que faltou uma etiqueta de frágil.
De resto tudo ok.","produto, tinta, de, cartucho, 100, prometido, do, descrição",True,True,True,neutral,0.4376218914985657,['Ótimo produto e com entrega rápida. A loja está de parabéns.'],"['Produto chegou dentro do prazo e correspondeu totalmente a descrição do produto anunciado, funcionou conforme prometido.']",['Produto chegou rápido e de acordo com a descrição. Já testei e funciona.'],Ótimo atendimento recomendo o produto já instale e está funcionando muito bem produto cumple com as espectativas.
09b0d15a8cc9a84e7af7e0225f67dc45,"Vc paga um frete caro e não entregam na sua casa. || Tudo entregue corretamente! || Tudo entregue corretamente! || Tudo entregue corretamente! || Só veio um dos pendentes , preciso dos outros, conforme a nota  || Meus Produtos chegaram, certo e veio ate antes do Prazo || Meus Produtos chegaram, certo e veio ate antes do Prazo || adorei, recomendo o produto || Pedido atendido corretamente.grata. || Pedido atendido corretamente.grata. || Pedido atendido corretamente.grata. || Prazo de entrega para o dia 22/08, porém ate o momento não me entregaram o produto || Prazo de entrega para o dia 22/08, porém ate o momento não me entregaram o produto","corretamente, grata, entregue corretamente, ate, atendido, dia 22, ate momento, para dia",True,False,True,neutral,0.44802549481391907,['Vc paga um frete caro e não entregam na sua casa.'],['Tudo entregue corretamente!'],['Tudo entregue corretamente!'],"Vc paga um frete caro e não entregam na sua casa. Tudo entregue corretamente! Tudo entregue corretamente! Tudo entregue corretamente! Só veio um dos pendentes ,"
0a4093a4af429dc0a9334300e5c13ae5,"Fiz a compra de 2 conjuntos, e apesar de constar na nota fiscal os 2, somente 1 conjunto foi enviado no pacote. Quero meu outro conjunto.  || Entrega rápida, produto igual ao anunciado. || Nao recebi o produto || Recebi parte dos ítens comprados, apenas 3 unidades do kit na cor pérola faltaram as 2 unidades do kit na cor preta.
 || Recebi parte dos ítens comprados, apenas 3 unidades do kit na cor pérola faltaram as 2 unidades do kit na cor preta.
 || Recebi parte dos ítens comprados, apenas 3 unidades do kit na cor pérola faltaram as 2 unidades do kit na cor preta.
 || A lannister está de parabéns. O produto chegou muito antes do prazo estipulado e o produto em perfeitas condições. Obrigada. || Recebi conforme o pedido! Tudo perfeito! || Comprei dois produtos iguais e acabei recebendo só um. O que devo fazer ? || Entrega rápida e produto como esperado. || produto maravilhoso, conforme demonstrado no site, chegou até antes do prazo final.","kit na, unidades do, do kit, na cor, kit, unidades, cor, cor preta",True,False,False,neutral,0.536381721496582,"['Fiz a compra de 2 conjuntos, e apesar de constar na nota fiscal os 2, somente 1 conjunto foi enviado no pacote. Quero meu outro conjunto.']",['Somente 1 conjunto foi enviado no pacote. Quero meu outro conjunto.'],['Nao recebi o produto'],"Fiz a compra de 2 conjuntos, e apesar de constar na nota fiscal os 2, somente 1 conjunto foi enviado no pacote. Quero meu outro conjunto."
0a57f7d2c983bcf8188589a5fea4a8da,"Nem fizeram a nota fiscal  || comprei um relogio de presente de natal para meu filho e ate agora nao chegou. enviei mensagens e na ultima conversa o relogio chegaria ontem, porem nao recebi nada. || Produto perfeito, e entregue no prazo determinado. EXCELENTE!!!! || Gostei do relógio e parece original, porém nao veio e a embalagem nao é a tradicional da casio e também nao veio certificado de garantia.
Vou entrar em contato com o vendedor e a lannister reclamand || Gostei muito! Ótimo produto, perfeito estado e chegou antes do prazo! Adorei e indico || Quase nos dias de chegar o produto, avisar que não tinha no estoque. Se avisasse antes, teria olhado em outra loja. || Loja sem credibilidade.  || Ainda estou aguardando a entrega do produto que solicitei, sendo que já excedeu o prazo previsto para entrega. Estou muito insatisfeito. || Produto recebido conforme o combinado, tudo certo! || O parceiro lannister (targaryen) cancelou a compra e até a presente data a lannister não me informou como devo proceder para a restituição do valor pago. || Atendimento horrível, fiquei esperando o produto por mais de um mês, não recomendo pra ninguém  || Provavelmente que tenha sido falha dos correios, mas paguei pelo produto e não recebi.  || JÁ DESCREVI VARIAS VEZES, ICLUSIVE O PEDIDO E DE 05-01-2018 E JÁ FORAM DESCONTADAS DUAS PARCEJAS DO TOTAL DE QUATRO,. AGORA DEVOLVAM E CANCELEM O PEDIDO DEFINITIVAMENTE. || Olá, meu relógio ainda não foi entregue, por isso estou aqui, com certeza ocorreu algum problema e gostaria de saber quando vou recebê-lo.  || Tudo em.ordem.e rápido a entrega.chegou bem.valeu.obrigado || produto entregue bem antes do prazo, muito bom || O maior problema foi ter de buscar o produto nos correios, que não era o da minha cidade. Absurdo ter de pagar um frete que não é barato e não receber o produto em casa. || Entrega no prazo muito bom || Esperava um relógio maior, mas tudo bem. || Produto entregue no praso estou satifeito muuto bom","produto, de, nao, relógio, nao veio, que não, produto perfeito, não",True,True,True,neutral,0.44267022609710693,['...'],['...'],['...'],...
0a9bdadab17a9b0f258f64d11a0adf7b,"Chegou tudo certo,dentro do prazo. || Eu pedi 6 unidades me entregaram 1.  || Eu pedi 6 unidades me entregaram 1.  || Eu pedi 6 unidades me entregaram 1.  || Eu pedi 6 unidades me entregaram 1.  || Eu pedi 6 unidades me entregaram 1.  || Eu pedi 6 unidades me entregaram 1.  || A cadeira é bem simples, é nova então não deu problema ainda, mas é bem barata e por essa faixa de preço não se poderia esperar nada melhor mesmo! || O produto veio incompleto, sem condições de montagem e uso  || Só recebemos quatro cadeiras, FALTA UMA CADEIRA A SER ENTREGUE CONFORME O PEDIDO. || Só recebemos quatro cadeiras, FALTA UMA CADEIRA A SER ENTREGUE CONFORME O PEDIDO. || Só recebemos quatro cadeiras, FALTA UMA CADEIRA A SER ENTREGUE CONFORME O PEDIDO. || Só recebemos quatro cadeiras, FALTA UMA CADEIRA A SER ENTREGUE CONFORME O PEDIDO. || Só recebemos quatro cadeiras, FALTA UMA CADEIRA A SER ENTREGUE CONFORME O PEDIDO.","eu pedi, cadeira, uma cadeira, recebemos, cadeiras, conforme pedido, me entregaram, quatro",True,False,True,neutral,0.5033175945281982,"['Chegou tudo certo,dentro do prazo.']",['Eu pedi 6 unidades me entregaram 1.'],['Eu pedi 6 unidades me entregaram 1.'],"A cadeira é bem simples, é nova então não deu problema ainda, mas é bem barata e por essa faixa de preço não se poderia esperar nada melhor mesmo!"
0aabfb375647d9738ad0f7b4ea3653b1,"O produto foi entregue bem antes do prazo.adorei || Ainda não recebi o produto  || Produto chegou no prazo da entrega sem nenhum detalhe. || Otimos produtos otima entrega só elogios  || Muito bonita, bom acabamento, chegou bem antes do previsto. || Recomendo  || Muito bom obrigado  || Produto entregue no prazo e conforme descrição. || produto chegou bem antes do prazo estimado, recomendo || produto chegou bem antes do prazo estimado, recomendo || Ótimo !!! || Produto excelente para conservação do console, contra poeira e tempo 👍🏽 || Não recomendo, até o momento não recebi o produto. || Nao gostei. Por motivo da demora na entrega e tive que busca no correio || Entrega rápida dentro do prazo  || Bom dia. Comprei cinco itens e recebi três, Xbox Entregue, dois jogos Entregue, um carregador Entregue. Falta um controle do xbox e uma capa. Estou esperando PACIENTEMENTE. || Atende as espectativas || Produto entregue antes do previsto  || Só de chegar exatamente no prazo já ganhou meu conceito parabéns  || Muito bom, a capa cabe perfeitamente e o material é de boa qualidade, recomendo ","bem antes, produto, prazo estimado, estimado, chegou bem, entregue, do, prazo",True,True,False,neutral,0.47765958309173584,[],[],[],5 out of 5 stars
0b0172eb0fd18479d29c3bc122c058c2,"O controle remoto e uma replica que se compra em qualquer esquina nao traz o nem o nome da marca cce me sinto enganado! || Recomendo sim a loja. || Loja rápida na entrega. Só houve um incidente pelo fato de não vim o produto escolhido e sim um similar. || Loja rápida na entrega. Só houve um incidente pelo fato de não vim o produto escolhido e sim um similar. || Loja rápida na entrega. Só houve um incidente pelo fato de não vim o produto escolhido e sim um similar. || Recebi o meu produto correto e no prazo adorei  || Muito bom. || Muito bom. || Funcionou muito bem em minha TV, entrega antes do prazo! || Recomendaria para todo mundo é muito bom o produto chega em dia tudo direitinho || O produto estava quebrado.","fato, entrega só, sim, de não, houve, na entrega, um, loja",True,True,False,neutral,0.4499751627445221,"['O controle remoto e uma replica que se compra em qualquer esquina nao traz o nem o nome da marca cce me sinto enganado!', 'Recomendo sim a loja.']",['Só houve um incidente pelo fato de não vim o produto escolhido e sim um similar.'],['O produto estava quebrado.'],Loja rápida na entrega. Só houve um incidente pelo fato de não vim o produto escolhido e sim um similar.
0bcc3eeca39e1064258aa1e932269894,"COMPREI DOIS PENDENTES SÓ CHEGOU UM. PRECISO SABER O QUE FOI QUE HOUVE? || COMPREI DOIS PENDENTES SÓ CHEGOU UM. PRECISO SABER O QUE FOI QUE HOUVE? || Ótimo já tô usando. || Meu esposo recebeu, estou no interior e quando a mercadoria chegar vou conferir. Eu comprei e ele não pode confirmar o pedido até que eu veja. Kelly || Posso dizer que é a segunda vez que compro pelo stark primeira vez entregaram antes do prazo e tudo certo agora comprei duas luminárias entregaram uma só. || Posso dizer que é a segunda vez que compro pelo stark primeira vez entregaram antes do prazo e tudo certo agora comprei duas luminárias entregaram uma só. || RECOMENDO PRODUTO MUITO BOM  || Bom produto. Entregue antes do prazo. Parabéns  || HOJE, dia 02/08/2017- quarta feira, Informo que ainda NÃO recebi 02 Lustres Pendente Meia Lua Meia Bola Esfera Alumínio 34cm escovado, O Correios só entregou até agora 4 dos 6 Lustres que comprei.... || HOJE, dia 02/08/2017- quarta feira, Informo que ainda NÃO recebi 02 Lustres Pendente Meia Lua Meia Bola Esfera Alumínio 34cm escovado, O Correios só entregou até agora 4 dos 6 Lustres que comprei.... || Recebi o produto em duas etapas, em dias diferenciados, como não tinha sido avisada sobre esta possibilidade, levei um susto, mas ocorreu tudo bem, os produtos chegaram intactos e muito bem embalados. || Recebi o produto em duas etapas, em dias diferenciados, como não tinha sido avisada sobre esta possibilidade, levei um susto, mas ocorreu tudo bem, os produtos chegaram intactos e muito bem embalados. || Não dei mais estrelas pois ainda não instalei para ver se esta tudo certo, mais é igual descrito. || Bom || Só Chegou um produto || adorei || tudo certo lindo. || Comprei 5 itens, me chega 1 item que nem rastreio tem no site lannister e o vendedor vêm me perguntar se recebi o lote os 5 itens...fico preocupado com minha compra ao me colocarem nessa posição... || Pois essa compra chegou no tempo certo. Mas existe uma bem mais velha que ainda não chegou. Por isso ainda não posso avaliar muito bem.  || chegou bem antes do prazo estipulado!","meia, lustres, que, que ainda, chegou um, 02, só chegou, vez",True,True,False,neutral,0.48270851373672485,,,,
0cf41187284d7f099adc8415a743ebbd,"Este foi o pedido
Balde Com 128 Peças - Blocos De Montar 2 un - R$ 25,00 cada (NÃO FOI ENTREGUE)
Vendido e entregue targaryen
Tapete de Eva Nº Letras 36 Peças Crianças 1 un - R$ 35,90 (ESTE FOI ENTREG || O tamanho é pequeno e percebi depois que no anúncio não dá destaque as dimensões do produto. Deixa a desejar  || não recebi o produto consta que o mesmo voltou para o remetente. como faço para que possa reviar-lo? || O produto foi entregue errado. Não recebi o produto que comprei. || falta uma cortina e um tapete || Produto de baixa qualidade, tamanho ridiculamente pequeno.
Me arrependi da compra  || Pena que não vi as medidas do produto. 
Não atendeu as expectativas. Produto muito pequeno. || Boa tarde

Recebi o tapete de eva e não recebi o boneco authentic games.

Como faço?? || Mais uma compra realizada e deu tudo certo, continuo a recomendar a loja com 100% de aceitação....Parabéns ""lannister"". || produto bom || Cumpre com tudo que foi descrito no anúncio.. || NÃO || Meu produto nao foi entrrgue || Não estou entendendo o motivo que não foi entregue.. não estou satisfeita!! Espero que  || bom || Produto totalmente diferente e ainda veio com defeitos gostaria de ter o meu dinheiro de volta || Produto não foi entregue até o momento e ninguém entrou em contato.  || Comprei pensando q o material fosse mais resistente mas não.  || Ainda não recebi o meu pedido, estava programado para o dia 13/12 e até agora nada, hoje já é dia 17/12  || O produto é desproporcional e de péssima qualidade. Não acredito que uma instituição com um nome desses se queime por tão pouco. Só não entro com pedido de devolução pra evitar desgastes.","não, tapete, produto, pequeno, foi, que, de, não estou",False,True,False,neutral,0.44051170349121094,,,,
0d85c435fd60b277ffb9e9b0f88f927a,"recebi o produto dentro do prazo informado, ainda não utilizei. || Ao instalar o cartucho a impressora apresentou a seguinte mensagem: ""Não há mais tinta original no cartucho.""
Ficou a dúvida se o cartucho é original. || Ao instalar o cartucho a impressora apresentou a seguinte mensagem: ""Não há mais tinta original no cartucho.""
Ficou a dúvida se o cartucho é original. || Não é possível tanta falta de atenção uma demora tremenda para receber o produto pra quando chegar vim errado e agora o q faço ??? || Recebi um e-mail da lannister.com perguntando se o produto tinha sido entregue, mas, até o momento não foi. || SOLICITO ENTREGA DO PRODUTO NAO VOLTARIA A FAZER NEGOCIO COM ESSA EMPRESA || Produto chegou bem embalado e muito antes da data limite de entrega. Serviço excelente. Recomendo.  || Produto chegou bem embalado e muito antes da data limite de entrega. Serviço excelente. Recomendo.  || Boa promoçao,compra feita.
Mais na hora de receber a mercadoria,so veio uma parte! Agora o que faço?
Quem vai resolver esse problema? Olha que eu confiava na targaryen. || Boa promoçao,compra feita.
Mais na hora de receber a mercadoria,so veio uma parte! Agora o que faço?
Quem vai resolver esse problema? Olha que eu confiava na targaryen. || Recomendo não comprar produtos que são entregue por outras empresas que não forem das lojas lannister. || cartucho veio queimado e não conseguem resolver meu problema  || Atrasaram do dia 28/03/2018 para entrega em 06/04/2018 || Recomendo a compra, preço acessível, produto de boa qualidade e procedência!  || Prezados, Não recebi os dois cartuchos que comprei. Só recebi um!
Solicito a regularização da entrega conforme comprado.
 || Prezados, Não recebi os dois cartuchos que comprei. Só recebi um!
Solicito a regularização da entrega conforme comprado.
 || Produto entregue corretamente || Minha única dúvida é, se eu comprei dois cartuchos pq só recebi um e-mail não os dois juntos de uma só vez? || Produto acusou que não era original, porem por enquanto esta funcionando perfeitamente. || bom","cartucho, original, dúvida, os dois, cartuchos, não, solicito, recebi um",True,True,True,neutral,0.46416062116622925,[],[],[],5 sentences
0eb8e03d4ef83152c4642b606b5bbdec,"Veio antes do prazo de entrega.  || Ainda não chegou! Estou insatisfeita. || Olha a cola que me mandaram não cola o produto odiei 
Gostaria de saber o nome da cola que usa para colar essa porcaria  || As peças vinheram desmontadas e algumas delas vinheram maiores dificultando a montagem das peças. || Veio faltando uma pecinha pequena o puxador da tampinha dos potinhos. || Excelente produto e entrega rápida! Satisfeita! || Excelente produto e entrega rápida! Satisfeita! || Excelente produto.  || Minha esposa comprou um kit de madeira para colocar no quarto do nosso bebê que irá nascer em breve, compramos e depois de uma semana conforme o combinado, chegou o nosso kit estamos muito satisfeito. || O prazo para entrega do produto não foi cumprida, e não estou tendo nenhum suporte da Loja. Não recomendo! || A lixeira serve só pra por contonete e algodão sujo muito pequeno ","excelente produto, peças, kit, produto entrega, lixeira, excelente, entrega rápida, não",True,True,False,negative,0.44896748661994934,,,,
0efc91aa52d1f0669126d3000a94279b,"Demorou para entregar || nao sei nao recebi || adorei || Estão de parabéns!! || Recomendo 









 || Otimo || Espero que a baratheon continuem sempre a oferecer os melhores produtos a preços acessíveis e entregar sempre dentro do prazo. Náo é a primeira vez que compro e amigos também dão boas referências.  || Fiz pedido de 02 jogos de toalhas e chegou apenas 01 jogo! || Ótima  || fiz UMA COMPRA E JÁ PAGUEI A 1 PARCELA E ATÉ AGORA NÃO CHEGOU O MEU PRODUTO JÁ MANDEI EMAIL JÁ LIGUEI MAS NADA ESPERO UM RETORNO URGENTE POIS DESDE DE MARÇO QUE FIZ A COMPRA ESTOU AAGUARDANDO RESPOST || Gosto muito de comprar no baratheon || Lindo! Porém as toalhas são muito finas.  || Lindo! Porém as toalhas são muito finas.  || Gostei do jogo de toalhas de banho que encomendei só que veio dois jogos dá mesma cor e eu tinha pedido um jogo de cor vinho e outro azul. || Lija otima || Gostaria de um vale troca!
Aguardando número de postagem. || Excelente || Foi entregue no prazo.","toalhas, jogo, de, jogos, jogo de, fiz, entregar, baratheon",True,True,True,neutral,0.41791287064552307,[],[],[],5 sentences
0fa81e7123fd0ebe03adbbe99d912827,"COMPREI 02 JOGOS DE LENCOIS DE CETIM E UMA COLCHA, MAS ATÉ AGORA SÓ RECEBI O JOGO DE LENCOL COR COBRE. O QUE HOUVE???? || Fia a compra de 4 jogos de lençóis de cetim, e só recebi 2 jogos!! 
Aguardo contato. Faltaram os jogos na cor vermelha e cobre!! 
Urgência pois são para presentear um amigo em data de casamento!  || Recomendo maravilhoso, me entregaram antes até do prazo amei.  || Comprei 04 jogos de lençóis de cetim. Recebi só dois. O conjunto pérola e o Preto. Onde estão os outros??????? || Até o momento eu não recebi minha entrega. || Entrega rápida, produto bonito conforme descrito no site, porém so chegou o lençol ainda não chegou a saia da cama. || Produto bom e entrega satisfatória.

 || produto mais ou menos.. qualidade razoavel. esperava melhor || obrigado || so fica dificil comprar por causa do frete que e caro. || Recomendo","jogos, cetim, cobre, de, cor, só recebi, so, até",True,True,True,neutral,0.41918978095054626,,,,
11875b30b49585209e608f40e8082e65,"Não posso comentar pois ainda não recebi nada || Não posso comentar pois ainda não recebi nada || Não gostei de não poder acompanhar a entrega do produto porque no aplicativo apenas constava produto em transporte e previsão de entrega, porém não encontrei o código de rastreamento dos correios.  || Produto entregue dentro do prazo e muito bem embalado. || Entrega com o alto padrão da lannister.com || Superou minhas expectativas. Chegou bem antes do prazo. || Ainda não usei o produto, chegou lacrado, só espero que seja original. || Produto chegou rápido. || Muito obrigada lannister  || produto não foi entregue, aguardando retorno || Excelente,chegou 16 dias antes do previsto || Excelente,chegou 16 dias antes do previsto || foi muito satisfatório , produto chegou no prazo 
 || bom recomendo 👍👍 || Site confiável, entrega foi realizada antes do prazo máximo. ||  Meu pai gostou do resultado está dormindo melhor. || Ok || Ok || Produto Chegou rápido. || Gostei do atendimento tudo ocorreu comforme o combinad","excelente chegou, recebi nada, 16, não, pois ainda, chegou rápido, não posso, do",True,True,False,neutral,0.48479607701301575,['Não posso comentar pois ainda não recebi nada'],['Não posso comentar pois ainda não recebi nada'],"['Não gostei de não poder acompanhar a entrega do produto porque no aplicativo apenas constava produto em transporte e previsão de entrega, porém não encontrei o código de rastreamento dos correios.']",Não posso comentar pois ainda não recebi nada
11fd9d7ba552e1d28872e008acf1e050,"A targaryen não é de confiança não entregou a minha compra e colocou no rastreamento do pedido que foi entregue no dia 14/12/17 empresa falsa quero receber meus produtos que foram pagos com boleto bancari || Só tive problema com correios, embora chegou no prazo, mas era pra te chegado bem antes.Falando do produto, tô muito satisfeito superou minhaa expectativa.targaryen baratheon tão de Parabéns. || Muito bom sim, mas nada mais que a obrigação fazer tudo direito pagamos pra isso mesmo se fosse de qualquer jeito não teria lógica pagar pelo serviço  || Linda, e de muita qualidade.. ficou perfeita no meu Quarto 👏🏻👏🏻?? || otimo som ,mais a luz é fraca .entregador mal educado  || Tiveram problema na entrega que me preocupou mas conseguirão isso que importa. O produto é show. || Produto ótimo, entregue varios dias antes do prazo || Recomendo || Tudo tranquilo na compra, sem nenhum impasse. || Tudo certo 
Recomendo  || não entregou o produto || Lâmpada com iluminação correspondente a mais ou menos uma lâmpada de 50W e qualidade do som razoável.Ponto muito negativo-controle remoto não funcionou,precisei por bateria nova e mesmo assim falha || Ainda não posso avaliar a loja, pois recebi meu produto com defeito e estou desde sábado tentando entrar em contato e ainda não obtive nenhuma resposta. || Adorei e a entrega foi super rápido  || Recebi o produto super direitinho e estava funcionando super bem! Porém, o led agora não funciona mais :(  || O controle remoto não funciona direito. Utiliza-se uma vez e depois não funciona mais. || Produto excelente, entregue antes do prazo, a bateria veio descarregada, mas nada que depreciasse a compra. || Na caixa é no anúncio está dando a entender que são duas caixas, se soubesse que era só uma compraria de outro modelo! || Muito bom som potente","som, não funciona, não, funciona, direito, remoto, controle remoto, bateria",True,True,False,neutral,0.4407259225845337,,,,
130482add9fd75ccb6c57ba007694a2d,"Tudo correu como combinado, nada a reclamar. || Pedido chegou antes do prazo previsto, mercadoria de qualidade! 
Recomendo || Entrega rapidinha. || produto entregue dentro do prazo tudo ok.
recomendo essa loja. || recomendo aos compradores pois chegou antes do prazo previsto e tudo em ordem. || Entrega rápida produto em dia  || Entrega no prazo, produto de qualidade exatamente como anunciado. Recomendo a loja. || recomendo produto chegou antes do prazo final  || TODOS OS SETORES ESTÃO DE PARABÉNS, CONTINUEM ASSIM COM ESSE TRABALHO, POIS O SUCESSO VEM COM UM PASSO APÓS O OUTRO. || A empresa levou 5 dias para emitir a nota fiscal e enviar o produto, desde a confirmação do pagamento.É muito tempo. Pelo rastreio do produto, está próximo e deverá ser entregue em breve.  || chegou no prazo.. bom produto || recebido || tudo ok || Preço, rapidez na entrega . || Chegou no prazo, tudo certo || ótimo produto, atendeu as exigências. || Não gostei da primeira compra que fiz , pois veio faltando 8 metros de cabo , pois comprei 100 MTS e só veio 92 MTS , e reclamei e ainda não resolveram meu problema e me sinto lesado pela a lannister || O material é excelente, chegou dentro do prazo e o preço ta ótimo || Produto chegou dentro do prazo. Qualidade compatível com os valores pagos. Poderiam melhorar a embalagem de envio, mas faria novas compras tranquilamente. || Tudo certo, mas o produto bem que poderia vir embrulhado pra não chamar atenção. ","produto, tudo, prazo, pois, do, chegou, prazo tudo, do prazo",True,True,True,neutral,0.5657001733779907,[],[],[],5 out of 5 stars
13db47eae724e2848e12b71a617a3a41,"Super recomendo.entrega e produtos ok. || Produto de qualidade, entrega muito demorada || Chegou bem antes do prazo informado || produto recebido antes do prazo , muito bom parabens  || Infelizmente, o produto não chegou até o momento. 
Estou aguardando alguma informação concreta das lannister ou do fornecedor quanto a esta situação. 
Por gentileza, me dêem algum retorno.  || Produto não entregue no prazo determinado. 
Aguardando produto. || Produto muito abaixo da expectativa e veio com o lacre aberto, não gostei e já solicitei a devolução do produto. || Ainda não recebi o produto que esta parado em São Gonçalo desde do dia 29/03/2018. || Produto foi entregue com defeito com a pulseira cortada .... mas não consigo contato adequado, não tenho retorno || Meu produto não foi entregue até agora. A previsão de entrega era 04/04 e até hoje, 06/04, nada. || Olá! 
Achei o valor do produto adquirido um pouco mais em conta do que em outros sites e lojas físicas. 
O produto foi entregue antes do prazo estipulado e sem nenhuma avaria e em perfeito estado. ","04, produto, do, não, produto não, retorno, foi entregue, em",True,True,True,negative,0.48055633902549744,['...'],['...'],['...'],...
143c616ec3fe0cb065c3805cf9bd812e,Seria maravilhoso se diminuíssem o custo do frete que ainda é muito caro. || Seria maravilhoso se diminuíssem o custo do frete que ainda é muito caro. || Seria maravilhoso se diminuíssem o custo do frete que ainda é muito caro. || Seria maravilhoso se diminuíssem o custo do frete que ainda é muito caro. || Seria maravilhoso se diminuíssem o custo do frete que ainda é muito caro. || Seria maravilhoso se diminuíssem o custo do frete que ainda é muito caro. || Somente o Frete que acho ainda muito caro || Somente o Frete que acho ainda muito caro || Somente o Frete que acho ainda muito caro || Somente o Frete que acho ainda muito caro || Somente o Frete que acho ainda muito caro || Somente o Frete que acho ainda muito caro,"muito caro, ainda muito, frete que, caro, frete, que ainda, do frete, maravilhoso",True,False,True,neutral,0.43428030610084534,['Seria maravilhoso se diminuíssem o custo do frete que ainda é muito caro.'],['Seria maravilhoso se diminuíssem o custo do frete que ainda é muito caro.'],['Seria maravilhoso se diminuíssem o custo do frete que ainda é muito caro.'],Seria maravilhoso se diminuíssem o custo do frete que ainda é muito caro.
1491a8ff192d4b5c369b0eaa2fe33ee5,"Produto de qualidade, muito bonito e entrega muito rápida! || Amei super fofinho maravilhoso || Chegou muito antes da previsao de entrega o produto é de excelente qualidade || Fiquei muito satisfeita com essa e com todas as compras que ja fiz no baratheon, a copra e segurápido e a entrega antes do prazo previsto.  || Entrega super rapida ,amei o tapete! || Lindo || Lindo || Adorei || Gostei só que demorou muito p chegar  || Tapete muito bonito peludo grande pena que não foto está marrom claro e veio um marrom bem escuro quase preto e os.pelos tem bastante brilho. || Recomendo  || A foto mostrada na oferta não condiz com o produto, qualidade muito ruim e aparencia muito estranha do produto || fiquei satisfeita com minha compra,com o produto baratheon é nota 10 || fiquei satisfeita com minha compra,com o produto baratheon é nota 10 || gostei mt da entrega chegou 2 dias antes  || Achei excelente ","satisfeita com, tapete, com produto, baratheon, compra com, fiquei, muito, com minha",True,True,False,positive,0.5570843815803528,['...'],['...'],['...'],...
154e7e31ebfa092203795c972e5804a6,"satisfeito eu recomendo || O produto é feito de um material de Boa qualidade, mas é muito difícil colocar a lâmina de uma forma precisa no navalhete podendo até se ferir na hora de colocar ou retirar a lâmina!
 || as imagens mostrava foto diferente do produto que recebi. || Produto muito bom! || Sinceramente comprei uma navalha e um kit tesouras fio navalha da marcar o lista e veio errado o rastreamento do produto indica que veio o kit de tesouras e ao invés venho a navalha queria uma explica || Favor responder a tesoura de desfiar veio com defeito preciso trocar || Produto de ótima qualidade, loja atenciosa entregou com muita antecedência ao prazo estipulado.  || Gosto muito da loja e de consumir os produtos, porem só não gosto de trabalhar com os correios para entregar as minhas encomendas.... || da pra melhorar um pouco || Quanto a loja, perfeito. Entregue no prazo e tudo OK com o produto. Com relação ao produto, não testei ainda, mas parece de boa qualidade. || Navalha muito bonita!! || Comprei os produtos todos de ótima qualidade.
Entrega foi rápido antes do prazo combinado.
Recomendo a todos essa loja. || Não gostei pois me deram 20 dias ÚTEIS e depois desses 20 dias meu produto não chegou  || É uma loja excelente, entrega antes do prazo e a mercadoria chega do jeito qui você pediu ,amei || péssima entrega || Obrigado || A empresa precisa fazer um estudo dos correios para onde vão a mercadoria, ainda não recebi o produto pois o mesmo está preso desdo dia 22/11 em um correio de reputação ruim. || ......... || Otimo produto, pratico e fácil de usar. Porém poderia vir com uma lâmina junto acompanhada, fora isso uma beleza || RECEBI ANTES DO PRAZO...SATIFEITO!","de, produto, uma, 20 dias, precisa, loja, colocar, 20",True,True,False,neutral,0.4440159499645233,[],[],[],"5 out of 5 stars. Satisfied with the product. The material is of good quality, but it is difficult to place the lens of a precise shape on the navalhete, but th"
1600dcf1cea8c0c83702e07b577ab231,"valeu 
muito bom. || eu gostei muito e recomendo que todos compre nest loja || recebi porem com defeito || Bonitos os relógios mas o dourado deveria estar especificado a cor no tom do dourado !!!! Mas ele e muito bonito.  || Amei o relógio, chegou no prazo e é lindo igual ao anunciado || Acabamento e fragilidade no produto, equivalente ao preço pago!veio envolto em um plástico,muito de mal gosto || O relojio muito lindo ,gostei de mais .Agora sou preciso que seja da qualidade do material que o vendedor recomendo  || Gostei muito de comprar na targaryen, pq entregam dentro do prazo. || Produto veio com defeito no motor do relógio. || O produto é muito inferior do q demonstra na foto. Esse tipo de produto ""depõe "" contra a americana. Com  || Serviços todos ótimos, porém achei só o fecho um pouco frágil!!recomendo!  || é uma ótima loja pra comprar. o prazo de entrega é muito bom. 

quando acontece algum problema é resolvido imediato. eu gosto muito de comprar nessa loja. || é uma ótima loja pra comprar. o prazo de entrega é muito bom. 

quando acontece algum problema é resolvido imediato. eu gosto muito de comprar nessa loja. || Comprei no site do baratheon e, no mesmo dia, a nota foi emitida e o relógio foi enviado. Recebi uns 3 dias depois, se muito tempo. || Recomendo. || Comprei dois relógios, um Relógio Feminino Bracelete Dourado Strass que chegou com defeito e outro Relógio Feminino Bracelete Flor Com Pérolas que ñ chegou, mas consta como entregue. || A minha entrega chegou antes do prazo estabelecido o relógio foi do meu agrado muito obrigada estou muito feliz bjs.

 || Ótimo || Produto de boa qualidade. || muito bom.","relógio, muito de, muito, gosto, de comprar, comprar, resolvido, com defeito",True,True,True,neutral,0.4469117224216461,['...'],['...'],['...'],...
1613b819ab5dae53aead2dbb4ebdb378,"Efetuei a compra e pagamento de duas unidades e recebi apenas uma unidade. Aguardando tratativa. || Efetuei a compra e pagamento de duas unidades e recebi apenas uma unidade. Aguardando tratativa. || Á Logística targaryen é ótima, á dificuldade em Itatiba é o serviço PÉSSIMO DOS CORREIOS. || Ok || RECOMENDO || Recomendadíssimo este produto. Atendimento nota 10. Entrega antes do prazo. Vou comprar mais. || Produto entregue antes do combinado. || Gostei. Chegou rápido. Ótimo produto... || Muito bom || Ótimo produto || Ainda não recebi o produto no rastreamento fala que eu mudei tô esperando entrar em contato para entender o que que aconteceu || Meu produto veio com o CD de instalação quebrado, vcs vão mandar outro ? || recomendo a compra desse produto as lannister entrega garantida  || Produto muito bom eu compraria de nova e também recomendaria outra pessoas muito obrigado  || Prazo de entrega excelente.Foi mais rápido do que eu esperava. Estão de parabéns pelo ótimo atendimento. || Espero que o produto chegue em breve. Permaneço no aguardo. || disket veio quebrado preciso manual instalacao || ADOREI || ADOREI || Rápida entrega e eficiente.","de duas, efetuei compra, unidades recebi, uma unidade, efetuei, produto, duas unidades, pagamento",True,True,False,neutral,0.45135679841041565,['Efetuei a compra e pagamento de duas unidades e recebi apenas uma unidade. Aguardando tratativa.'],['Efetuei a compra e pagamento de duas unidades e recebi apenas uma unidade. Aguardando tratativa.'],"['Á Logística targaryen é ótima, á dificuldade em Itatiba é o serviço PÉSSIMO DOS CORREIOS.']",Efetuei a compra e pagamento de duas unidades e recebi apenas uma unidade. Aguardando tratativa.
165f86fe8b799a708a20ee4ba125c289,"Produto com características de fragilidade || Recebi muito antes do prazo, excelente!
 || Só precisa melhorar o anúncio dar opções de cores pois o meu produto tem em várias cores e eu queria escolher outra cor, e também ele não veio com manual de instrução || eu simplismeente ameiii || Recebi o produto cheio de defeitos. Já solicitei devolução do dinheiro, estou aguardando retorno || sit confiavel || Comprei a caixa de som mais nao chegou . Voces falaram que iria chegar dia 18 ate agora nada. Quero que me problema seje resolvido se nao irei procurar meus direitos.  || Desde janeiro tento comprar essa caixa e ela sempre volta. Eu já comprei uma vez pelo site lannister e o produto chegou na minha casa e bem rápido. Pq agora não estão conseguindo encontrar? || quero trocar e nao estou conseguindo a cinco dias || A mercadoria chegou antes da data prevista. || Muito satisfeito  || Mesmo passando do prazo de entrega do produto, gostei do atendimento via internet via internet resolvendo o problema. || Ótimo || ADORIE TUDO MUITO BOM || adoro comprar nessa loja, só tem um problema, frete muito alto por esse motivo as vezes deixo de comprar pq o produto ficar muitooo carooooo. || Recebi o produto cheio de defeitos. Já solicitei devolução do dinheiro, estou aguardando retorno || muito bom || JA LIGUEI PRA VOCES RECLAMANDO ESTOU AGUARDANDO UM RETORNO || O volume e muito baixo || Vou recomendar para meus amigos.","aguardando retorno, do dinheiro, retorno, solicitei devolução, cores, via, defeitos, estou aguardando",True,True,True,neutral,0.4834517240524292,['...'],['...'],['...'],...
16679d68bdbed3fb97af806424d7f2b7,"Recomendo a todos || Recomendo a todos || Tudo certo e entrega antes do prazo. || FIZ A COMPRA DE 3 CAIXAS E RECEBI APENAS 2 CAIXAS || FIZ A COMPRA DE 3 CAIXAS E RECEBI APENAS 2 CAIXAS || FIZ A COMPRA DE 3 CAIXAS E RECEBI APENAS 2 CAIXAS || Infelizmente não estou satisfeita com esta compra, pois recebi o produto errado, comprei Unaro Pecan e recebi Canela de Velho, não estou conseguindo trocar. Será que alguem pode me ajudar ou deverei i || Infelizmente não estou satisfeita com esta compra, pois recebi o produto errado, comprei Unaro Pecan e recebi Canela de Velho, não estou conseguindo trocar. Será que alguem pode me ajudar ou deverei i || Comprei 3 unidades e recebi apenas 1. || Comprei 3 unidades e recebi apenas 1. || Comprei 3 unidades e recebi apenas 1. || Comprei 2 unidades. Chegou 1 em um dia, e a outra no outro  || Comprei 2 unidades. Chegou 1 em um dia, e a outra no outro ","caixas, comprei unidades, recebi apenas, não estou, unidades, apenas comprei, unidades recebi, apenas",True,False,False,neutral,0.4466347396373749,['...'],['...'],['...'],...
167b4b8c4bd0c401bea62f5e050d70a4,"muita demora para receber, e n NF nao estava presente o custo do frete.... || Produto de acordo com a descrição, compatível com minha impressora laser. Recomendo. || Produto de acordo com a descrição, compatível com minha impressora laser. Recomendo. || Recomendo esta loja, mas por conta dos correios, houve atraso na entrega. || Bom dia, compra a mais de 30 dias e não recebi o produto, solicitei o cancelamento mas não tive retorno. || Bom dia, compra a mais de 30 dias e não recebi o produto, solicitei o cancelamento mas não tive retorno. || produto chegou antes do prazo previto... tudo ok || A entrega foi rápida. Produto correto. Recomendo.
O único senão é que as informações do site não foram atualizadas em tempo.  || Não recebi a nota fiscal e o toner que recebi está com defeito || Desde que solucionem o meu problema, eu recomendaria pq consta que meu produto foi entre e ele ainda não chegou. || Desde que solucionem o meu problema, eu recomendaria pq consta que meu produto foi entre e ele ainda não chegou. || Toner já está instalado e funcionando perfeitamente. || O produto foi entregue sem nota fiscal do vendedor. É a segunda compra que faço na Americana que vem sem nota, e o mesmo produto. Não me lembro se a 1a vez foi desta mesma empresa. 
 || ótimo produto e entregue dentro do prazo  || ótimo produto e entregue dentro do prazo  || ótimo produto e entregue dentro do prazo  || Produto correto, bem embalado e entregue num prazo menor ao indicado. Recomendo!","produto, toner, entregue dentro, dias não, não, compatível, 30 dias, entre",True,True,True,neutral,0.46147477626800537,[],[],[],5 out of 5 stars
16ed6a6e3fce23b741650437fe58d65b,"Produto bom, prazo bom... || Eu compro de tudo pelo stark, nunca precisei trocar nada, sempre chega antes e certinho, amo comprar no stark e nas lojas que entregam por eles tbm... || O PRODUTO VEIO COM O TAMANHO ESCRITO ERRADO DO QUE FOI PEDIDO, POREM SERVIU.
COMPREI PARA SAMSUMG 10,1 E VEIO SAMSUMG 7,5 || A entrega foi muita rápida e o produto é de boa qualidade.  || Produto entregue antes do prazo informado. || Entrega no prazo. Como todas as compras que fiz pela lannister.com . || As imagens publicadas no site nao foi bem clara, o produto nao é exatamente o que foi ilustrado. || Cliente satisfeito.
 || produto entregue antes do prazo || As medidas que constam no site estão diferentes do produto entregue. || stark e a loja que entrga mais rapido. || PRODUTO RECEBIDO NO PRAZO || Eu recomendo este produto porque atendeu a minha necessidade e tem boa qualidade.  || Ambos produtos de boa qualidade.
 || Produto atendeu minhas expectativas. || Comprei o produto capa de máquina lavar e secar Samsung 10.1kg e recebi o produto modelo Samsumg referente à 7.5 kg. || Uma crítica é quanto a entrega.
Efetuei o pagamento do frete e tive de ir buscar o produto nos correios, tendo de pagar passagem para tanto. || Nao recebi o produto","produto, stark, boa qualidade, qualidade produto, produto entregue, que foi, que, de",True,True,False,neutral,0.4680691361427307,"['Produto bom, prazo bom...']","['Eu compro de tudo pelo stark, nunca precisei trocar nada, sempre chega antes e certinho, amo comprar no stark e nas lojas que entregam por eles tbm...']","['O PRODUTO VEIO COM O TAMANHO ESCRITO ERRADO DO QUE FOI PEDIDO, POREM SERVIU.']",Produto entregue antes do prazo. As medidas que constam no site estão diferentes do produto entregue. Stark e a loja que entrga mais rapido.
173e9fe34bfe97f3a5e6dc57fe897b74,"Comprei uma coisa e me entregaram outra e não consigo fazer a troca e não consigo falar com a central ! || Entregue antes do prazo || Pessoal muito atencioso e gentil, ótimo preço, tudo de bom, recomendo  || boa || Não tenho o que reclamar, foi minha primeira compra na loja online da lannister e foi muito, muito tranquilo, acompanhei tudo pelo APP (que por sinal super indico.) Ótimo serviço.  || Nao consigo contato para pedir de volta meu produto uma vez que falaram q estaria disponível ate o dia 5 nos correio o qual voltou dia 2 || farei novas compras || Eu não recebi minha apostika e fui nos correios e ela não estava lah tambem || Ótimo 
 || DESTA VEZ NAO RECEBI O PRODUTO COMPRADO || Fiquei muito feliz pela compra / atendimento e a entrega q foi bem antes do previsto tanto q no mesmo dia incentivei minha mãe tbm comprar com vcs. Estão de parabéns ! Ganharam fiéis clientes !  || Parabéns
 || targaryen não entrega no prazo, total descaso com o cliente! || compra fácil, e a entrega rápida","consigo, não consigo, não, dia, nos, vez, minha, descaso",True,True,True,neutral,0.42532601952552795,['Comprei uma coisa e me entregaram outra e não consigo fazer a troca e não consigo falar com a central!'],['Entregue antes do prazo'],"['Pessoal muito atencioso e gentil, ótimo preço, tudo de bom, recomendo']",Comprei uma coisa e me entregaram outra e não consigo fazer a troca e não consigo falar com a central!
177d3d5bb9d4d29222a222e3b3554f41,"O kit mochila patrulha canina é lindo!! Meu netinho vai amar!! Obrigada!! || Entrega bem antes do prazo. Adoramos a compra. Recomendo  || Atendimento com agilidade,principalmente em tirar duvidas sobre o produto.A entrega antes do prazo,fiquei muito satisfeita com o produto. || Produto chegou antes do prazo, muito rápido veio de acordo como no anuncio...meu filho adorou || Produto de qualidade muito bom ! || Gostei muito. || Produto bom e com ótimo custo. || Entrega bem rápida antes do prazo, mochila igual da foto , bem bonita venho tudo certinho || entrega no prazo tudo ok ,meu filho amou ,o único problema foi que paguei frete e tive que buscar na agência do correio ,uma dica contratem outra transportadora ,pq o correio só quer ficar com ofrete  || EU NAO RECEBI O PRODUTO AINDA NAO || a compra foi cancelada || não chegou meu produto ate hoje estou espera do esplicaçao porque que nao foi entreque  || Tudo como esperado! Obg || comprei a mochila da Patrulha Canina e veio a mochila da Frozen. Estou tentanto trocar o pedido no site e dar erro de conexão. || Produto e parceiro muito bons! Recomendo! || Pessimo atendimento, fiz a compra e 2 dias depois chegou mensagem avisando que eles nao tinham o produto e que minha compra tinha sido cancelada. Nunca mais compro com esse vendendor. || PRODUTO CHEGOU NO PRASO, MAS COMO SEMPRE, QUANDO VEM VIA CORREIO, QUE DEMORAAAAAAA","mochila, produto, correio, meu filho, filho, entrega bem, nao, meu",True,True,True,neutral,0.46406880021095276,['...'],['...'],['...'],...
17ad136b7421ea8690fded631b651158,"Ótima empresa, entregou antes do prazo.
Vocês estão de parabéns. || Ainda que a pulseira sei de baixíssima qualidade, o produto é bonito.  || meu pedido nao veio comprei dois relogio branco so veio 1 || meu pedido nao veio comprei dois relogio branco so veio 1 || Muito bom ||  Nota 10 para entrega super rápida com certeza já indiquei e indico agilidade estao de parabéns  || Boa || Boa tarde,
Ao receber o produto,no caso um relógio, a pulseira do mesmo já estava com havaria e em seguida quando coloquei o horário correto em alguns minutos o relógio parou e não voltou a funcionar || Super recomendo || O produto foi entregue muito antes do prazo. Estou muito satisfeita com a empresa. || O produto veio com a tela do vidro lascada. Tentei entrar em contato mas ninguém respondeu. O produto vem solto enrolado em um plástico. Não recomendo. ","pulseira, nao veio, relogio, veio, relógio, comprei dois, de parabéns, meu pedido",True,True,False,neutral,0.42358461022377014,,,,
186fe07c8b8005ec6a498587ffbc1352,"Ainda não recebi um dos relógios, ainda aguardando...obrigada! || Comprei um produto pra entregar na minha casa,paguei frete,e deixaram no correio pra retirar, não é certo,porq cobram frete então? || Foi
Poditiva a experiência de compra. || SÓ NÃO GOSTEI PORQUE O PRODUTO NÃO VEIO EM NENHUMA CAIXA APENAS COM UM SAQUINHO. E COMO COMPREI PARA REVENDER SEM UMA EMBALAGEM ESPECIFICA FICA UM POUCO DESVALORIZADO. || SÓ NÃO GOSTEI PORQUE O PRODUTO NÃO VEIO EM NENHUMA CAIXA APENAS COM UM SAQUINHO. E COMO COMPREI PARA REVENDER SEM UMA EMBALAGEM ESPECIFICA FICA UM POUCO DESVALORIZADO. || Muito bom || A loja é muito boa, porem neste caso, só recebi um dos itens do pedido e ainda não tive resposta da loja || Produto entregue dentro do prazo. || Entrega rápida e produto certinho. 
Obrigada! || entrega rápida || Shopime é uma empresa 100%
Compro com eles de olho fechado  || gostei do produto e a entrega foi bem antes do prazo indicado.
 || Gostei de ter feito essas compras por esse site. Obrigada! || Recebi o produto antes do prazo estabelecido e é muito lindo. Serviu muito bem em meu pulso, que é muito fino.Recomendo esse produto sem dúvida. Ótimo para presentear. Fica a dica.  || Minha namorada adorou, recomendo como presente para todos.
Muito bonito e com design estiloso. || Produto bom ... || não usei para informar, logo passo uma informação.","fica, um, comprei para, produto, não, obrigada, veio em, com um",True,True,False,neutral,0.45785412192344666,,,,
18b0e642cbae7251e60a64aa07dd9eb9,"O produto chegou no prazo e em perfeitas condições! || O produto chegou no prazo e em perfeitas condições! || Ao comprar o produto esperava que pelo menos em seu interior, o mesmo tivesse um elástico que segurasse o notebook.  || Chegou antes do previsto. || O produto é de ótima qualidade, foi entregue dentro do prazo, super recomendo. || Produto da melhor qualidade e o serviço melhor ainda. Comprarei mais vezes! || Sempre comprei nas lannister e nuca tive problema. || Muito legal em  || Recomendo || Chegou bem antes do prazo estimado, muito bom!!! || Atende o esperado! || Ótimo || Um bom acabamento, compatível com o que eu queria.  || Produto naõ atemdeu minha espectativa ,material muito fragil e fino","prazo em, perfeitas condições, em perfeitas, perfeitas, condições, produto, ao comprar, em",True,True,False,positive,0.44187667965888977,['O produto chegou no prazo e em perfeitas condições!'],['O produto chegou no prazo e em perfeitas condições!'],"['Ao comprar o produto esperava que pelo menos em seu interior, o mesmo tivesse um elástico que segurasse o notebook.']","O produto chegou no prazo e em perfeitas condições! Ao comprar o produto esperava que pelo menos em seu interior, o mesmo tivesse um elástico que segurasse o no"
19421075ae0b585f2dc13ff149e2119d,"o produto demora muita para chegar ! || o produto demora muita para chegar ! || o produto demora muita para chegar ! || GOSTEI DE COMPRAR O PRODUTO É BOM VEIO NO PRAZO.
 || GOSTEI DE COMPRAR O PRODUTO É BOM VEIO NO PRAZO.
 || S´tenho agradecer e continuarei a comprar. Bom quero uma ajuda de vocês. Eu comprei 5 celulares na Mania Virtual.com. Só comprei devido as lojas lannister dizer em seu site que a mesma ´uma parceira. || S´tenho agradecer e continuarei a comprar. Bom quero uma ajuda de vocês. Eu comprei 5 celulares na Mania Virtual.com. Só comprei devido as lojas lannister dizer em seu site que a mesma ´uma parceira. || Satisfeito || O meu produto ainda não foi entregue, sendo que o prazo inicial era de chegar até 14/12 e hoje já é dia 18/12 e nada. || Ta em fase de teste || Produto entregue dentro do prazo, comecei usar a pouco tempo, espero o resultado desejado. || foi ótimo e entregue no prozo ..muito obrigado || Vocês e um ótimo loja parabéns  || O produto ainda não chegou e o que eu faço? || Avaliação boa na primeira entrega não tinha ninguém na casa assim falou o correio que eu acho difícil não tivesse nunquem tudo bem estou no aquário era dia 28 o retorno mais ainda não chegou || Comprei dois frascos de vitaminas e recebi apenas um || Comprei dois frascos de vitaminas e recebi apenas um || comprei 2 caixas do xtramaster,só mandaram 1,talvez tenha confundido é o que eu espero que tenha acontecido e enviei a outra caixa. Estou aguardando  || comprei 2 caixas do xtramaster,só mandaram 1,talvez tenha confundido é o que eu espero que tenha acontecido e enviei a outra caixa. Estou aguardando  || Creio q pela alta demanda de pedidos , o meu foi entregue um pouco atrasado...mas é compreensível","tenha, para chegar, chegar, comprei, vocês, muita, que eu, caixas",True,True,False,neutral,0.44102635979652405,,,,
19c91ef95d509ea33eda93495c4d3481,"Muito bom || embalagem apropriada, entregue dentro do prazo || Sem comentários.... || Nas Lojas lannister já fiz varias compras sem problemas, mas essa está muito atrasada || Gostaria de saber pq recebi a nota no valor de 14,20 se na realidade nao foi esse preço q eu paguei? || O produto chegou antes do prazo determinado || Gosteeeeiiiiiiiii || Produto entregue conforme informado e entrega feita antes do prazo dado. Parabéns! || Compra por internet fácil, rápido e confiável. Entrega antes do prazo previsto. Agora falta iniciar a tomar as cápsulas de moranga, e aguardar os benefícios anunciados. ||  Amei comprar com vcs receber bem antes do prazo || Muito bom!
Estou recomendando para muitas pessoas: agora mesmo estou repassando para um amigo em Acopiara - CE.
Gostaria de ser um representante aqui na minha cidade. || SÓ ACHEI QUE DEMOROU MUITO PRA ENTREGAR || ATE HOJE AINDA NÃO RECEBI MINHA MERCADORIA, ESTOU NO AGUARDO. || desde que começara a trabalhar com parceiros a entrega ficou ridícula || Muito bom foi entregue antes do prazo || Não chegou nada do meu produto. || Compra super tranquila, preço bom e entrega antes do prazo. || Tudo bem. 100% || Produto e entrega excelente || produto entregue na data e como esperado","do prazo, do, antes do, prazo, antes, gostaria de, gostaria, entrega antes",True,True,True,neutral,0.4352304935455322,"['Muito bom', 'pain_points', 'suggested_improvements', 'summary']",[],[],Excellent service and prompt delivery
1a080577618e7fe4d9ddd8fb2b47a964,"É presente pro mor só saberei se veio correto qndo ele pegar comigo.mas a entrega foi péssima os Correios não entregou tive que ir buscar sempre compro site e tdos entregar certo mas por a targaryen nao || Recebi o produto que esperava
Mas não me mandaram a nota fiscal. Porque ? || O produto chegou antes do prazo. Isso é muito bom! Mas tenho uma reclamação a fazer. A embalagem do produto (lata) veio amassada. Não apresentou nenhuma avaria no produto, apenas na embalagem (lata). || Não tenho como opinar, pois o produto ainda não chegou. Já se passaram dois dias do prazo de entrega. || Foi entregue no último dia. Poderia ser antes ? || Comprei o produto não veio o modelo que eu queria  || apesar de demorar um pouco para receber foi uma boa compra || Sempre compro por aqui, produto vem excelente e antes do prazo de entrega. Parabéns para a lannister pelo respeito ao consumidor. || Tudo conforme anunciado. || Recebi o produto e estou super satisfeita com a compra. || Produto original e entregue no prazo certo. || Achei apenas que a entrega foi bastante demorada","produto, entrega foi, sempre compro, não, tenho, embalagem, mas, compro",True,True,False,neutral,0.435825377702713,['...'],['...'],['...'],...
1a758361b1c10b3ffe3d3373332de319,"chegou antes do prazo || Ilumina bastante e a buzina é bem alta. Gostei  || ... || . || produto muito bom com luz fortíssima e buzina alta.  || Veio apenas a case de celular para bike
A lanterna ainda não chegou || Muito bom  || Superou minhas expectativa recebi muito antes do previsto || Gostei do produto, entregue no prazo || A luz da lanterna é forte, ideal para quem pedala a noite. Possui 3 variações de iluminação.
A buzina é tem o som ideal para alertar os carros ou outros ciclistas e possui 5 variações de sons.
 || Custo beneficio muito bom recomendo. || Ainda não recebi o produto, não tenho opinião sobre ele. Demora na entrada  || Muito rápido a entrega e produto bem embalado. ","ideal, alta, muito, som, case, custo beneficio, demora na, beneficio",True,True,True,positive,0.488635778427124,,,,
1bfb290d7273a442c874dbe74b4abae6,"Faltou uma peça pra colocar no pé da cadeira. || recebi dentro do prazo e correto, porem poderia ser mais rápido este atendimento.
do resto ok || recebi dentro do prazo e correto, porem poderia ser mais rápido este atendimento.
do resto ok || recebi dentro do prazo e correto, porem poderia ser mais rápido este atendimento.
do resto ok || muito bom chegou tudo certinho no prazo || Excelente qualidade do serviço e produto || Parece estar tudo ok, chegou dentro do prazo. || Tive que buscar no correio maior peso 5 cadeiras e carregar pra casa  || Tive que buscar no correio maior peso 5 cadeiras e carregar pra casa  || Entregaram somente 1 das quatro cadeiras depois do prazo estabelecido  || Entregaram somente 1 das quatro cadeiras depois do prazo estabelecido  || Entregaram somente 1 das quatro cadeiras depois do prazo estabelecido  || Entregaram somente 1 das quatro cadeiras depois do prazo estabelecido  || SO TIVE UM PROBLEMINHA COM A CAEIRA, QUE DEPOIS DE MONTADA ELA FICOU BAMBA || SO TIVE UM PROBLEMINHA COM A CAEIRA, QUE DEPOIS DE MONTADA ELA FICOU BAMBA || Gostaria de informações sobre a não entrega do produto. || Eram duas cadeiras chegou apenas uma || Eram duas cadeiras chegou apenas uma || Não recomendo, além da demora para entregar, chegou apenas uma cadeira, sendo que foi paga 2. 
Gostaria de saber, se posso abrir um processo, ou irão enviar a outra cadeira? || Não recomendo, além da demora para entregar, chegou apenas uma cadeira, sendo que foi paga 2. 
Gostaria de saber, se posso abrir um processo, ou irão enviar a outra cadeira?","cadeiras, cadeira, depois, quatro, chegou apenas, prazo estabelecido, estabelecido, apenas uma",True,True,False,neutral,0.5037363767623901,,,,
1d3ecbda18167c766a3381fd16108e4a,"Ainda não usei em nenhuma viagem, mas parece ser muito boa. || Achei o produto razoável. || Amo esse baratheon.... || Sempre compro pelo site da lannister.com e nunca tive nenhum tipo de problemas com a entrega é o produto comprado. Parabenizo essa empresa pela qualidade, pontualidade e respeito às minhas compras. || muito bom chegou antes do prazo produto de qualidade e frete em conta. || Fiz o pedido de 4 unidades deste produto (Mochila de camping 60L da marca denlex) mas só recebi 1  || Fiz o pedido de 4 unidades deste produto (Mochila de camping 60L da marca denlex) mas só recebi 1  || Fiz o pedido de 4 unidades deste produto (Mochila de camping 60L da marca denlex) mas só recebi 1  || Fiz o pedido de 4 unidades deste produto (Mochila de camping 60L da marca denlex) mas só recebi 1  || O produto foi entregue rápido e a sua qualidade é muito boa, vale a pena o custo benefício. || Comprei 04 unidades da mochila cargueira e recebi apenas 02 unidades até o momento. Foi entregue por Minas Import e não por targaryen. || Comprei 04 unidades da mochila cargueira e recebi apenas 02 unidades até o momento. Foi entregue por Minas Import e não por targaryen. || Comprei 04 unidades da mochila cargueira e recebi apenas 02 unidades até o momento. Foi entregue por Minas Import e não por targaryen. || Comprei 04 unidades da mochila cargueira e recebi apenas 02 unidades até o momento. Foi entregue por Minas Import e não por targaryen.","mochila, unidades, de unidades, entregue por, mas só, da marca, fiz pedido, 04",True,True,True,neutral,0.4873371124267578,,,,
1dec4c88c685d5a07bf01dcb0f8bf9f8,"Depende para que eu possa avaliar se resolverem meu problema pos a compra era 4 os correios só entregarão um pacote contendo 2 peneus || Não tenho nada a declarar pq cancelei a compra no dia 13/02/2018 e não recebi nenhuma entrega || Nunca mais eu comprou nas Américas  || Chegou bem antes do previsto. || Recebi somente 02 pneus || 
Os pneus que eu comprei só veio dois dos quatro que eu comprei  || Eu comprei um kit de 4 pneus e só veio 2 pneus.Eu quero saber o que vai ser? vocês vão me mandar o restante dos pneus, ou vão devolver meu dinheiro? 
Eu já tinha mandado um email, mas não me responde || bom. foi entregue no tempo certo. || achei muito bom site recomendo sim a outras pessoa
 || não entregaram a mercadoria completa || O produto atrasou muito a ser entregue. É fiquei sem informações de rastreio por um bom tempo mesmo tendo pago taxa de frete.
Recebi o produto mas vou desistir da compra a NF veio com um valor menor. || Fiz a compra do kit de quatro pneus.
A entrega foi feita fora do prazo..e ainda quando recebi chegou apenas 2 unidades.

Deprimente.  || Venho aqui externar minha insatisfação com as lojas lannister esperei meu pedido ser entregue e simplesmente tive vários contratempos com minha entrega mas não recomendo a loja nem o site . || a da ta para entrega era dia 24/01/2018 ate o momento a mercadoria não chegou  || muita dificuldade e demora para a entrega. e ainda não entregaram por completo o kit de 4 pneus comprados, sendo que já foi feito o primeiro pagamento || Já faz um bom tempo que compro na americana e nunca aconteceu de atrasar nada mas esse produto foi demais até agora não recebi meu produto. || excelente a entrega foi super rápida, estão de parabéns. 
  || nao chegou produto , aguardo resposta.  || Fui enganado por essa loja pois so me enviaram metade do kit que eu comprei São golpistas!!!","pneus, kit de, kit, eu comprei, eu, que eu, do kit, vão",True,True,True,neutral,0.47742828726768494,,,,
1ec486885049bbb9b79351d150ed18c4,"Muito bom! Aquilo que esperava! || Parabéns comprei um produto de qualidade e chegou de um dia para o outro. || Boa qualidade || Ótimo produto... || Produto ótimo só que a parte de colocar a CNH tinha que ser maior um pouquinho pra que seja colocada com o plástico que vem acompanhado nela tirando isso daí o resto tudo ok e obrigada!  || Ótima empresa recomendo. || Excelente || Muito bom || É muito bom || Produto solicitado e entrega antes do prazo. Excelente qualidade. || Um produto muito bom! gostei muito ... || Recomendo as lannister, e quero continuar recebendo promoções de produtos. || Compro e sempre comprarei com
Vcs d lannister.com || Produtos de qualidades ta aprovado... || Muito bom  || Entrega no prazo,produto de boa qualidade...","muito bom, muito, de, qualidade, um produto, bom, produto, boa qualidade",True,True,True,positive,0.6499550342559814,,,,
2028bf1b01cafb2d2b1901fca4083222,"Produto veio certo , porem com cor diferente  || CONFORME O ANUNCIO, RECOMENDO || muito obrigada  || Estou aguardando para ver se realmente supera as expectativas. || Há muito tempo compro no baratheon e, até hoje, só tenho elagios. || gostei || Chegou muito antes do prazo, Quase 15 dias antes, Produtos excelentes Amei. || tudo de bom obrigado || Gostei chegou rapidinho || Depois dessa compra meu cartão foi clonado. Estou muito chateada!
 || Aprovada || Produto entregue sem atraso e sem restrições. Amei os pincéis!  || Os pincéis são lindos e de muita qualidade. || Muito bom  || Tem 17 dias que estou esperando a mercadoria e nada de chegar  || Amei o produto.  || Estou aguardando há semanas e até hj nada  || O problema foi do site. Pois chegou dois pedidos iguais. Mas tá de boas  || Gostei, chegou bem rapido || Achei muito parecidos alguns produtos, mas ainda assim super indico. São de otima qualidades","gostei chegou, pincéis, amei, há, estou, muito, estou aguardando, são",True,True,False,positive,0.38609230518341064,,,,
202bd859659a841de892b00c341300ff,"Produto de ótima qualidade, adorei sem falar que fiz o pedido em um dia e já chegou no outro !!!! Super recomendo😊 || Só faltou mesmo o manual para regular o relógio, é meio complicado. Vou ter que levar em uma relojoaria para me ensinarem.
Mas o produto é o esperado. || Os produtos são ainda mais bonitos ao vivo, ambos chegaram funcionando, porém, um deles, solicitei LED vermelho e chegou azul e com uma lasca na pulseira, mesmo assim, ficarei com ele.  || Serviço excelente;
Produto excelente;
Prazo excelente;
Loja fantástica! || Só não avaliei com 5 estrelas em razão de ter vindo produto diverso: era vermelho e veio azul. || Só não avaliei com 5 estrelas em razão de ter vindo produto diverso: era vermelho e veio azul. || Só não avaliei com 5 estrelas em razão de ter vindo produto diverso: era vermelho e veio azul. || Produto perfeito, entrega dentro do prazo e vendedor atencioso. || Fiz uma compra só, o produto foi faturado junto saiu na mesma nota, quando chegou, veio só um com a nota com os 2, acabei reclamando e depois de 1 dia chegou o outro relógio, produto igual ao anúncio. || Espero que chegue o produto estou aguardando , ainda não chegou. || Escolhi com led vermelho e chegou azul... || RECEBI APENAS UM DOS PRODUTOS,RELÓGIO DE PEROLA.MAS O OUTRO RELÓGIO DE LED,NEM SINAL DELE.NO ENTANTO,FOI DADO COMO ENTREGUE.COMO PODE?A EMBALAGEM SÓ VEIO O RELÓGIO DE PÉROLA E JÁ USEI.(?)","vermelho, azul, relógio, vindo, estrelas, de ter, só não, só",True,True,False,neutral,0.5355551838874817,,,,
2083a6feb4bbb31f6abc92fc24e468c0,"o cabo não funcionou em nenhum dos meus dispositivos mesmo confirmando a compatibilidae || Tudo ok. || Tudo ok. || Tudo ok. || Tudo ok. || Tudo ok. || Ótimo vendedor! || Recebi apenas um , comprei 3. || Recebi apenas um , comprei 3. || Recebi apenas um , comprei 3. || Ótimo produto || Otimo || Produto chegou no prazo, mas com defeito. Estou pedindo troca ou reembolso. || Achei o prazo bom, mas o frete o olho da cara, mas caro que o produto. || Chegou antes do prazo","ok tudo, tudo ok, ok, apenas um, recebi apenas, tudo, apenas, cabo",True,True,True,neutral,0.535274863243103,,,,
2136c70bbe723d338fab53da3c03e6dc,"Entrega perfeita e bem antes da data prevista. || Olá. A entrega chegou rápido, em três dias. Produto muito bom. || Ainda não recebi o produto. Comprei dia 22/1017. Quero meu produto ou o dinheiro de volta. || Muito bom || sempre compro e sempre comprarei, loja 5 estrelas.  || O relógio esta atrasando, mesmo após ter tido seus ponteiros reajustados por diversas vezes. Além de estar tentando trocar o produto e não obtido êxito. || Eu recebi somente o relógio da coruja. Não recebi o relógio preto esportivo. No entanto, o status da entrega consta ""produto entregue"".

Assim, solicito esclarecimentos. || Bonitos os relógios mas o dourado deveria estar especificado a cor no tom do dourado !!!! Mas ele e muito bonito.  || Entrega no prazo, produto correto, mas o relógio não funciona  || ola comprei dois relógios. somente um chegou. || Ótimo produto entrega antes do prazo previsto . || Produto como o esperado. Apesar de chegar no prazo, achei muito longo o tempo pra entrega.  || Excelente vendedor e produto! || Otima recebi antes da data prevista vendedor de caráter, diferente do shop atacado q não recomendo so tive problemas.  || Ótimo site  || Estou muito satisfeito com o meu produto que comprei pra minha filha , chegou antes do prazo previsto muito bom msm esse loja. || O relógio é pequeno, mas achei super charmosa a pulseira! Amei! || entrega super rápida e produto maravilhoso. adorei !!!! || Porcaria7 || Estão de parabéns como sempre, o produto chega antes do prazo Obrigado ","relógio, produto, relógios, estar, entrega, data prevista, prevista, sempre",True,True,False,neutral,0.475017786026001,,,,
216bb0e0cd43ffd832e0973d35e0377e,"Produto chegou corretamente, foi entregue antes do prazo. || Bom produto, porém, no site achei que fosse bem maior, mas está bom. Recomendo... || Muito bom.. || Muito bom.. || Produto de ótima qualidade. ... econômico. ..
Superou a expectativa. .. ilumina bem o espaço. .. || Muito bom, apenas uma não está funcionando. || Muito bom, apenas uma não está funcionando. || Muito bom, apenas uma não está funcionando. || Muito bom, apenas uma não está funcionando. || Muito bom, apenas uma não está funcionando. || Muito bom, apenas uma não está funcionando. || Comprei duas unidades e recebi apenas uma. || Comprei duas unidades e recebi apenas uma. || Chegou muito antes do previsto || Entendo que devido a greve dos caminhoneiros tenha atrapalhado as operações, porém, a empresa já teve o tempo hábil para entregar todos os pedidos pendentes. || Aguardando para avaliar  || ótimo entrega rápida e eficiente gostei muito || ótimo entrega rápida e eficiente gostei muito || Produto de ótima qualidade e fácil instalação, entrega super rápida, tudo certinho. || entrega no prazo combinado , porém pedi duas unidades mais entregaram só uma","apenas uma, não está, está funcionando, funcionando muito, funcionando, apenas, está, uma",True,True,False,neutral,0.42993906140327454,,,,
2196663031bcde078cede855ac0b5739,"Muito bom o produto, só acredito que como defesa não é eficaz. Mas vale a pena ter. || O produto foi entregue em perfeitas condições; dentro do prazo; fui respeitado em todo o processo de compra até a entrega.  || O produto foi entregue em perfeitas condições; dentro do prazo; fui respeitado em todo o processo de compra até a entrega.  || Produto chegou em bom estado, recomendo. || produtos ok e dentro do prazo || Como das outras compras não tive problemas. || Gostei muito, a compra foi simples e a entrega muito rápida || Bom, atendeu as expectativas. || Comprei 02 lanternas e só me enviaram 01. Preciso saber como vai ficar agora? || Comprei 02 lanternas e só me enviaram 01. Preciso saber como vai ficar agora? || Muito rápido a entrega bem antes do prazo!! || Produto de baixa qualidade ""chinês"" no camelo custa 50% do valor pago, achei que o produto fosse americano ","só me, comprei 02, saber como, me enviaram, processo, ficar, de compra, entregue em",True,True,True,neutral,0.4907930791378021,,,,
223d34a3d9334039f5ff9511dc044bbb,"Muito bom. Já é o segundo objeto que compro e recebi sem problema nenhum  || Não estou satisfeita com essa compra pois deu que foi aprovada e foi descontado o valor no cartão de crédito porém não sei porque cancelaram a compra e não foi devolvido o valor. || Produto simples ,por enquanto ta tudo certo. || Produto de ótima qualidade e excelente entrega..recomendo. || Melhor site para compras. Todos os produtos entregues antes do prazo e com total segurança. || Chegou antes do prazo. Achei um pouco lento, a qualidade da camera não é la essas coisas. || Produto de ótima qualidade e entrega super rápido. || Muito bom atendimento recomendo || Muito bom atendimento recomendo || Não veio o produto certo. Quero devolver o mesmo e quero meu dinheiro de volta  || Não veio o produto certo. Quero devolver o mesmo e quero meu dinheiro de volta  || a lannister entregou super rapido, mas o tablet qbex só funcionou 24 hs, vou ter que pedir devolução || Gostei muito || Produtos de primeira linha. || O produto veio em perfeito estado e está funcinando adequadamente, porém vem com muitos APP,s e com isso sua memória interna veio muito cheia, necessitando deletá-los para poder instalar o que deseja. || Gostei do produto e não tive problemas.","quero, produto certo, quero devolver, bom atendimento, quero meu, dinheiro de, não, de volta",True,True,True,neutral,0.3888923227787018,,,,
2291d090b69f60fc0ffd95ae394daa77,"Foi eficiente, adorei ter comprado com vcs, obrigado lannister || Essa loja é muito eficiente e recomedo || Fiquei feliz pelo produto, e gostei muito da velocidade.  || Muito boa || Recebi um violão no lugar da câmera e fiz uma reclamação no site.
Agora vocês ão tenho como ir ao correio, e preciso que a troca seja realizada o mais rápido possivel || Gostei e recomendo || Só não gostei que cancelei o produto que foi o pedido duplicado .um erro e não foi extornado logo ..Não sei se o número desse se trata do que eu pedir o entorno ou do que eu recebi || UM DOS MELHORES SERVIÇO DE ENTREGA SIMPLES PARA MIM 8 DIAS || Apesar da mercadoria nao ter sido recebida, eles entraram em contato comigo e vao fazer a entrega no correios. || Excelente serviço prestado. || Meu produto veio com desfalque na pintura(arranhão) e nao ligou de nenhuma forma!  || Muito bom comprar na loja lannister ,sem complicação fácil e entrega bem antes do prazo limite , agente fica informado de tudo sobre o pedido ,eu recomendo .
","eficiente, serviço, recebi um, do que, que, ter, que eu, trata",True,True,False,neutral,0.4425506293773651,,,,
22c5ddc22ea8cae84fc9917def682dc6,"Ate o no momento não recebir o produto!! || Eu ja tinha comprado um mas era maior esse que veio agora e bem menor do que o anterior || Parabens, recebi o produto em perfeito estado e no prazo. || Produto veio exatamente como descrito no site. || Chegou antes do prazo, Sao liindos , e o material é de primeira!! 
Recomendo || Ótimo produto, entregue antes do prazo. || Foi anunciado um kit com doze pinceis de maquiagem, no entanto, recebi apenas um kit com 11. Ou seja, veio incompleto. Apesar de reclamar, até agora não tive uma resposta quanto a isso. || fiquei muito satisfeita. || Alguns pinceis veio soltando as cerdas 
 || aguardo retorno por que ainda não recebi. || Gostaria de saber se ainda ira chegar ou se não vai vim ??? || Ótimo produto  || Comprei estojo de pinceis de maquiagem, a loja me entregou tesouras de cortar cabelo.
Péssimo","pinceis, um kit, de, kit, veio, me entregou, ou, produto eu",True,True,False,neutral,0.4381619691848755,,,,
23365beed316535b4105bd800c46670e,"Ou a película é errada ou o modelo não protege toda a frente || Muito bom produto || Ótimo... Prático e rápido, tanto para compra quanto para o recebimento... Amei!!! || Produto chegou bem antes do prazo e é exatamente igual ao anuncio. A pelicula de vidro não é das mais resistentes, mas atende ao usuário cuidadoso. || Recebi o produto conforme o anúncio... || perfeito || Na descrição e fotos do produto, mostra a capa do Zenfone 3 Zoom, mas a que chegou pra mim não foi essa!  || Ótimo produto e veio antes do prazo estimado || Perfeito em todos os quesitos || Recomendo! Tudo do jeito que eu queria! || Produto perfeito e entregue antes do prazo!! || O produto em si é bom, mas a entrega deixou muito a desejar.. Entregaram em sim a do prazo","do, perfeito, produto, ou, de vidro, ao, do prazo, mostra",True,True,False,neutral,0.45641231536865234,,,,
23bcd6822a33df5534f9b290216eec1f,"e a melhor loja para fazer compras || Entrega foi rapida e bem embalada..muito bom || Bom produto , chegou dentro do prazo, eu recomendo! || Muito satisfeita com a compra. || gostei do tempo de entrega || Chegou perfeita e antes do prazo..parabens a americana e parceirasss || parabéns pelo bom atendimento || Entrega rápida. Produto ótimo || produto de otima qualidade e a entrega super rapida! Parabéns, como sempre vcs arrasam! || Linda a boneca, carinha querida,amei || TUDO CONFORME PEDIDO. BOM VENDEDOR. || Super satisfeita  || Excelente estão de parabéns!  || entrega no prazo corrreto  || A entrega foi super rápida, Obrigada. || Nossa que loja boa chegou muito rápido recomendo  || Entrega antes do prazo, embalagem 100%. ","entrega, parabéns, rapida, super, boneca, entrega foi, satisfeita, bem embalada",True,True,False,positive,0.7565715312957764,,,,
2423252b2432f1803e4f29e0974c6cf7,"Encomendei 2 carrinho da mesma loja 
Mais recebi somente um com a nota de dois carrinhos
Estou no aguardo pelo outro produto || Encomendei 2 carrinho da mesma loja 
Mais recebi somente um com a nota de dois carrinhos
Estou no aguardo pelo outro produto || super seguro meu produto chegou bem antes do prazo amei || Demorou para informar que o pedido tinha sido cancelado. Perdi o prazo para comprar novo presente pro meu sobrinho. Não gostei da postura e ainda não fui ressarsida || Produto entregue muito antes do prazo. || Comprei para ser presente de natal, porem nao recebi o produto, estou solicitando o reembolso || Comprei o produto e no dia seguinte tentei cancelar a venda e a orientação que recebi era para receber o produto e devolver. Gosto de comprar no site da lannister mas fiquei chateada. || Capacidade da bateria do carrinho poderia ser maior e a carga poderia ser feita sem a necessidade de retirar a bateria do lugar.  || Ainda não foi possível avaliar o produto mas a entrega foi super rápida, bem a tempo de ser o presente de natal, correu tudo bem! || Comprei com 16 dias úteis para entrega, levou quase 30 dias, tentei entrar em contado com a targaryen e não tive resposta.  || Produto péssimo. Vieram 4 suportes plásticos prendendo o brinquedo à embalagem. Não tinha instrução de como retirar os suportes. Por pura sorte consegui descobrir um parafuso embutido no centro de cad || Entrega no prazo ,produto correto falta só mais atualizações de informações de local no transporte. || Produto entregue antes do prazo ","carrinho, de, produto, presente, encomendei, da mesma, com nota, natal",True,False,False,neutral,0.4977967441082001,,,,
2481a472d98c582b46bc2dfeae6f539f,"Ótimo  || Compra fácil. Rápida. Recomendo || RECOMENDO,MTO BONITA COM OTIMO CAIMENTO || Ficou faltando uma cortina só veio a juvenil || TD esperado do jeito q pensei || Bom produto || Produto bom e chegou bem antes do prazo || Produto bom bonito barato recomendo e atenciosos c os email 👏👏👏👏👏 || Ótimo produtos. || Fiz o pedido de 02 cortinas, porém recebi somente 01 unidade. A nota fiscal também não veio correta, consta quantidade 03 unidades e valor incorreto. || Fiz o pedido de 02 cortinas, porém recebi somente 01 unidade. A nota fiscal também não veio correta, consta quantidade 03 unidades e valor incorreto. || Produto maravilhoso Adorei Eu recomendo podem comprar que é linda. || Bom produto. Como na imagem","01 unidade, quantidade, somente 01, cortinas, fiz pedido, unidade, correta, recebi somente",True,True,True,positive,0.44577479362487793,,,,
24c66f106f642621e524291a895c9032,"Chegou antes da data do prazo, porem vazou um pouco do produto!  || Foi a segunda vez que tentei comprar com essa loja e o pedido não foi entregue no prazo. || dentro do prazo. fiquei muito contente com a presteza || Creme chegou certinho com o selo de autentico. || Produto original, entrega rápida e bom preço!!! || Tudo veio do jeito descrito, produto de ótima qualidade, recomendo vendedor. || 30min apos a compra, cancelei (tenho print). Mesmo assim vcs mandaram, sob orientação d devolver na entrega, q foi passada aos porteiros, q n devolveram. Já mandei msg p v6, q nd resolvem.Retirem pf!! || Produto original, bom preço e entrega rápida!!! || Melhor creme, excelente. || Não dei nota total por causa da entrega que demorou, mas o problema foi por causa dos correios e não por causa da loja. o produto é original e veio muito bem embalado. Excelente produto! || É uma vergonha uma loja grande e seria como a lojas lannister, trabalhar com lojas irresponsáveis e passar acredibilidade que não existe para lojas com a targaryen, comprei um cosmetico que nunca chegou. || tudo perfeito

 || Ótima  || Comprei o produto e não foi entregue, entrei em contato no sac stark, falaram q deu problema na entrega que ia chegar até 12.01.2018. Porém até agora não chegou tem mais de 30 q comprei o produto. || entregue no prazo || Recebi meu produto no prazo e recomendo essa loja. || Estão de Parabéns, chegou antes do previsto  || Não recebi o produto e empresa informa que recebi. || Recebi no prazo agora e so testar o produto  || Não Utilizei ainda, mas chegou bem rápido ","por causa, causa, produto original, produto, original, lojas, bom preço, entrega que",True,True,True,neutral,0.44280707836151123,,,,
25c38557cf793876c5abdd5931f922db,"recebe apenas 01 peça do produto! estou precisando da 2 peças restante!  || nao recebi a entrega completa , so me entregaram a base faltou o carrinho e o bebe conforto  || Olá, o pedido chegou incompleto estou aguardando chegar o restante dos produtos conforme o pedido no ato da compra. Falta o Carrinho de bebê do kit. Só veio a Base e o bebê conforto. Estou no aguardo! || Comprei um kit, carrinho, bebê conforto e base para o bebê conforto, só foram entregue o bebê conforto e a base, no status do meu pedido está como si a mercadoria, ""kit, tivesse sido entregue. || Boa tarde, até agora recebeu apenas uma parte do carrinho || Boa noite. venho por deste comunicar que recebi apenas o bebe conforto. No ato da entrega faltou o carrinho. Preciso que resolvam o mais rapido possivel. att Alssandro. No aguardo. || Chegou só a base do bebe conforto  || Não recebi o produto na data prevista e nem consigo rastrear  || Chegou a nota fiscal, o bebê conforto e a base .. falta meu carrinho || Produto chegou, porém veio incompleto, sem o bebê conforto.
Aguardo resolução. || Entrega incompleta, faltou duas peças || Peguei frete para minha residência, e tive um prejuízo pra retirar no correio!!! || Só chegou o acoplamento dos carro. O carrinho e bebe conforto não veio. || Até o presente momento foi recebido apenas a base do bebê conforto. || Bom dia lojas lannister gostei dos produtos entrga no prazo mercadoria excelente eu recomento obrigado pela atenção ,Marlinda F dos santos. || Fiz a compra do carrinho de bebê do meu filho antecipadamente pensando que chegaria em tempo hábil e me encontro numa situação em que não consigo devolver meu dinheiro e não consigo receber o produto  || não recebi o produto que comprei e paguei || Comprei o kit do carrinho com bebê conforto e a base e faltou o carrinho, quero uma resposta com urgência. || Preciso até o dia 20 de fecereiro da compra, pois meu fulho vai nascer e a data era dia 9 da entrega || O prazo de entrega foi super rápido, mais tive problemas com a portaria para receber. Como posso solicitar nova entregar ..","conforto, carrinho, bebê, base, faltou, kit, base do, consigo",True,True,False,neutral,0.5653406977653503,,,,
25e2023ed83352bde98dc1490d14c3d8,"Ótimo vendedor, entrega rapida. || Apesar da embalagem estar muito amassada, o produto não estava avariado e chegou no prazo. || Muito grata pelo cuidado e carinho para comigo gostaria de dizer que vcs são 🔝🔝🔝🔝em atendimento ao consumidor feliz 2018 a todos das lojas lannister 😘😘 || Muito grata pelo cuidado e carinho para comigo gostaria de dizer que vcs são 🔝🔝🔝🔝em atendimento ao consumidor feliz 2018 a todos das lojas lannister 😘😘 || Parabéns pelo serviço, chegou no prazo e estou satisfeito com o produto. || A organização está de parabéns, desde e escolha do produto até compra... comunicação de distribuição e logística chegando a entrega foi extremamente rápido e profissional.... show!!! || Boa tarde

Recebi o tapete de eva e não recebi o boneco authentic games.

Como faço?? || Conta pela entrega e envia pelos Correios, desde 26/12 não consigo rastrear e os Correios não me dão posição, sendo, que, comprei o produto com vcs, logo, tbm deveriam se certificar se chegou... || A loja disse que entregaria em 8 dias entregou em 22 dias || Entrega feira antes do prazo. Maravilha!!!! || stark Excelente, já o produto adquirido esse boneco do autêntic games um belo lixo, 120 conto em um boneco de pano frágil e sem graça !!! || Sou cliente satisfeito, nunca tive problemas com essa loja; lannister parabéns a toda a equipe... || Produto ainda nao foi entregue. Ainda continuo no aguardo. || Gostaria de ter recebido antes do Natal. Mas foi entregue dentro do prazo estipulado. || otimo recomendo","grata, comigo, gostaria de, dizer, vcs, das lojas, cuidado, gostaria",True,True,False,neutral,0.3993816673755646,,,,
25f86162fee18735fffdb762dcb10d7c,"macio, regulável, muito confortavel || Não gostei dos travesseiros! Achei que fossem bons, não gostei mesmo! || Produto dez! || Tudo perfeito, adorei. || Entrega antes do prazo previsto 👍 || produto de boa qualidade || Tirando a entrega o produto é ótimo... || Esse modelo de travesseiro não é muuuito alto e é bem duro. É bom para quem busca esse tipo. || Meu produto não foi entregue ainda. E o vendedor não me dar nenhuma satisfação eu já mandamei vários email msg de reclamação é até agora nada foi feito  || muito bom o produto fiquei bem satisteito e vou adquerir mais deste mesmo produto muito bom || muito bom || Olá boa noite. Foi entregue apenas 1 travesseiro. Na minha compra são dois kits, no total de quatro travesseiros. Peço que verifique o erro e possa me dá uma resposta em breve. || Olá boa noite. Foi entregue apenas 1 travesseiro. Na minha compra são dois kits, no total de quatro travesseiros. Peço que verifique o erro e possa me dá uma resposta em breve. || Não recebi o produto nem satisfação da empresa quanto ao ocorrido.  || muito bom atendimento e prazo de entrega || Produto maravilhoso! Entrega dentro do prazo, sempre comunicando a gente dos status da compra. Super recomendo! || Muito bom || excelente produto || Fiz a compra de 5 quantidades e só me foram entregues 4  || Fiz a compra de 5 quantidades e só me foram entregues 4 ","travesseiro, travesseiros, total de, só me, kits, me, entregue apenas, peço",True,True,False,neutral,0.41468366980552673,,,,
283dc451ad3918badb976d56ff887289,"Adoro comprar na loja  || muito bom || sem problemas. recomendo || Roupa de cama de muito boa qualidade. Deixa o quarto lindo. || Apenas é muito demorado o prazo de entrega. || Não recebi as 8 fronhas ainda || Super recomendo, é exatamente como pensei, chegou com 9 dias antes. Parabéns baratheon. || Aguardando a entrega ou a devolução do dinheiro. Irei reavaliar após a resolução da compra. || Sem comentários!!! Ótimo serviço ameiiiiiiii. || muito bom || chegou no prazo, bem embalado e do jeito que eu esperava. recomendo! || O jogo de lençol é lindo,foi entregue antes do prazo. ","lindo, do dinheiro, jogo de, lençol, quarto, pensei, adoro comprar, cama",True,True,False,positive,0.706341564655304,,,,
28a652ff04e43c1bc57937a9f8770f9b,"super recomendo || Produto entregue no prazo. Atendeu minhas expectativas. || O produto foi entregue antes do prazo e junto veio um estojo e uma cartela de adesivos, o que deixou meu filho muito feliz.  || Recebi o produto bem embalado
 || o produto veio antes do prazo muito bom e confiável essa compra || bom || gostei muito,melhor do que eu imaginavam. || Material frágil. Não fiquei satisfeita !!! Achei q fosse melhor.  || Achei exelente. Pous recebi antes do Prazo.  || Produto bom e barato, muito satisfeito!!! || Ótimo produto, entregue 10 dias antes do prazo.","produto, melhor, prazo, do, antes do, achei, antes, do prazo",True,True,True,positive,0.8372090458869934,,,,
29427de7f8a9ee983d9dbc51cec569b4,"A bolsa e muito bonita por fora
Mas dentro não tem forro 
E é bem fragil 
 || Houve alguma confusão entre vendedor e o stark, pois recebi um email do stark pedindo o cancelamento do produto por algum imprevisto na entrega; neguei e recebi o produto dias depois. || Frete caro || Super recomendo!! O produto foi entregue antes do prazo da entrega!!! Produto igual o da descrição!!! || Material otimo e bom custo beneficio e chegou antes do prazo || Recomendo || Loja sempre pontual recomendo  || Ótimo!  || ENTEGA MUITO RÁPIDO....GOSTEI MUITO || muito obrigado esta tudo certo || Ótima bolsa,reforçada,tamanho excelente.Entrega rápida.Super recomendo. || A DATA DE ENTREGA ERA DIA 27/09/2017
MAIS AINDA NÃO RECEBI MEU PRODUTO NA MINHA RESIDENCIA || Muito bom tudo!! || Super ágil na entrega e produto de qualidade. || O material é excelente,simples,acabamento razoável,flexivel, entregue no último dia do prazo válido por 3 semanas. No entanto quero devolver o produto por não responder com a expectativa
 || Produto chegou uns 15 dias antes do prazo. (O que é ótimo) Entrega rápida. Super bem embalado.  || Produto veio correto, no prazo certo, lindo
 || Produto chegou em ótimo estado  || A qualidade da bolsa deve melhorar. || O produto não chegou....minha bebê nasce no inicio de março e não tenho bolsa da maternidade...pois essa que comprei não chegou...paguei frete e não entendi o porquê de vir via pac...esta demorando","bolsa, produto, produto por, por, não, super, entrega produto, entrega",True,True,True,neutral,0.3924347758293152,,,,
2948658cb6abc82847412be7201bfc4c,"Balança de ótima qualidade, tem suprido as minha necessidade com muita eficiência.  || Recomendo! || O pedido foi entregue duplicado, recebi 2 de cada item. Uma das balanças veio danificada. Aguardo a retirada dos itens enviados em duplicidade. || demora, paguei um absurdo no frete ainda não chego, eu reclamei para correio para a lojas amiricanas, o correio falo q não pode faser bada q eu tenho q esperar, ja passo do prazo de entrega || A empresa deveria testar produto antes  || Pedido de 03 balanças.....depois de atraso na entrega...recebi apenas 01 balança...Nota fiscal rasurada na quantidade.....má fé total.....
Estou cancelando compra junto a administradora de cartao.... || Pedido de 03 balanças.....depois de atraso na entrega...recebi apenas 01 balança...Nota fiscal rasurada na quantidade.....má fé total.....
Estou cancelando compra junto a administradora de cartao.... || Pedido de 03 balanças.....depois de atraso na entrega...recebi apenas 01 balança...Nota fiscal rasurada na quantidade.....má fé total.....
Estou cancelando compra junto a administradora de cartao.... || recebi a mercadoria + comprei pra um amigo e acho q esta tudo legal! || boa entrega || Otima qualidade || Infelizmente a caixa de papelão onde estava o produto veio com pouca proteção o que era visível pelo estado ruim da caixa, nem ao menosum plástico bolha para proteger o produto que é eletrônico.
Att || O produto teve um pequeno atraso mais chegou e muito bom eu recomendo!obg || Bom || preciso de ajuda este meu produto veio quebrado e desde que recebi estou entrando em contato com vocês e não tive nenhuma resposta.preciso de ajuda por favor ou vou procurar outros recursos me ajudem. || Parabéns !!!!! Um bom atendimento em todos os sentidos. || produto recebido em boas condiçoes e no prazo || Muito bom || Chegou a pouco, antes do prazo, produto funcionando corretamente. 
Não dei 5 estrelas, porque ainda falta avaliar a durabilidade do produto, rsrs || Comprei 02 balanças e só recebi 01. Mandei mensagem e nada até agora.","cartao, de, quantidade, atraso, apenas 01, atraso na, 01, má",True,True,False,neutral,0.44054391980171204,,,,
2a2d22ae30e026f1893083c8405ca522,"Bom produto, gostei. Apenas faltou ser um pouco mais alti. mas recomendo. || Excelente || Produto chegou dentro do prazo e a qualidade é excelente. Recomendo. || atendimento muito bom  || PRODUTO ENTREGUE AS 4 UNIDADES OK || Adorei recomendo. || Foi entregue bem antes do prazo,mas não foi o que eu esperava. || Prazo de entrega amplo demais. Mas comprei sabendo disso. Produto entregue no tempo certo.  || Entrega perfeita, estão de parabéns toda equipe shop timediatamente.  || gostei muito || Produtos de qualidade... recomendadíssimo  || Não gostei dos travesseiros. Na propaganda parecem diferentes da realidade || Não pude acompanhar meu pedido pelo site. Site muito ruim, não atualiza. Até hoje não aparece. Fiz 02 pedidos iguais, e não aparecia meu pedido. E ele chega de surpresa, fiquei com estoque de produto. || O produto é péssimo. || PRODUTO CONFORME O EXPOSTO NO SIE E ENTREGUE DENTRO DO PRAZO ESTABELECIDO. OBRIGADO. || Muito bom, muito confortável para dormir. || Muito bom || espero que continuem assim,pretendo fazer outras compras. || Entregaram o pedido em duas etapas, ou seja, deu a impressão que veio incompleto no primeiro momento, falando do produto é de excelente qualidade, fiquei satisfeito. || Entregaram o pedido em duas etapas, ou seja, deu a impressão que veio incompleto no primeiro momento, falando do produto é de excelente qualidade, fiquei satisfeito.","incompleto, ou seja, produto, fiquei, primeiro, que veio, de excelente, pedido",True,True,False,neutral,0.33993804454803467,,,,
2a5806f10d0f00e5ad032dd2e3c8806e,"Recebi meu produto corretamente e dentro do prazo,verificando na caixa esta tudo correto,mas ainda não montei.Produto lindo,cor perfeita,amamos.
SUPER RECOMENDO. || Comprei Rosa com Braços Brancos e entregam toda Preta ? || Já foi protocolizada junto ao stark pedido de cancelamento da compra. Estou aguardando resposta do responsável. || Super satisfeita! recebi antes do prazo. || Ótima qualidade  || Eu recebi o produto sem o Pistão da cadeira, abri uma solicitação de devolução e foi cancelada pelo vendedor loja, sem nenhum motivo e vou ficar no prejuízo pois não fui atendido. || Entrega feita antes do prazo e produto excelente! || Recomendo, produto entregue antes do prazo. || Preciso da cadeira, comprei e já faz mais de um mês nada da entrega!!! || O site alia praticidade com muita eficácia. Estou satisfeito. || Comprei e paguei por uma cadeira giratória com braço e recebi uma cadeira sem braço! Quero devolver o produto, não supre a minha necessidade  || Ainda não recebi minha compra. Já passou do prazo previsto!  || Pedi com os braços rosa porém veio no branco  || consta do histórico de rastreamento da entrega que eu recusei receber o produto.
Como assim ??!!
ABSURDO !!! O PRODUTO NÃO CHEGOU !!! || Produto de qualidade, entrega no prazo. Recomendo! || Uma cadeira realmente bonita, fácil de montar, achei um pouco fraca as rodinhas! Mas pro meu uso, o custo benefício foi positivo! || Recebi corretamente. || Ainda não recebi o produto é nenhuma satisfação do vendedor || O produto veio faltando algumas peças a empresa se prontificou a envia las estou aguardando  || O produto veio faltando algumas peças a empresa se prontificou a envia las estou aguardando ","cadeira, uma cadeira, produto, envia, algumas, estou aguardando, aguardando, do",True,True,True,neutral,0.4528096616268158,,,,
2b4609f8948be18874494203496bc318,"Gostei muito  || Primeiramente meus parabéns a loja targaryen que entregou o produto em menos de uma semana e em perfeito estado, produtos acima do esperado, muito bom mesmo, super recomendo!!!!! || Produto top || Produto certinho, o que eu comprei, dentro do prazo e não tive problema algum. || recomendo  || Entrega rápida , produto de qualidade! || Recebi dentro do prazo estabelecido, produtos entregues em perfeito estado || Tesouras afiadas em perfeito estado , design bonito e super faceis de manusear  || Não recebi meu produto, veio um kit de pincéis com nota fiscal de outra pessoa. E até agora não tive um retorno.  || Quero meu dinheiro de volta  || Muito boa || Produto de boa qualidade, recomendo... || Não teve o cuidado de envia a mercadoria de forma correta veio em um simples envelope. || Chegou meu pedido incompleto  || Gostei muito da rapidez da entrega do produto, do atendimento eu indicaria sim. || Produto muito bom , recebi bem antes do prazo , gostei muito e recomendo. || Recebi o produto diferente da foto e faltando uma tesoura.E ninguém até agora resolveu para mim! Não recomendo! Não comprem! || Comprei 2produtos e só recebi 1 estou aguardando e ate agora ja tentei entrar em contato e nada ainda || Gostei || Muito bom","em perfeito, perfeito estado, gostei muito, de, estado, produto, recomendo não, em",True,True,False,positive,0.4449784755706787,,,,
2b7aa376a6e728560bddb5558cc48e89,"produto muito bom...conforme o esperado || produto muito bom...conforme o esperado || produto muito bom...conforme o esperado || produto muito bom...conforme o esperado || produto muito bom...conforme o esperado || produto muito bom...conforme o esperado || Eu fiz o pedido de dois produtos, porém só recebi uma.  || Eu fiz o pedido de dois produtos, porém só recebi uma.  || Recebi uma das duas cadeiras compradas. Estou no aguardo de retorno e até o momento nada! || Recebi uma das duas cadeiras compradas. Estou no aguardo de retorno e até o momento nada! || Ainda não consegui receber o produto em minha casa. || entrega no prazo correto produto em otima qualidade super satisfeita com a minha compra
muito feliz pelo o produto adquerido tanto na entrega como na qualidade do material recebido  ||  Veio faltando peça  || Ainda não terminamos de monta-las, mas eu acho que está tudo correto, recomendo a loja. || Ainda não terminamos de monta-las, mas eu acho que está tudo correto, recomendo a loja. || produto em perfeito de otima qualidade e em perfeito estado .
entrega no prazo dado pela empresa
muito satisfeita com a compra 
eu super recomendo o produto e a loja || Até agora esperando chegar e nada solicito um esclarecimento e resolução o prazo de entrega expirou preciso do produto urgente || Tive que buscar no correio  || Produto atendeu as expectativas. Dentro do prazo previsto. Recomendo. || Produto atendeu as expectativas. Dentro do prazo previsto. Recomendo.","conforme esperado, esperado produto, esperado, recebi uma, produto muito, produto, conforme, produto em",True,True,False,neutral,0.47733810544013977,,,,
2fea0f2cec6b6324a277d4a61c2ed2c6,"Atendimento de primeiro mundo. Fiquei muito satisfeita. || o meu pedido estava para ser entregue até 15/08/2018, mas até agora não recebi. || ótima relação custo benefício || Além de demorar, não chegou. || Quero o meu produto onde está? || Realizei a compra e o pagamento, o prazo venceu e nada do produto ser entregue, na verdade não foi nem enviado ainda. Péssimo! || Cumpriu prazo e produto correto. || Pessima loja. Vendem recebem e não entregam.  || Não recebi pois estava em viagem, o produto ficou poucos dias no correio. Entrei em contato com as lannister mas até agora não reenviaram || Só posso avaliar após o uso! || Não cumprem os ´prazos e ignoram a expectativa do cliente.
Falta profissionalismo.
Impossível recomendar..... || Dormir com o aparelho meu dentes sangrou,estão dolorido,não recomendo. || Eu não recebi minha apostika e fui nos correios e ela não estava lah tambem || Ainda nao usei, farei avaliação quando começar usar. || Super satisfeito. Parabéns. || ainda não posso avaliar  || por favor eu nao recebi o produto prazo de entregar era dia 02/08/2018 hoje e dia 06/08/2018
espero explicacao hoje || entrega rápida || Por ser um.produto de uso oral, é esperado que seja especificado claramente o material do qual é feito e a firma que se responsabiliza legalmente pela produçao, quimico etc
Produto sem responsavel || quero receber o dinheiro da devolução das venezianas que comprei da mazon","08, não, 2018, posso avaliar, mas até, estava, ser entregue, uso",True,True,True,negative,0.5262795686721802,,,,
2ff995aead9c63a1f37a07b3664ead37,"Eu não recebi minha cortina ainda || Produto entregue antes do prazo, boa qualidade e nenhum problema. || Tudo ótimo, porém entrega demorada  || Depois q o app foi atualizado fikou 1 porcaria!!!!!!!!!!!!!! || Ótimo 👍  || Ótimo 👍  || lindos e modernos, amei!!!! || Chegou em uma semana,o prazo era de um mês ou mais,pq em dia de jogo da copa não seria contado como dias uteis, fiquei muito satisfeita com a rapidez.muito bom . || Amei o produto, ficou lindo no quarto da minha filha de 14 anos, ela está apaixonada pelos nichos. Chegou bem antes do prazo...Parabéns pela rapidez.Produto de ótima qualidade. Super recomendo. || Meu produto chegou pela metade Ainda estou aguardando o restante  || Adorei o produto!
Entrega rápida! || AINDA NÃO RECEBI O PRODUTO, GOSTARIA DE SABER QUAL O MOTIVO DA DEMORA.  || boa noite !
até o exato momento não recebi o meu produto
que comprei.
gostaria de obter uma imformação sobre o motivo
do atrazo || Não recebi nada. Fui enganada paguei um frete que não foi executada. Quero meu dinheiro de volta. Quero saber o que fazer para ser ressarcida.","motivo, de, não recebi, produto, rapidez, gostaria de, não, saber",True,True,False,neutral,0.4421391487121582,,,,
2ffdf10e724b958c0f7ea69e97d32f64,"Comprei o relógio, unissex e enviaram um relógio feminino, bem menor que as especificações do anúncio. || Achei um pouco menor do q o esperado mas quanto ao vendedor tudo ok || Vocês deveriam passar algum contato direto com o fornecedor, minha encomenda ainda não chegou e agora ? || Apesar de não ter 100% de certeza da procedência do produto, recomendo, apesar de o mesmo só com 7 dias de uso já apresentar pequenas corrosões nas laterais, ?ferrugem? oque não deveria acontecer ?? || Alem de excelente qualidade, o produto foi entregue no prazo conforme especificação do site. || Olá, a descrição do produto não corresponde com o modelo recebido  || Esperava que fosse maior! Mas é muito bonito. Recomendo.  || Boa noite, não recebi o produto. Correios nunca atualizou o código de rastreio e nem uma posição da loja até o momento. || Chegou tudo certinho! Recomendo dmais  || Pedi o produto errado, solicitei autorização para devolução, até agora sem resposta. || Informo que até o presente momento não recebi a compra do dia 20/02 com prazo para entrega no dia 21/03. Informo ainda que me sinto extremamente lesado, tendo em vista que o mesmo serviria de presente || Deveria ter fotos reais do produto. No caso do relógio, deveria ter uma foto no pulso pra saber mais ou menos o tamanho real. Esse que recebi é um mini. Parece relógio que ganha quando compramos doce. || Chegou no prazo, porém o prazo definido era muito grande. Há uma demora muito grande 
para entrega, quase três semanas, que prejudica a compra. O razoável para minha cidade seria uma semana máximo || Como faço pra conferir aonde está meu produto? || Esse produto não foi entregue  || O tempo de entrega chegou até antes,eu estava muito ansiosa para receber o produto.chegou na caixa tudo certo,garantia e nota fiscal.achei até que fosse réplica por ser leve,mas é original. || só recebi um dos produtos, quando na verdade eu pedi dois  || Comprei o relógio no dia 25 de novembro e até agora o produto não chegou. Queria muito o produto, mas infelizmente vou ter que cancelar a compra. || Zero responsabilidade || Já mandei varios emails reclamando sobre a entrega, e ninguém me responde ! ","relógio, produto, que, até, ter, deveria, de, que fosse",True,True,False,neutral,0.47628355026245117,,,,
30ac6df06dc59ad72cf2f158fc2d904c,"Não recebi os produtos, quero meu dinheiro de volta.
Por favor me reembolsar || aguardo entrega do produto || O prazo de entrega venceu a 2 dias e ainda não recebi o produto. Já enviei e-mail para essa loja parceira das lannister.com mas eles não respondem. || otimo cabides vieram todos certos || Produto de acordo com oq eu esperava. Recomendo.  || Chegou dentro do prazo em perfeitas condições. || as araras são boas, mas não recebi os cabides do mesmo pedido. || as araras são boas, mas não recebi os cabides do mesmo pedido. || Comprei cabides e os ganchinhos dos cabides vieram alguns quebrados. A caixa de papelao estava bem detonada com as laterais rasgadas. Quando fui abrindo a caixa os ganchinhos ja foram caindo no chao || Entrega super rapida, produto excelente!  || Não recebi o produto || Produto chegou certinho e muito rápido. || Produto chegou certinho e muito rápido. || Produto ótimo supriu minha necessidade.  || Produto bom com entrega rapida mas veio 1 cabide quebrado. || entrega foi realizada antes do prazo máximo, foi bem mais rápido que o esperado! || Alguns cabides chegaram quebrados","recebi os, boas, chegou certinho, os, não recebi, produto, rápido produto, alguns",True,True,False,neutral,0.4145841598510742,,,,
31a2f42a87890f87d77daebdfabc182e,"Aconselho a compra. || Somente um problema: todos os bonecos são musicais, no entanto, as músicas são em inglês. || Chegaram a tempo, porém a costura da barriga dos cachorrinhos não era de qualidade || Recomendo!! || So acho que deveria ser entregue todos juntos. || O produto chegou com 10 dias. Adorei! São de um material bom e um tamanho bom. Achei que seriam menores. Muito bom! Obrigada! || O produto que recebi é totalmente diferente do que é divulgado nas fotos do anúncio! Produto de qualidade baixa. Dá pra perceber que as etiquetas são diferentes. Estou muito insatisfeito! || Perfeita  || entrega super rapida, produtos lindos, parabens! || RECEBI O PRODUTO BEM ANTES DA DATA PREVISTA . O PRODUTO VEIO CORRETAMENTE. MUITO SATISFEITA COM O PRODUTO. || Chegou muito rapido..lindos || Os produtos que me mandaram foram replicas do que eu solicitei. Produtos de péssima qualidade!!! || Ótimo 
Produto super recomendo. || recomendo a tds que quiserem comprar. || OTIMO SERVICO || Muito Bom  || Produto e prazo de entrega dentro do combinado || Produto muito diferente do anunciado. Costura mal feita, enchimento torto que deixa a cabeça dos filhotes com uma aparência muito estranha. Um veio até de cor diferente do personagem. ","diferente do, são, costura, que, diferente, produto, lindos, muito",True,True,False,neutral,0.36066246032714844,,,,
3225c54bb2785c33f49f50398fcdb88c,"Produto chegou mais rápido do que eu esperava, tudo perfeito, recomendo! || Relógio muito bonito "" Entrega rapida || Produto barato vendido no camelo por 20 reais , veio sem o celo de qualidade , sem etiqueta e manual do relogio , veio numa caixa simples e nao na preta original da casio  || Produto entregue em mãos,lindo e original.Desagradou o fato de cobrar taxa de entrega rápida 10 dias e não cumprir com o combinado.Quero reembolso da taxa extra.Não se vende o que não têm.  || Fiz uma compra de dois produtos, um relógio no valor de 175,00 e outro no valor de 270,00 no entanto recebi um produto com valor menor q o q foi pago e o outro no valor de 270,00 não recebi || Nao cumpre o prometido || Comprei um modelo de relógio e acabei de receber outro produto  || Ótimo. Parabéns || estou aguardando a chegada do produto || Muito bom. || Produto bom e chegou antes do prazo previsto.Estou muito satisfeita. || Muito lindo, chegou no prazo e certinho  || Produto chegou perfeito.Entregue muito antes do prazo. || UNICO PROBLEMA E A DEMORA || Ainda não recebi o produto encomendado. || Relógio ótimo, como na descrição || o produto veio na cor errada, preciso de troca conforme contato anterior, pois era um presente de aniversário para meu filho || O rastreamento não estava funcionando,a previsão estava errada e eu precisava com urgência,fora que veio numa embalagem aberta","no valor, valor de, 00, relógio, valor, de, produto, numa",True,True,True,neutral,0.4978604018688202,,,,
32e18e89237933ebdaaebd78a27e7fa1,"Ao comprar 11 lixeiras, tive que pagar o frete individualmente, como se tivesse comprado apenas 1 lixeira. O stark poderia ter montado 1 caixa maior com as 11 lixeiras dentro que seria mais barato || Ao comprar 11 lixeiras, tive que pagar o frete individualmente, como se tivesse comprado apenas 1 lixeira. O stark poderia ter montado 1 caixa maior com as 11 lixeiras dentro que seria mais barato || Ao comprar 11 lixeiras, tive que pagar o frete individualmente, como se tivesse comprado apenas 1 lixeira. O stark poderia ter montado 1 caixa maior com as 11 lixeiras dentro que seria mais barato || Ao comprar 11 lixeiras, tive que pagar o frete individualmente, como se tivesse comprado apenas 1 lixeira. O stark poderia ter montado 1 caixa maior com as 11 lixeiras dentro que seria mais barato || Ao comprar 11 lixeiras, tive que pagar o frete individualmente, como se tivesse comprado apenas 1 lixeira. O stark poderia ter montado 1 caixa maior com as 11 lixeiras dentro que seria mais barato || Ao comprar 11 lixeiras, tive que pagar o frete individualmente, como se tivesse comprado apenas 1 lixeira. O stark poderia ter montado 1 caixa maior com as 11 lixeiras dentro que seria mais barato || Ao comprar 11 lixeiras, tive que pagar o frete individualmente, como se tivesse comprado apenas 1 lixeira. O stark poderia ter montado 1 caixa maior com as 11 lixeiras dentro que seria mais barato || Ao comprar 11 lixeiras, tive que pagar o frete individualmente, como se tivesse comprado apenas 1 lixeira. O stark poderia ter montado 1 caixa maior com as 11 lixeiras dentro que seria mais barato || Ao comprar 11 lixeiras, tive que pagar o frete individualmente, como se tivesse comprado apenas 1 lixeira. O stark poderia ter montado 1 caixa maior com as 11 lixeiras dentro que seria mais barato || Ao comprar 11 lixeiras, tive que pagar o frete individualmente, como se tivesse comprado apenas 1 lixeira. O stark poderia ter montado 1 caixa maior com as 11 lixeiras dentro que seria mais barato || Ao comprar 11 lixeiras, tive que pagar o frete individualmente, como se tivesse comprado apenas 1 lixeira. O stark poderia ter montado 1 caixa maior com as 11 lixeiras dentro que seria mais barato || está faltando 01 item, gostaria de saber quando vai ser entregue. || está faltando 01 item, gostaria de saber quando vai ser entregue. || está faltando 01 item, gostaria de saber quando vai ser entregue. || está faltando 01 item, gostaria de saber quando vai ser entregue. || está faltando 01 item, gostaria de saber quando vai ser entregue. || Produto entregue perfeitamente e no prazo. Ótimo custo benefício para o Condomínio  || mercadoria entregue || Recebi apenas o suporte de teto, o coletor de pilhas ainda não.  || PRODUTO OK APENAS DEMOROU MUITO PRA CHEGAR","11 lixeiras, lixeiras, 11, individualmente, apenas lixeira, montado, montado caixa, as 11",True,False,True,neutral,0.4796392321586609,,,,
3354a4e684f5e7199f9407db70ccd92b,"chegou antes do prazo, e o produto mto bom ||  Entrega no prazo , gostei || Adorei as bolsas, lindas! || Produto falsificado código de autênticidade falso. || Pelo preço o produto está ótimo. Material não é de ótima qualidade, mas é bem bonito até. ||  Só acho o frete aqui pra minha cidade caro, algumas coisas desisto de comprar por causa do valor do frete. Mas fora isso tudo beleza 



 || recebi so a bolsa  || Recomendo chegou antes do prazo gostei muito material muito bom || Adorei comprar com vcs, produto excelente, chegou 10 dias antes do prazo estabelecido || As bolsas são lindas.
Gostei bastante. || frete muito caro || Ótimo produto e veio em perfeito estado. || Chego uma semana antes do prazo, paguei na terça na quinta feira da mesma semana já estava na minha residência. || Muito bom, mesmo com a greve, produto foi entregue antes do prazo. || muito boa entrega antes do prazo .
 || Produto lindo e de ótima qualidade. || Acho que deve ser culpa dos correios || Produto chegou uns 15 dias antes do prazo. (O que é ótimo) Entrega rápida. Super bem embalado.  || produto conforme o solicitado || Entrega bem antes do prazo, produto ótimo.
Recomendo","do, antes do, produto, prazo, antes, do prazo, bolsas, lindas",True,True,True,neutral,0.4209684133529663,,,,
33ba4b29d820b397054cc97e892ab1bc,"Entrega rápida.
 || recomendo || Quando meu produto estiver entregue posso avaliar. || Comprei há um mês atrás e nunca chegou, não existe canal de comunicação eficiente e até pra reclamar q não chegou tive q esperar quase uma semana || Otimo. Entregue bam antes do prazo contratado || Facil e bom || Recebi o produto certo antes do prazo terminar. 
 || não tenho opinião || Produto bem embalado. Entrega demorou mais que as concorrentes, porém foi 2 dias antes de vencer o prazo. || Chegou bem antes do prazo || Vendedor entregou conforme prometeu.
Único problema é que envia através do Correios. E estou preferindo via transportadora ultimamente.  || ainda não testei || Gostei muito","existe, envia, atrás, produto certo, antes, via, único, não testei",True,True,False,neutral,0.44619035720825195,,,,
349ce46a0e2e20054aa9d80c48af8816,"Produto de qualidade  || Lindo produto, gostei e recomendo o prazo de entrega foi ótimo. E ficou lindo em minha cozinha || Só recebi um item || As luminárias vieram mal embaladas, portanto amassaram. Os copinhos que escondem o fio na base não vieram. || Lindos pendentes || Obrigada, o produto chegou antes do prazo e é muito bonito. || Realmente são lindos ainda não coloquei,mas tenho certeza que vou gostar || Não recebi o produto corretamente! || Não recebi o produto corretamente! || Produto de ótima qualidade,recebi antes do prazo.super satisfeita. || Entrega mega rápida.","produto corretamente, lindos, vieram, corretamente, produto, lindo, são lindos, luminárias",True,True,False,positive,0.6810737252235413,,,,
34d6306314a47fe15c1efdbc23302020,"No anúncio dizia ""Marca--- Canon"" e eu recebi um produto ""Similar"" ""compatível"". Se eu quisesse um produto falsificado/pirata compraria na minha cidade por 10 reais, não precisaria recorrer à internet || Primeira vez que faço compra com eles , comprei um cartucho dá marca Canon e eles me enviaram o compatível .Resultado não funcionou na minha impressora || ta funcionando bem || Comprei o cartucho esperando que fosse original. Faltaram informações / esclarecimentos de que se tratava de um produto compatível.  || produto bom bem embalado  || Bom || Paguei por um produto que estava no anuncio e recebi outro. || Na foto do site das lannister é exibida uma foto do cartucho Canon Original, porém o produto recebido não é Canon, trata-se de uma cartucho genérico de reposição. || Produto entregue antes do prazo, super recomendo. || O produto veio certo e a entrega foi super rápida, antes do prazo || Comprei o cartucho canon PG 210 e me entregaram o 210XL, mandei a solicitação de troca por e-mail e até agora não obtive retorno nenhum. || Pelas descrições do site, trata-se de um produto original, em nenhum momento está claro para o consumidor (conforme previsto em estatuto) que se trata de um cartucho compatível. || Recebi produtos diferentes do anunciado e pior de 02 und compradas recebi somente 01 und. Não gostei, pedi a devolução do dinheiro. || Recebi produtos diferentes do anunciado e pior de 02 und compradas recebi somente 01 und. Não gostei, pedi a devolução do dinheiro. || Comprei um cartucho com especificações originais CANON e recebi um cartucho recarregado. || Infelizmente esta é a 1ªcompra que não foi boa .O cartucho comprado veio com defeito não sendo reconhecido pela impressora.Já mandei um e mail para o site pedindo o cancelamento da venda e a devolução || Foi uma ótima compra, chegou rapidinho e com toda garantia.... || O produto chegou perfeito. || Nada a declarar || comprei o cartucho canon como original, pela embalagem e por falta de informação de que era compatível, e recebi um cartucho compatível, que ao que tudo indica é recarragado. Não era isso que queria.","cartucho, compatível, um cartucho, trata, um produto, um, original, de",True,True,False,neutral,0.47845205664634705,,,,
35afc973633aaeb6b877ff57b2793310,"Estou plenamente satisfeita com minha aquisição. E recomendo. A única coisa que não concordo é com o valor de frete. Autíssimo. || ******************* || Comprei toalhas Karsten e recebi um jogo de tolhas de pessima qualidade, preciso devolver esta mercadoria. || Chegou tudo direitinho e na data correta || recomendo || No anúncio disseram que era felpudo, só que não, descrição nada haver || Otimo || Achei que a qualidade fosse melhor!! Mas gostei.. || Entrega rapida, as toalhas sao boas pelo valor || Gostei muito do produto || Comprei 3 conjuntos, veio apenas 1 || Comprei 3 conjuntos, veio apenas 1 || Comprei 3 conjuntos, veio apenas 1 || vou terminar de pagar a mercadoria e não recebi, muito insatisfeito com a compra. || Só esperava q chegasse meus produtos no prazo e não chegou... || Confesso q fiquei com medo de comprar por conta do comentário anterior como gosto nao se discute. Comprei a toalha chegou é muito linda, é grande, so nao é de marca, é um pouco inferior. Vale o preço || produtos de ótima qualidade, sempre que posso compro. Tem durabilidade uma textura maravilhosa. simplesmente perfeitas. || São bonitas, o único problema que são muito finas. Deveria ser melhor  || Até agora nada do produto ser entregue. O que eu devo fazer ? || Muito bom.. Chegou dentro do prazo ","veio apenas, apenas comprei, toalhas, que, de, comprei, apenas, que não",True,True,True,neutral,0.4335037171840668,,,,
35ebf08a93899d44e756809e11b14754,"Produto dentro dom esperado. || Veio antes do prazo || A entrega atrasou || Produto não entregue. Gostaria de saber como proceder para ressarcimento ou entrega do mesmo. || O controle funciona conforme o esperado. Ótimo produto. || O controle funciona conforme o esperado. Ótimo produto. || Ainda não usei, mas produto de qualidade, não é frágil como os que compramos no paralelo. Recomendo. || otimo || Achava se tratar de produto original Samsung, alem de pagar frete e ter que buscar nos correios || Chegou até antes do prazo estabelecido || Fiz a compra de 2 controles remotos da Samsung e me entregaram controles falsos.
Não recomendo pra ninguém.
Propaganda enganosa. || Fiz a compra de 2 controles remotos da Samsung e me entregaram controles falsos.
Não recomendo pra ninguém.
Propaganda enganosa. || Bom || funcionou perfeitamente || recomendo por tudo da avaliaçao.","controles, enganosa, conforme esperado, controle, propaganda, esperado, me entregaram, fiz compra",True,True,False,negative,0.5226198434829712,,,,
362b773250263786dd58670d2df42c3b,"Estou muito satisfeita, a rapidez que chegou o produto , bem antes do previsto || Recomendo.  || Vi pela internet que o produto é falso, dentro da capsula nao tem o pozinho vedadeiro, mega chateada . || Vi pela internet que o produto é falso, dentro da capsula nao tem o pozinho vedadeiro, mega chateada . || Vi pela internet que o produto é falso, dentro da capsula nao tem o pozinho vedadeiro, mega chateada . || COMPREI 4 FRASCOS MODER E VEIO SO 1 COMBRANDO O VALOR DE 4.
INJUSTOS SE NAO ME DER SATISFAÇÃO VOU CANCELAR A COMPRA NO CARTAO FRAUDE AMERICANA || COMPREI 4 FRASCOS MODER E VEIO SO 1 COMBRANDO O VALOR DE 4.
INJUSTOS SE NAO ME DER SATISFAÇÃO VOU CANCELAR A COMPRA NO CARTAO FRAUDE AMERICANA || COMPREI 4 FRASCOS MODER E VEIO SO 1 COMBRANDO O VALOR DE 4.
INJUSTOS SE NAO ME DER SATISFAÇÃO VOU CANCELAR A COMPRA NO CARTAO FRAUDE AMERICANA || COMPREI 4 FRASCOS MODER E VEIO SO 1 COMBRANDO O VALOR DE 4.
INJUSTOS SE NAO ME DER SATISFAÇÃO VOU CANCELAR A COMPRA NO CARTAO FRAUDE AMERICANA || Estou usando o produto ainda. Não tem como falar se é bom ou não.  || Parabéns pelo comprometimento dos envolvidos.
Att, || Na vdd paguei por 3 produtos e recebi somente 2 produtos, quero saber qd chega o terceiro? Não posso ficar no prejuízo,. Pois confio muito nesta empresa, obgdo || Na vdd paguei por 3 produtos e recebi somente 2 produtos, quero saber qd chega o terceiro? Não posso ficar no prejuízo,. Pois confio muito nesta empresa, obgdo || Na vdd paguei por 3 produtos e recebi somente 2 produtos, quero saber qd chega o terceiro? Não posso ficar no prejuízo,. Pois confio muito nesta empresa, obgdo || Muito bom || O produto vendido é falsificado . A imagem do produto é embaçada pra não dar pra perceber claras diferenças entre ele e o original  || O produto vendido é falsificado . A imagem do produto é embaçada pra não dar pra perceber claras diferenças entre ele e o original  || Não chegou disse q tava com problema e até agora nada...preciso saber vai chegar ou não... preciso saber.. || comprei 3 produtos e vieram apenas 2. estou tentando entrar em contato a dias e não consigo. quando sera entregue o outro produto? || comprei 3 produtos e vieram apenas 2. estou tentando entrar em contato a dias e não consigo. quando sera entregue o outro produto?","cartao, veio so, frascos, cancelar compra, compra no, valor de, americana, satisfação",True,True,True,negative,0.44392821192741394,,,,
363218ba55c610b750224f90bdd34be1,"chegou dentro do prazo e o produto é de excelente qualidade! Acabou as dores nas costas, estou dormindo muito bem! || chegou dentro do prazo e o produto é de excelente qualidade! Acabou as dores nas costas, estou dormindo muito bem! || produto entregue conforme anunciado. || Gostei demais do travesseiro. É como descrito no site. || Entrega no prazo e produto em perfeitas condições. || Não gostei do produto, vou solicitar troca || O produto era exatamente como eu esperava e chegou bem antes do prazo || Comprei 2 travesseiros foi entregue apenas 1. Tive que entrar em contato com a empresa para receber o segundo item do meu pedido.  || Produto excelente e muuuuita agilidade na entrega.Vou comprar mais 2! || Produto excelente e muuuuita agilidade na entrega.Vou comprar mais 2! || chegou dentro do prazo de entrega || o produto é ótimo e chegou antes do prazo previsto || Só recebi metade do que comprei || Só recebi metade do que comprei || Entrega muito rápida! Quanto ao produto em si, seria melhor verificarem como estão guardando no estoque pois chegou com ""cheiro"", como se estivesse sido guardado há tempos em ambiente empoeirado. || Vale a pena adquirir. Preço justo.  || muito bom gostei muito || muito bom gostei muito || Produto entregue antes do prazo. || Travesseiro gostoso. Posso vir a comprar novamentw","do, produto, travesseiro, chegou dentro, metade do, vou comprar, agilidade, metade",True,True,True,neutral,0.4590376317501068,,,,
368c6c730842d78016ad823897a372db,"Parabéns a loja lannister e o parceiro meu produto veio bem embalado e ele é mto lindo e grande do jeito que eu queria .
A cor marrom é conforme mostra na foto eu amei o meu pendente . || Tudo ok. Conforme o anúncio. || A entrega foi antes do prazo estipulado, e o produto foi entregue como descrito. || o produto nao poder ser avaliado ainda nao recebi || Comprei dois pendentes,Quando fui fazer a retirada nos Correios só tinha um. Estou aguardado uma posição da empresa. || Comprei dois pendentes,Quando fui fazer a retirada nos Correios só tinha um. Estou aguardado uma posição da empresa. || recomendo... || recomendo... || ADOREI O PRODUTO || Produto de um ótimo acabamento recomendado.  || Produto de um ótimo acabamento recomendado.  || Produto de um ótimo acabamento recomendado.  || Ótima qualidade.  || Entregou dentro do prazo e conforme solicitado. Muito bom!! || Tudo ok. || Parabéns || Parabéns || Não recebi a minha mercadoria até o momento 
Gostaria que alguém me desse uma posição do porque não ser entregue  || Tudo conforme o anúncio. Recomendo. || PRODUTO DE BOA QUALIDADE E BONITO","recomendado, um ótimo, uma posição, posição, de um, acabamento, conforme anúncio, pendentes",True,True,False,neutral,0.450996458530426,,,,
36f60d45225e60c7da4558b070ce4b60,"O preço foi ótimo, o prazo de entrega que é longo (mais de 1 mês para entregar). Comprei 2 cartuchos e entregaram apenas 1, reclamei e enviaram o outro ainda dentro do prazo de entrega. || só acho que poderia ter comprado mais cartuchos, mas não as fiz porque cada cartucho veio em um frete diferente, coisa que poderiam ser colocados em um único pacote, o que baratearia o frete. || Cartucho HP 60 colorido não funciona, impressora não reconhece como HP. Solicito instruções para devolução do produto e do dinheiro já pago..No Reclame Aqui tem varias queixas de produtos da targaryen . || Ainda não recebi este item  || Pedi uma tinta colorida e uma preta e só recebi a tinta preta || Nunca vi demorarem tanto para entregar um cartucho
Está vindo da China ?  || Aguardando o recebimento do produto. Foi entregue parcialmente restando alguns itens. || Aguardando o recebimento do produto. Foi entregue parcialmente restando alguns itens. || Recebi o produto direito, no prazo. || Comprei um cartucho 60xl preto na mesma data na Americana fornecedor Inga Printing Shop e acabou vindo 10 dias antes || Até o momento o produto não chegou. Está fora do prazo de entrega. || Recebi meu pedido, três cartuchos para impressora HP ""originais"", porém ao instalá-los na impressora, a mesma recusou informando que eram recarregados. Solicitei a devolução, mandei dia 16/07 e nada. || Recebi meu pedido, três cartuchos para impressora HP ""originais"", porém ao instalá-los na impressora, a mesma recusou informando que eram recarregados. Solicitei a devolução, mandei dia 16/07 e nada. || cartucho original lacrado || OtiMo preço || Boa || A Josiane , funcionária da lannister .com merece todo meu respeito pela prestesa e correção no comportamento ético e profissional.  || Tudo muito bom. || o produto atrasou demais na entrega e além disso a entrega não foi completa, pois faltou um cartucho de tinta colorido....INSATISFAÇÃO é o que define de forma educada minha avaliação. || o produto atrasou demais na entrega e além disso a entrega não foi completa, pois faltou um cartucho de tinta colorido....INSATISFAÇÃO é o que define de forma educada minha avaliação.","cartucho, impressora, um cartucho, hp, tinta, cartuchos, colorido, mesma",True,True,True,neutral,0.483442097902298,,,,
3713f19c71c4be21ced80738e2fa49bc,"Entregaram dentro do prazo porém a previsão foi muito extensa. E como a lannister sempre me entregou antes do prazo, achei que esse produto iria chegar antes do previsto. || Bom produto. || COMPREI 6 CADEIRAS E SÓ RECEBI 1 E AINDA VEIO NA COR ERRADA! ENTREI EM CONTATO VÁRIAS VEZES E NÃO ME DERAM NENHUMA ATENÇÃO! TOTAL DESCASO COM O CLIENTE. || COMPREI 6 CADEIRAS E SÓ RECEBI 1 E AINDA VEIO NA COR ERRADA! ENTREI EM CONTATO VÁRIAS VEZES E NÃO ME DERAM NENHUMA ATENÇÃO! TOTAL DESCASO COM O CLIENTE. || COMPREI 6 CADEIRAS E SÓ RECEBI 1 E AINDA VEIO NA COR ERRADA! ENTREI EM CONTATO VÁRIAS VEZES E NÃO ME DERAM NENHUMA ATENÇÃO! TOTAL DESCASO COM O CLIENTE. || COMPREI 6 CADEIRAS E SÓ RECEBI 1 E AINDA VEIO NA COR ERRADA! ENTREI EM CONTATO VÁRIAS VEZES E NÃO ME DERAM NENHUMA ATENÇÃO! TOTAL DESCASO COM O CLIENTE. || COMPREI 6 CADEIRAS E SÓ RECEBI 1 E AINDA VEIO NA COR ERRADA! ENTREI EM CONTATO VÁRIAS VEZES E NÃO ME DERAM NENHUMA ATENÇÃO! TOTAL DESCASO COM O CLIENTE. || COMPREI 6 CADEIRAS E SÓ RECEBI 1 E AINDA VEIO NA COR ERRADA! ENTREI EM CONTATO VÁRIAS VEZES E NÃO ME DERAM NENHUMA ATENÇÃO! TOTAL DESCASO COM O CLIENTE. || Até o momento nada que desabone vamos ver quando for montar a cadeira,em relação a entrega deixou a desejar em relação ao prazo. || fiz a compra de 6 cadeiras e so recebi 2, e o stark não se responsabiliza pela mercadoria comprada no site dele um absurdo. || fiz a compra de 6 cadeiras e so recebi 2, e o stark não se responsabiliza pela mercadoria comprada no site dele um absurdo. || fiz a compra de 6 cadeiras e so recebi 2, e o stark não se responsabiliza pela mercadoria comprada no site dele um absurdo.","cadeiras, comprei cadeiras, cadeiras só, descaso, cor errada, várias vezes, veio na, me deram",True,True,False,neutral,0.44823840260505676,,,,
380b4664ba5bb18cc9db78ee6bac3558,"Produto correspondente as minhas expectativas! Foi entregue antes do prazo estabelecido!  || O relógio é bonito o material é um pouco duro, mas é bakana
 || Veio como eu esperava  || O produto é ruim não esperava que o relógio fosse dese tipo esperava que o relógio teria uma tela avista não fechada o led e muito fraco não tão visível como na foto detestei o relógio  || Otimo! || Gostei do serviço  || Gostei do Relógio que comprei so faltou o manual  || Gostaria de saber como deixar visível a hora. Leva apenas 5 segundos no visor ao apertarmos o botão. Tem como fazer isso ? Posso colocar em 24 horas ? Como acertar a hora, se adiantar ou atrasar ? || Nunca recebi o produto, entrei com o pedido de reembolso e fui ignorado! || Nesse tipo de compra, como a gente não conhece a loja que tinha o produto e o entregou, a gente confia no stark. || O Produto chegou 15 dias depois do pagamento e voltarei fazer outras compras desta empresa ! Vcs estão de parabéns 😍😍 || O produto não tem nada a ver com as fotos do site , não recomendo de forma alguma || Muito bom.
 || otima || Produdo muito fragil e superficial.
parece um relogio de Brinquedo. || Entrega rápida || bom atendmento","relógio, como, esperava, tipo, hora, não, de, gostei do",True,True,False,neutral,0.4988151788711548,,,,
386486367c1f9d4f587a8864ccb6902b,"Bom dia!
já sou cliente da baratheon a alguns anos,não tive reclamação... mas esta cortina que comprei não gostei péssimo em acabamento, fica tudo engovinhado gostaria de trocar produto.
 || ESTAVA NOS CORREIOS E NÃO TINHA VISTO MEU EMAIL. Desculpas já peguei👌 || RECOMENDO || RECOMENDO || faltou entregar 1 cortina, mandei msg ontem mesmo, o porteiro recebeu pq eu não estava em casa, a nota consta 3 cortinas mas só foram entregues 2, verificar por favor pq deve ter sobrado 1 no carro  || faltou entregar 1 cortina, mandei msg ontem mesmo, o porteiro recebeu pq eu não estava em casa, a nota consta 3 cortinas mas só foram entregues 2, verificar por favor pq deve ter sobrado 1 no carro  || faltou entregar 1 cortina, mandei msg ontem mesmo, o porteiro recebeu pq eu não estava em casa, a nota consta 3 cortinas mas só foram entregues 2, verificar por favor pq deve ter sobrado 1 no carro  || Não recebi meu pedido completo. || Não recebi meu pedido completo. || não recebi minha cortina || Muito bom || Loja sempre agiu com correção. || Loja sempre agiu com correção. || A qualidade do produto não foi a esperada.  || Fui no correio buscar meu produto, só derem um produto, ,é outro disseram que não estava lá, fui buscar hoje é disseram que mandaram de volta, fui no prazo, quero frete de volta, pois vou na justica. || Produto com defeito de tamanho, um lado maior que o outro e as costuras erradas no tamanho  || o produto é bem diferente da foto, não gostei do material, na foto a renda aparenta ser mais grossa e é extremamente fina e sem forro.  || A cortina não é a estampa da foto que divulgam no site, emo tecido do barrado também é mais comum do que mostra na foto do site. Esperava que fosse de melhor qualidade || Comprei o produto em Março, praticamento quase em Junho ainda não chegou. || Comprei duas cortinas , porém só chegou uma , quero saber o que aconteceu , entro no site da lannister e só diz atrazo no envio dessa mercadoria porém da como pedido entregue! Mentira !","cortina, pq, não estava, cortinas, verificar, não, recebeu, carro",True,True,False,neutral,0.4259418249130249,,,,
389d119b48cf3043d311335e499d9c6b,"Bom produto. Entrega rápida. Recomendo || Produto lindo e de ótima qualidade  || Produto lindo e de ótima qualidade  || Produto lindo e de ótima qualidade  || Amei! Lindo! || A Luminária é muito bonita, atendeu minha expectativa. Chegou rapidinho || Achei q demorou muito  || Achei q demorou muito  || Produto está atrasado  || Produto está atrasado  || Sempre comprei nessa loja, espero que seja somente um falha dos correios, tenho certeza que resolvera essas situação do meu produto.
  || lindo! entrega rapida! || o Site terceirizado junto a lannister deveria apenas posicionarmos o rastreamento do produto. Para ficarmos informados das posições do pedido, o resto esta OK prazo de entregas bem antes do previsto || Bom produto. || Excelente produto! Recomendo! || Gostei muito, recomendo 😃 || Gostei muito, recomendo 😃 || Favor procurar utra transportadora...Correios sem qualidade. || Produto deve ter extraviado || O produto chegou no prazo máximo para entrega, mas veio em perfeitas condições
","produto lindo, lindo, lindo de, produto, qualidade produto, atrasado, muito recomendo, de ótima",True,True,False,positive,0.39292848110198975,,,,
3b0f7951038b105522c2d566b54421f7,"Gostei muito do produto, a entrega veio antes do prazo. Recomendo, fica bem encaixado no celular, não tira a elegância do aparelho, como outras as capas que deixam monstruoso com o tamanho. || Compreis os 2 itens só recebi a película de vidro  || Capinha encaixa super bem no aparelho, material de qualidade. E chegou bem antes do prazo. || Produto entregue no prazo, conforme combinado. || O produto veio com uns pequenos defeitos nada demais, porém me incomodou um pouco. || Chegou antes do prazo previsto. Amei a capa. || Confiável, rápido e com Bom Preço. || Não recebi, passou do prazo, tentei localizar e disse que:o produto tinha saído dos correios de SP,encaminhado a outra agência,e,na outra agência,fui informando que o produto não tinha chagado lá. || Produto entregue dentro do prazo.
A capinha tem boa qualidade e macia não alterando mto as dimensões originais do aparelho semelhante as capas de boas qualidades de concorrentes como a Apple. || O produto não condiz com a descrição. É de baixíssima qualidade para o preço. Coisa da China q custa 10,00 no máximo. Estou solicitando meu dinheiro de volta porém a loja não entra em contato. Péssima || Excelente aparelho, rápido e resistente...não vem com fones mas vem com película e carregador rápido. Recomendo! || Até agora não recebi meu produto ,faz mais de 1 mês que comprei no site e ate agora não chegou em minha residência || Satisfeito... produto entregue mais rápido do que o esperado. || Produto de excelente qualidade,mais o preço é exorbitante!!! || Ainda não recebi o produto mesmo após incríveis 20 dias para a entrega. 
Mesmo pagando caro por uma simples capa de celular, esse tipo de situação acontece. Absurdo. || A venda não se encerra no ato do pagamento. Após este momento não temos mais nenhum contato po parte da loja, é como se o cliente não existisse. || O produto chegou em menos de uma semana, vários dias antes do previsto, e muito bem acomodado no pacote. O produto é excelente, estou muito satisfeito e voltaria a comprar com certeza. || não vou confirmar uma entrega como essa
onde de dois produtos comprado
so chegou um
so que que o codigo de da compra e rastreamento diz que foi entregue as duas mercadorias
complicado isso || Amei minha compra. lindaa a capa que peguei 😍😍😍 e resistente. Recomendo ?????","aparelho, não, de, produto, do, capa, capas, que",True,True,True,neutral,0.4828403890132904,,,,
3b10cf7d1e08c598428ad6eb7c59d09c,"Mercadoria perfeita recomendo a todos parabéns pelo trabalho de vcs || O produto no site aparece com as estampas mais bonitas, as cores mais vivas. Quando você recebe, o fundo da cortina não é branco e nem a estampa floral é tão bonita como aparece no site, parece velha. || Produto de ótima qualidade e chegou antes do prazo! || PRODUTO LINDO, DE ÓTIMA QUALIDADE. || Pessima loja. Passou do.prazo não consigo falar com ninguém || Entrega antes do prazo  || Produto conforme descrito. Muito bonito. Adorei. || Produto conforme descrito. Muito bonito. Adorei. || Produto conforme descrito. Muito bonito. Adorei. || Amei || Amei || Achei a cortina linda e de boa qualidade.Recomendo! ","conforme descrito, produto conforme, muito bonito, descrito, bonito, cortina, adorei produto, adorei",True,True,False,positive,0.7206321954727173,,,,
3c883b9d3fd2d0ce448d4136349dc0a4,"Só foi entregue um dos produtos || chegou no prazo produto bom || chegou no prazo produto bom || Não sei pq a venda foi dividida em duas partes. Não gostei. A parte que coube às L Ameicanas não foi cumprida.  || Não sei pq a venda foi dividida em duas partes. Não gostei. A parte que coube às L Ameicanas não foi cumprida.  || Ainda não recebi || Produto bom, é fino, mas aquece || A cor dos produtos entregues não conferem com o meu pedido. A cor das mantas pedidas foi a cor tabaco. Mantas entregues na cor cinza || A cor dos produtos entregues não conferem com o meu pedido. A cor das mantas pedidas foi a cor tabaco. Mantas entregues na cor cinza || Produto excelente. Correspondeu as expectativas. || Nao chegou o cobertor || ótima loja , preços muito bom , entrega super rápida , recomendo a todos ","cor, entregues, dos produtos, partes, não, às, foi, produto bom",True,True,True,neutral,0.46320852637290955,,,,
3cb39171fd36c50097f2dedbbe0dfe6e,"Foi tudo mais rápido do eu esperava. || Recebi no tempo e prazo.
Gostei do produto muito ?til. || entrega super rápida || Não funcionou, o equipamento não consegue fazer contato com o celular, preciso fazer mais teste para ter certeza, mas aparentemente não funcionou. || Muito bom, e rápido a entrega
 || Produto nao foi entregue no prazo.. solicito o estorno do valor ja pago... || Loja correta, sem problemas  || O site não informa que o produto só funciona no Android, sendo Incompatível com o Iphone via bluetooth. Tem que comprar o modelo mais caro com wi-fi se quiser usar com o Iphone. || Produto interessante deve funcionar em algum carro no Clio 2 não deu certo ,veio com um CD quebrado também mas não vou utilizar,  || entrega muito rapida, parabéns || Meu produto veio quebrado porque nao colocaram ele dentro de uma caixa ! || Antes do prazo. || Funcionou no Punto 2014. || Muito bom o produto, e me entregaram antes do prazo  || muito bom goste e volto comprar de novo  || Bom. || Eu quero meu produto || Ainda não testei o produto , mas recebi rapidamente. || Entrega muito rápida, melhor que o previsto. Super recomendo.","funcionou, não funcionou, quebrado, produto, não, entrega muito, muito, no",True,True,True,neutral,0.4556696116924286,,,,
3db75f31b76375c502f64d550dcd1166,"Tenha sempre esse atendimento ao cliente . || O produto não foi entregue na minha casa
Tive q ir buscar na agência
Paguei 20 reais de frete é ainda assim não recebi em casa || Oi!O produto não veio de acordo com o pedido.Veio de outra cor. || produto não entregue por erro da loja || Produto de qualidade excelente. Design exuberante. Ótimo... || A capinha é um pouco diferente da foto, ela é toda de bolinhas, não tem a parte preta como aparece na foto || O produto chegou antes do prazo. || Compra sem problemas || O produto é de boa qualidade, muito bem feito. Mas é um pouco maior que o tamanho descrito, fica um pouco grande para 15,6. Sobra dos lados mas nada que não dê para usar || Ótimo || produto melhor do que eu esperava || Gostaria do meu dinheiro de volta. Estou chateada pelo atendimento e por não terem me dado nenhuma solução quanto a entrega.  || A loja entregou o produto correto, mas demorou quase 1 mês para emitir uma nota fiscal. Sendo que desde a postagem e a entrega demorou somente 4 dias || O produto é muito bom. || Mochila incrível e case para o notebook muito bom e residente.Recomendo os produtos e a loja.  || Ótimo 
","produto, um pouco, pouco, não, de, produto não, casa, demorou",True,True,False,negative,0.448488712310791,,,,
3dd2a17168ec895c781a9191c1e95ad7,"Sempre compro na lannister.Pra mim é a melhor loja on-line || Recomendo está loja. || Não é original, infelizmente o pós vendas da stark é extremamente ruim, pois já entrei em contato e até agora nada, aí consegui ligar para o fornecedor parceiro que já devolveu o dinheiro. || otimo || excelente como sempre || recomendo a loja...meu produto chegou antes do prazo é em perfeitas condições . || Recebi tintas que não eram originais, imediatamente entrei em contato com a loja e recebi o valor de volta.  || otimo || Ainda não instalei o produto, mas farei o mesmo na próxima semana || .. || Produto de primeira qualidade. Conforme anúncio. Chegou muito rápido. Recomendo 100% || Produto original!!!!
Chegou antes do prazo!!!!
Super recomendo!!!!
Comprarei outras vezes tranquilamente!!!! || tudo conforme o prometido || ddddd || EXCELENTE PRODUTO... ENTREGUE ANTES DO PRAZO, ESTOU MUITO SATISFEITO! || Muito bom o produto.  || Tudo transcorrido dentro das normalidades || O pedido tem duas etapas, uma foi entregue a outra não. Estou aguardando, são fintas para impressora do computador.
Grata por receber o produto e poder continuar prestigiando as Lojas lannister || ENTREGA SUPER RÁPIDA. PARABÉNS A LOJA E OS CORREIOS. || Recebi o produto antes do prazo previsto.","loja, produto, entrei em, entrei, original, em contato, contato, imediatamente",True,True,True,neutral,0.42625299096107483,,,,
3e5201fe0d1ba474d9b90152c83c706c,"Não recebi meus produtos no prazo estabelecido. Não consegui rastreá-los pela transportadora . Ainda Estou aguardando o envio do produto. || Produto de acordo com o anunciado. || Meu pedido estava com data para entrega no dia 20/12/2017, recebi um email de confirmação de entrega mas ainda não recebi o produto. || Muito boa || Estamos aguardando conforme o combinado a entrega do meu jogo que e pra ser usado no NATAL !  || No anuncio, era PERCAL, mas não é percal tem poliester.... sou alergica a poliester por isso comprei. Só nao devolvi porque irei usar no quarto do meu filho, o produto é bonito || muito bom || Recebi o produto, estou de férias e respondi pois não paro de receber emails da baratheon para que faça a avaliação. || Gostei tudo que eu esperava
 || Adorei a mercadoria exatamente como descreve no anúncio e a entrega antes do prazo,recomendo. || otimo || Produto entregue faltando encomendas  || recebi uma parte do produto a outra não liguei para o distribuidor e ele disse que iriaa em duaas vezes só que até agora não recebi || Chegou o kit da colcha, porém não chegou a manta Rosa, e no app esta com entregue.  || tudo ok || O pruduto chegou no prazo certo adorei. Recomendo || fiz o pedido de devolução dos produtos, estou aguardando até hj dia 21.05.2018 o e-mail informando como proceder na devolução e não fui informada de nada. || A qualidade do produto muito aquém do anunciado. Embora citado como percal de 180 fios, na realidade é apenas tecido comum 80% algodão e 20% polyester.  || Ainda não recebi o produto  || O produto chegou no prazo e foi como eu imaginava, o produto bonito e de qualidade. Ótimo custo benefício.","produto, no, não, de, produto bonito, aguardando, recebi, do meu",True,True,True,neutral,0.4702601134777069,,,,
3eef0cb94ba82de806bb30ab743c7655,"Das cinco cadeiras que comprei chegaram somente duas com acabamento em tecido, o pedido foi feito com acabamento em corino...
 || Das cinco cadeiras que comprei chegaram somente duas com acabamento em tecido, o pedido foi feito com acabamento em corino...
 || Das cinco cadeiras que comprei chegaram somente duas com acabamento em tecido, o pedido foi feito com acabamento em corino...
 || Das cinco cadeiras que comprei chegaram somente duas com acabamento em tecido, o pedido foi feito com acabamento em corino...
 || Não recebi ainda meu produto. || Não recebi ainda meu produto. || Não recebi ainda meu produto. || Nao recebi o produto || Bom || Eu não entendi o que houve, pedi 2 cadeiras e só veio 1. Estou no aguardo da segunda cadeira, espero não ter problemas com isso... || Eu não entendi o que houve, pedi 2 cadeiras e só veio 1. Estou no aguardo da segunda cadeira, espero não ter problemas com isso... || Produto muito fraco || Comprei 03 cadeiras, foram entregues duas cadeiras (palito) a cadeira rotatória ainda não foi entregue.... || Comprei 03 cadeiras, foram entregues duas cadeiras (palito) a cadeira rotatória ainda não foi entregue.... || A cadeira tem uma das pernas menor que as outras.  || comprei duas cadeiras porem foi entregue apenas uma  || comprei duas cadeiras porem foi entregue apenas uma  || Produto excelente!! || Produto excelente!! || O produto ainda não foi entregue.","cadeiras, acabamento, duas, cadeira, foi feito, pedido foi, tecido, feito",False,True,False,neutral,0.5611817240715027,,,,
3f14d740544f37ece8a9e7bc8349797e,"boa loja || Comprei dois cartuchos de tinta e recebi um. || Razoável  || Aguardando o recebimento do produto. Foi entregue parcialmente restando alguns itens. || Aguardando o recebimento do produto. Foi entregue parcialmente restando alguns itens. || Aguardando o recebimento do produto. Foi entregue parcialmente restando alguns itens. || Recebi o produto dentro do prazo. || Péssimo  || péssimo || O cartucho ""original HP"" 60XL não é reconhecido pela impressora, consequentemente não funcionou. Além de ter chegado com atraso de mais de 15 dias do previsto. Preciso que seja trocado.  || produto nao entregue em mais de um mes de espera || Novamente não recebi atualização de onde estava minha encomenda isso é muito ruim 
 || Ainda não testei, porém o site da HP confirmou a originalidade. || Só foi entregue o cartucho da tinta preta. Falta o outro cartucho da tinta colorida. Entretanto, a cobrança foi dos 2 cartuchos e ainda foi duplicado o valor do frete. || O site não informou que os cartuchos da impressora HP que comprei eram remanufaturados. Pensei que estava comprando o produto novo original.  || Estou aguardando a entrega do cartucho. Nunca tive problemas com as lojas lannister.  || Detestei a loja só me entregara m um cartucho liguei pra reclamar ai falaram q mandaram o outro separado e não me mandaram o cód de rastreio só fiquei sabendo pq liguei pra reclamar.  || Loja confiável  || Comprei dois produtos e só recebi um! || Recebi só o colorido.","cartucho, parcialmente, hp, recebimento, tinta, cartuchos, alguns, itens",True,True,True,neutral,0.4649397134780884,,,,
3fbc0ef745950c7932d5f2a446189725,"Boa compra. || Entrega sempre rápida e certa. || ok || Recebi parcialmente. || entrega rápida e eficiente || produto foi entregue conforme pedido, isso é muito importante para uma realização de uma nova compra. || Incomodou um pouco por conta do atraso. Aproximados 20 dias. Mas valeu. || Recebido no prazo || No aguardo || Não costumo fazer compras pelo site, já fiz compras pelas lojas lannister por ser uma loja idônea, deu super certo e eu fico feliz com isso. || Não tenho como avaliar um produto que não recebi. || sempre compro nas lojas lannister e sempre muito bem atendida com os meus produtos entregue em dia || gostei  || O produto chegou bem antes a data programada. Achei ótimo! || Prazo cumprido e produto recebido sem problemas. || Já comprei várias vezes nessa loja e recomendo! || Esta é. Terceira compra realizada neste site, dai tornamos a ser parceiros.
 || Recomendo muito esta loja, e correta e a entrega e rapida. || Ainda nao recebi o produto || Minha opinião é a mais triste de todas falta compromisso com cliente stark que também não fez nada. Perdeu minha familia como cliente geral.","lojas lannister, recebido, sempre, compras, cliente, lojas, esta, várias vezes",True,False,False,neutral,0.4516270160675049,,,,
404a57563d487aecbc2b1a01d9b89aab,"Achei q seria mais grosso  || Não recebi meu produto certo. Exijo uma resposta  || Não recebi meu produto certo. Exijo uma resposta  || Não recebi meu produto certo. Exijo uma resposta  || Não recebi meu produto certo. Exijo uma resposta  || Produto Bom e Bonito, mas na descrição do produto na compra era 100% Algodão e veio 80% Algodão e 20% Poliéster, única coisa a reclamar me senti um pouco enganado. || Compramos a medida super king, mas foi entregue a king de medidas menores. A pessoa a qual presenteamos não quis trocar o produto. || O produto não tem a mesma qualidade dos da casa e conforto, é regular. || Muito Satisfeita com a compra e com o produto || A entrega foi rápida. 
Porém achei a qualidade inferior ao anunciado. E portanto o preço achei caro por conta da qualidade.  || Chegou bem antes do prazo ótimo o produto eu recomendo muito bom msm  || Embora a estampa seja a mesma do anunciado, o tecido do produto nao é percal 180 fios, é puro poliéster, que eu jamais compraria. Propaganda enganosa! Desrespeito ao cliente! Surpreso com o stark || Estou aguardando entrega meu produto desde o dia 27/03 ate momento não recebi ...  || Não comprarei mais nada no app do shptime que não seja vendido e entregue pelo baratheon. Estou no aguardo de uma resposta! || Apesar do produto ter qualidade, meu pedido veio ERRADO. Pedi um cobre leito SUPER KING e recebi o tamanho KING. Estou deveras insatifeita, o produto não atende as minhas necessidades. || Só não gostei muito da qualidade do produto! || Muito bonita!! Veio igual e chegou muito antes do prazo!! Amei!!","uma resposta, king, produto certo, resposta, produto, recebi meu, meu produto, não",True,True,True,neutral,0.4814017117023468,,,,
40e8b425d1a26e2d9cb77363523e05ce,"Gostei da atenção com a entrega || muito bom o produto.Recomendo || Bom demais || Boa tarde meu produto veio faltando peças e do tempo que compro pela lojas lannister sempre veio certinho e dessa vez não  || Adorei este produto veio certinho e muito fácil de montar...
Obrigada..... || Tinha que vir com manual de montagem || Só fiquei triste porque pedi o cancelamento da compra pra pegar outro modelo e não fui respeitada no pedido realizado, irei pensar muito antes de realizar um novo pedido || Só achei q deveria vir com cada peça em uma embalagem separada para facilitar a montagem já q não vem manual..é um verdadeiro quebra cabeça! Fora isso o produto é bom! || 1 mês que comprei o produto e até agora não recebi, ninguém dá uma posição do do que você pode fazer. Quando receber eu classifico novamente.  || Não recebi o produto. Ainda no aguardo. || O produto condiz com as minhas expectativas || entregou antes do prazo.super recomendo  || Faz quase 1 mês que comprei o kit provençal e até hoje não recebi. || Fui muito bem atendida. stark sempre muito atencioso. Parabéns ","montagem, vir, manual, produto, mês, fui, não, certinho",True,True,False,neutral,0.4412583112716675,,,,
4178e16324fd0c9a8e18463caf390cc6,"Muito bom || Ainda não utilizei, mas a entrega não foi feita em casa, tive que ir retirar no Correios. 
Aparentemente produto bom.  || Muito Bom! || Estou satisfeito com o Produto, Chegou bem antes do Prazo e um produto perfeito.estao de parabéns.. recomendo o site e o vendedor 👊??👏👏👏👏👏👏👏👏👏👏👏👏👏👏👏👏👏👏👏👏👏👏👏👏👏👏👏👏👏👏👏👏👏 || Muito bom  || O produto chegou bem antes do prazo. Parabéns pelo atendimento. || Produto chegou bem embalado e no prazo. Obrigado a todos. || Gostei muito obrigada || Produto chegou no ultimo dia do prazo, ou seja ,exatamente a data que foi estipulado a entrega. Produto chegou bem embalado, muito bom e resistente. Recomendo a loja e o produto .  || Recebi a mercadoria com prazo 14 dias de antecipação,muito bem embalada. Amei e fiquei muito feliz.
Obrigada.!! || Recomendo essa loja, o produto chegou antes do previsto.  || Produto muito bom e entregue antes do prazo.","produto chegou, chegou bem, produto, muito, loja produto, muito bom, bem, bom",True,True,False,positive,0.6393863558769226,,,,
418d480693f2f01e9cf4568db0346d28,"Gostei do produto mas na entrega deixou a desejar, e não dão informações ao cliente sobre a entrega.. mas o produto é ótimo e lindo!  || Recebi antes do prazo estou muito satisfeito
 || Tiveram agilidade || nota 1000 , Gostei muito do produto , material de qualidade e bonito design 
sem contar com a pontualidade na entrega 
obs: chegou bem antes da estimativa data 
Super recomendo  || Parabéns || nao posso avaliar, sem ter recebido  || Chegou antes do prazo  || Bolsa linda e material muito bom. Fiquei muito satisfeita. Super recomendo.  || Produto excelente. || Material muito Bom, chegou antes do prazo  || Muito bom chegou antes do prazo || Qualidade baixa para o preço.
","material muito, material, bom chegou, muito, do, antes, chegou antes, na entrega",True,True,True,positive,0.71100914478302,,,,
41c24b8ce92d1a2cac62db5edfd088b2,"Entrega eficiente.  || Bom produto  || Foi excelente por estar dentro do periodo
Definido || Muy buena

 || Recebi antes do prazo, adorei! || Muito bom || Produto chegou direitinho e antes, muuuito antes do prazo! Superou minhas expectativas! || Produto entregue antes do prazo.Super recomendo!!!👏🏼 || o produto superou minha expectativa, chegou antes do prazo, veio sem nenhum defeito, recomendo muito.  || Recibi o produto antes do prazo, veio conforme o pedido e gosdei muito.
Parabens pela seriedade
Obrigado || Recebi o relógio que comprei da Cássio no prazo estabelecido, tudo perfeito! Recomendo a stark || SUCESSO :D || Excelente produto e rapidez na entrega! Recomendo. || 
Relógio original, na caixa e com manual, parece ser frágil e de pouca durabilidade mas é original e igual ao anunciado. || Produto veio corretamente, em um prazo muito rápido. Indico mil vezes! || OTIMO || Comprei e compro sempre no site lannister targaryeno || só recebi um dos produtos, quando na verdade eu pedi dois  || Bom produto e bom atendimento, recomendo👍 || Relógios Casio são os melhores, principalmente com bateria que duram até 10 anos.","produto, prazo, superou, bom produto, antes, relógio, original, recomendo",True,True,False,positive,0.5646592974662781,,,,
41db6d8062fcd38410c699743ccc0265,"entregue antes do prazo || ótimo preço e entrega rápida  || a capa muito boa mas a pelicula horrivel || Produto chegou de acordo com o anunciado.  || Muito bom entregue bem antes do prazo estao de parabéns. || Olá 
Boa Noite
Até o momento nao foi entregue o meu pedido de capa para notebook que estava previsto para ser entregue entre as datas 28/06 e 29/06
Gostaria que verificassem o que aconteceu?
 || Gostei foi entregue bem antes do prazo super rápido  || Veio com a película quebrada  || Eu recomendo nota 10 || Produto ok prazo ok satisfeito! || Produto muito bom, recomendo. || tudo perfeito, mas com relação a pelicula ,não esta conforme o anuncio pois a pelicula não serviu,caso haja condiçoes de enviarem a pelicula certa ou seja LG Q 6 PLUS ,desde ja agradeço || O produto chegou tudo corretamente. || o prazo é primordial, não podem deixar que isso aconteca, pois a gente fica ansioso esperando e daí se atrasa....","06, entregue bem, capa, entregue, prazo, quebrada, ok, bom entregue",True,True,True,neutral,0.4067910611629486,,,,
422879e10f46682990de24d770e7f83d,"Produto de alta qualidade. Descrição confere com o produto
Entregue no tempo certo.
Recomendo. || Tudo certo! || Tudo certo! || Tudo certo! || Tudo certo! || Tudo certo! || Tudo certo! || Chegou dentro do prazo, ótima qualidade ,porém veio um pequeno arranhão, mais recomendo  || Recomendo || produto muito ruim, moldagem fraca !!!! || Tudo recebido como combinado. || Tudo recebido como combinado. || Tudo recebido como combinado. || Tudo recebido como combinado. || Tudo recebido como combinado. || A luminária é linda, tem um tamanho excelente e o acabamento é bem bom. 
 || Excelente produto muito bonito de boa qualidade gostei muito. || Produto entregue no prazo (apesar da greve) e produto de qualidade. || Produto entregue no prazo (apesar da greve) e produto de qualidade. || tudo ok, como esperado","certo tudo, como combinado, tudo, recebido, combinado, tudo certo, certo, como",True,True,False,neutral,0.46883973479270935,,,,
4298b7e67dc399c200662b569563a2b2,"Um pequeno atraso na entrega, mas valeu. || Até hoje 28/3 ainda não recebi o produto. Não sei se vou receber ou terei que entrar com processo para receber meu dinheiro de volta. Imagine se tivesse dependendo disto? || Um dos cartuchos preto.veio violado.
Os demais vieram lacrados. || Um dos cartuchos preto.veio violado.
Os demais vieram lacrados. || Esta entrega veio correta mas outra compra da mesma loja veio incompleta e o cartucho era falsificado || Esta entrega veio correta mas outra compra da mesma loja veio incompleta e o cartucho era falsificado || Esta entrega veio correta mas outra compra da mesma loja veio incompleta e o cartucho era falsificado || O cartucho não é original fiz o cancelamento e estou aguardando a devolução do valor o cartucho não funciona. || Produto de qualidade entregue no prazo e com bom preço.  || Muito bom, entrega super rapida.
Recomendo. || o produto veio perfeito otima embalagem voltarei a comprar.obrigado || Compramos um kit com 2 produtos - tinta colorida e tinta preta para impressora. Recebemos apenas a tinta preta até o momento.  || Adquiri dois cartuchos HP e a impressora detectou que eles são falsificados. Nada no anúncio indicava que seriam remanufaturados ou compatíveis e eu paguei o preço de originais. Me sinto enganada. || Recebi os produtos no prazo, mas não foram os produtos que comprei (PRODUTOS ORIGINAIS DA HP), mas o que eu recebi foram produtos falsificados. Explico: o cartucho preto parou de imprimir mesmo cheio. || Chegou até antes do prazo. || prazo longo demais e ainda não chegou..... || Ótima loja confiável segura e entrega super rápida, recomendo || Até o dia de hoje (24/03/18), não recebi o produto. || Comprei 3 kits de cartuchos hp contendo 1 Preto e 1 colorido cada, total de 6 mas recebi em minha casa apenas 1 Preto e 1 colorido, com nota fiscal q dizia conter 3 de cada! Aguardo providências || Comprei 3 kits de cartuchos hp contendo 1 Preto e 1 colorido cada, total de 6 mas recebi em minha casa apenas 1 Preto e 1 colorido, com nota fiscal q dizia conter 3 de cada! Aguardo providências","preto, cartucho, cartuchos, colorido, hp, cada, da mesma, entrega veio",True,True,True,neutral,0.42564743757247925,,,,
42a2c92a0979a949ca4ea89ec5c7b934,"Minha mercadoria era para levar mais ou menos 20 dias para chegar, demorou quase dois meses!!!!! || . . || Satisfeita! || Produto ótimo,atendeu minhas expectativas. 
Entrega super rápida.  || Ainda não usei o produto, mas em relação à entrega, chegou muito antes do esperado.  || o produto foi entregue antes do prazo estabelecido . || Empresa Confiável || TODOS DEVIAM COMPRAR AQUI NO baratheon,AMEI....PARABÉNS! || TODOS DEVIAM COMPRAR AQUI NO baratheon,AMEI....PARABÉNS! || Ksksksk || O produto chegou em perfeito estado  || Estou satisfeita com oproduto e o prazo de entrega || Recebi o produto perfeito, entrega rápida, sem problema algum. || o produto nao e o que esperava fragil e super caro. || o produto nao e o que esperava fragil e super caro. || Boa noite! Ja conhecia o produto.porem menos resistente ao anterior .que ja tive.mas estou sastifeita.obrigada! || Excelente.  || Recomendo o produto || Recomendo o produto || Aparentemente um bom produto, ainda não tive tempo de testar.","produto, no baratheon, aqui, produto nao, caro, menos, baratheon, ja",True,True,True,neutral,0.4015944004058838,,,,
42ec84ace63b58b8c5a7ba7be01d5fb8,"Fiz a solicitação de cancelamento na mesma hora que comprei, e mesmo assim ainda não fui reembolsada. || Produto entregue no prazo e bem embalado. || Tudo maravilhoso muito obrigada  || Parabens  || Oi || um dos dois prudutos veio com defeito.
cancelei o produto
 || Tudo certo ! || Achei muito bonita
 || A voltagem que pedi era de 220...E não 110 como veio || Super recomendo esse site, sempre que eu compro fico super satisfeita. O produto sempre chega no prazo ou antes.

Muito bom! || Sempre fui bem atendida, entregaram no prazo.
Acredito que por causa das greves dos caminhoneiros e dos petroleiros, isso afetou o atendimento aos clientes.  || Sempre fui bem atendida, entregaram no prazo.
Acredito que por causa das greves dos caminhoneiros e dos petroleiros, isso afetou o atendimento aos clientes.  || paguei o boleto duas vezes queria saber se recebo meu dinheiro de volta? || Não sei ainda , pós o que eu comprei não chegou  || não poço dar a minha oponião, porque ainda não recebir, deixa chegar para pode falar alguma coisa. || amei a entrega.chegou bem antes do previsto,muito satisfeita.","dos, por causa, causa, fui, clientes, aos, sempre, acredito que",True,True,False,neutral,0.4663812816143036,,,,
431d674f9a4fbd0957ecf6ba3fcb6899,"entrega super rapida || Eu gostei muito porque entregou o aparelho celular bem antes da data E é isso que nós precisamos qualidade rapidez e Transparência  || Otimo || O que pecou que não foi culpa da stark é que os correios alegou que não havia ninguém em casa em 3 tentativas ao qual minha mãe e outros sempre em casa acompanhávamos pelo app dos correios online || O CELULAR CHEGOU RAPIDO, BEM EMBALADO.. ATÉ AGORA ESTOU GOSTANDO DELE. || Envio muito rápido e chegou muito rápido também.  || Amei o produto ótimo preço atendeu minhas expectativas . || No prazo e produto com boa qualidade || No prazo e produto com boa qualidade || Muito bom nada a reclamar  || Tamanho bom! Atendeu minhas necessidades || Tamanho bom! Atendeu minhas necessidades || Mto bom .. 
Atendido bem antes do prazo super recomendo || comprei 2 celular e so madarm 1, e nato fiscal comprando os dois || comprei 2 celular e so madarm 1, e nato fiscal comprando os dois || Bem antes da data máxima, ótimo ! Agora é ver se o aparelho funciona. || muito bom || Muito bom. || Tudo maravilhoso || Produto excelente","celular, atendeu minhas, comprando, minhas necessidades, atendeu, os dois, necessidades, aparelho",True,True,True,neutral,0.4536192715167999,,,,
43423cdffde7fda63d0414ed38c11a73,"Bom || Prezados Responsáveis!
Agradeço a entrega a rápida e o produto de boa qualidade.
Obrigada! || Ótimo produto! Estou satisfeito e recomendo a quem interessar. || muito bom || o relógio é simplesmente lindíssimo! Não sei se é durável, entretando é maravilhoso o produto. || O produto chegou antes do esperado. Muito bonitinho. Só achei ruim a trança. Porq dificulta, um pouco, pra colocar e tirar. Mas achei o valor interessante e funciona como uma bijuteria. || Fiz uma compra que constavam dois relógios . Só recebi um relógio muito fraco , nível de camelô, nem em caixa veio , dentro de um saco de tecido.  || Tive problema em receber o produto!
Embalagem violada, tive que ir até os Correios para retirar o produto! || Ok || Chegou antes do prazo!!! Excelente produto  || Produto de acordo com o valor... Mas não gostei da embalagem, que praticamente não existe. || Não recebi meu produto. Não posso avaliar.
 || Não recebi meu produto. Não posso avaliar.
 || O relógio é muito delicado, charmoso, LINDO, um mimo. ADOREI!!! || Não recebi o rpoduto || Comprei um produto e recebi apenas um. Espero que seja resolvido logo, afinal eu paguei por doía, não um apenas. || Adorei o ptobuto, espero que não fique preto com o uso.  || Lindo o relógio foi exatamente o esperado || O relógio é bom, porém a pulseira dele é muito frágil e ja veio com uma manchinha. || satisfeita com o atendimento","relógio, produto, não, um, posso avaliar, não posso, avaliar, espero que",True,True,True,neutral,0.3821248710155487,,,,
437c05a395e9e47f9762e677a7068ce7,"Muito bom || Ótimo produto  || Chegou antes do prazo produto, produto chegou perfeitamente! || sei que isso é culpa do correios q é uma porcaria estatal do Brasil mas é a unica reclamação quanto ao produto tudo ok || Meu ponto de vista o produto é muito bom ele realmente faz o que diz ele retira todos os pelos do local aplicado não irrita a pele deixou a pele macia.. Recomendo o produto muito bom compensa comprar. || ... || Loja cumpri o que prometi prazo excelente. || bom dia não sei se foi os correios que atrasou mas o produto demorou demais para chegar || Não recebi o produto.  || Produto em perfeito estado || O produto é bom, mas a lannister deve estar fazendo uma promoção às avessas, pois paguei 2 mas recebi só 1, já fiz a reclamação no site mas até agora nada! || O produto é bom, mas a lannister deve estar fazendo uma promoção às avessas, pois paguei 2 mas recebi só 1, já fiz a reclamação no site mas até agora nada! || Um produto não entregue... || Amo comprar no baratheon, sempre recebemos os produtos antes do prazo da entrega. As ofertas cabe em nossos bolsos.  || A compra não foi entregue na minha residência,tive que ir nos correios buscar, vocês poderiam informar se entregam ou não né..Estou com uma outra compra que até agora não chegou,já até passou da data. || Os correios tá uma bosta mesmo. O vendedor não deve ter culpa. || Muito bom, cumpre a proposta, mas o custo beneficio não vale a pena. || Estou aguardando meu pedido,mas recomendo sim
 || Produto de boa qualidade, entregue no prazo combinado. || Vou comprar de novo..e top
","mas, deve, produto, reclamação, correios, não, já fiz, recebi só",True,True,True,neutral,0.4145709276199341,,,,
4413a608a42bd21bbf9d5abbd58c249a,"GOSTARIA DE SABER O QUE HOUVE, SEMPRE RECEBI E ESSA COMPRA AGORA ME DECPCIONOU || GOSTAEI DA RAPIDEZ DA ENTREGA || O problema não é com a loja mais sim com o produto tem que deixar carregando o dia inteiro pra ouvir meia hora de música e não funciona enquanto carrega desliga sozinho.  || Parabéns 
Produto é entrega
Nota 10 || não chegou ainda o meu produto .porquer || Gostei do produto, entregaram antes do prazo. Porém o microfone veio rachado na parte de baixo. || A entrega foi muito rápida chegou antes do prazo esperado.  || Pedi azul e veio preta, fora que o auto falante superior infelizmente veio com ruídos , xiados. :( || Gostei muito desta compra o site muito fácil de entender e comprar e a entrega dentro do prazo || Eu adorei o produto || A entrega foi rápida.. Mais Eu comprei o produto da cor azul e me entregaram preta.. || muito bom
 || Amanha no maximo as 6 ta darde e voces precisam melhorar a entrega do cliente || Muito satisfeita, obrigado || Gostei do produto, mas achei que era maior.. deveria informar o tamanho do produto para na hora que comprar nos clientes ja sabermos o tamanho, fiquei surpresa no tamanho, so nao gostei disso. || Otimo || Recebi um produto diferente do que estava no site há entrei em contato espero que a troca seja rápida. || A loja tem um excelente atendimento || O produto é pequeno e o som não é tao potente mais tá bom veio correto
 || Só não gostei pq tive que ir buscar no correio","azul, produto, tamanho, preta, que, do, gostei, hora",True,True,False,neutral,0.4591754674911499,,,,
44a34214a57dc373dcd80f54c919d006,"entrega realizada duas semanas antes do fim do prazo. || Bem satisfatório!  || Achei o material do tapete muito fino e frágil. Espero que resista ao uso normal. || bom produto e chegou rapido || bom produto e chegou rapido || bom produto e chegou rapido || bom produto e chegou rapido || bom produto e chegou rapido || bom produto e chegou rapido || Não recebi meu produto || Bom produto, igual a descrição || Gostei chegou antes do previsto || Comprei essa bosta faz quase 1 mês e não chegou ","chegou rapido, rapido, bom produto, produto chegou, chegou, bom, produto, gostei chegou",True,True,False,negative,0.35109224915504456,,,,
44a5d24dd383324a421569ca697b13c2,Comprei 14 unidades e recebi somente 9. Ainda não foi resolvida a questão.  || Comprei 14 unidades e recebi somente 9. Ainda não foi resolvida a questão.  || Comprei 14 unidades e recebi somente 9. Ainda não foi resolvida a questão.  || Comprei 14 unidades e recebi somente 9. Ainda não foi resolvida a questão.  || Comprei 14 unidades e recebi somente 9. Ainda não foi resolvida a questão.  || Comprei 14 unidades e recebi somente 9. Ainda não foi resolvida a questão.  || Comprei 14 unidades e recebi somente 9. Ainda não foi resolvida a questão.  || Comprei 14 unidades e recebi somente 9. Ainda não foi resolvida a questão.  || Comprei 14 unidades e recebi somente 9. Ainda não foi resolvida a questão.  || Comprei 14 unidades e recebi somente 9. Ainda não foi resolvida a questão.  || Comprei 14 unidades e recebi somente 9. Ainda não foi resolvida a questão.  || Comprei 14 unidades e recebi somente 9. Ainda não foi resolvida a questão.  || Comprei 14 unidades e recebi somente 9. Ainda não foi resolvida a questão.  || Comprei 14 unidades e recebi somente 9. Ainda não foi resolvida a questão. ,"resolvida questão, 14 unidades, somente ainda, foi resolvida, comprei 14, resolvida, questão comprei, questão",False,False,False,neutral,0.6780098080635071,,,,
44d097d59e8430f88a67517cd0c4f865,"Pedi duas carteiras. Uma veio com defeito e outra veio errada, ñ é a q pedi.... pedi reembolso e creio q isso correrá bem. || Produto muito bom  || Produto de alta qualidade. || Comprei dois produtos , chegou apenas um, quero meu boné || Produto entregue antes do prazo. || Recomendo. || Gostei muito  || veio faltando uma carteira e querendo saber como vai fica  || Chegou no prazo e atendeu as minhas espectativas || Produto de qualidade e entregue no prazo || A loja não informa que o produto e chinês...e infelizmente os Correios não ajudou tive que retirar o produto na cee...deveriam mudar o meio de entrega paguei pela entrega e tive que retirar na cee. || Entrega realizada antes do pra si previsto, muito satisfeito. || Ótimo vendedor e o produto conforme o anunciado, recomendo! || Muito bom eu recomendo || A carteira tem um bom material, mas é muito grande. Bem maior que a foto.  || Ótimo atendimento.
Entrega no prazo.
Produto otimo || Muito bom estou satisfeito com o produto é com a entrega bem antes do prazo estão todos de parabéns ","carteira, que retirar, pedi, produto, retirar, muito, tive que, entrega",True,True,False,neutral,0.45283859968185425,,,,
44fded21627553d1886d459384bbce06,"Chegou bem antes do esperado e conforme o anúncio. || melhor loja ate hoje ke ja comprei. || melhor loja ate hoje ke ja comprei. || Tentei inúmeras às vezes um contato com a central pra saber informações sobre neubprodito, é só fica na secretária eletrônica, quando na verdade eu queria falar com um atende. Crítica para melhorias. || Experiência ótima de realizar compra na loja lannister.  || muito boa || Produto de boa qualidade,ótimo custo benefício  || bom atendimento || bom atendimento || Muito bom || Demora muito. Timha a ser mais rapido || Realizada com sucesso, achei os botões duros mas tudo bem. || O produto que comprei chegou quebrado e as pilhas totalmente amassadas || Não gostei.muita demora na entrega, até hoje não recebi meu produto.","ate hoje, hoje, bom atendimento, ate, demora, ja, na, melhor",True,True,True,neutral,0.4301786720752716,,,,
4520766ec412348b8d4caa5e8a18c464,"otimo || O mini scanner não esta funcionando, preciso fazer a troca do produto || Produto foi entregue corretamente e muito rápido, recomendo  || Entregue antes do prazo || Excelente || O CD que acompanha o produto veio rachado mesmo com a embalagem lacrada. Estou tentando efetuar a troca desde do dia da entrega, e nunca consegui e pelo visto não vou conseguir. Não recomendo. || O produto foi entregue no prazo e em excelente condições || Estar faltando receber o escanear automotivo. || Varias vezes ja comprei e todas tenho que ir buscar nos correios eles não tentao fazer as entregas das lannister obs (so lannister) outra qualquer ou mercado livre chega mais com as lannister não  || Muito bom entrega no prazo prometido e o produto correto.  || Entrega rápida e produto perfeito. || somente demorou muito || Houve avaria na embalagem. O produto foi para outro destino antes deste. A foto do produto não confere com o que recebi. O produto parece funcionar. Ainda não encontrei um aplicativo para testar || Entregou no prazo. A versão do Scanner Mini ELM 327 que recebi é a 2.1 || NSO CHEGOU AINDA || Muito bom!!! || Muito bom  || excelente serviço, entregaram o produto antes do prazo. || Testei o scanner no meu jetta 2007 e deu tudo certo achei os defeitos que o carro tava representando ..ótimo produto recomendo ... || Produto muito bom para pequenos diagnósticos do veiculo. recomendo...","produto, produto foi, não, que recebi, do, troca, muito, lannister",True,True,False,negative,0.46368730068206787,,,,
461f43be3bdf8844e65b62d9ac2c7a5a,"Produto entregue como solicitado, e com muita brevidade. Parabéns!
 || Muito lindo o Relógio! || Excelente produto e a entrega chegou antes do prazo previsto!!! Ótimo || Produto entregue conforme contratado. || bom produto || produto conforme o esperado || Entregue antes do prazo estipulado e em perfeitas condições. || Excelente || não foi entregue || O relógio é lindo e chegou no prazo, apesar de o prazo ter sido bastante extenso. Foi o melhor preço q encontrei no produto, mas veio com um risco no botão reverse. Nada q impeça seu bom funcionamento || Dentro do combinado  || Fui muito feliz na minha compra. Inclusive a previsão era para o dia 27/08, recebi dia 13/08. Estão de parabéns! || Entrega rápida. ...tudo OK 
 || Produto muito bom, e di alta qualidade recomendo. || Já tinha um dele modelo de plástico....e borracha...agora neste material. É um ótimo relógio.... ótimas funções. Recomendo. || Show de relógio, modelo muito bonito com preço excelente, entrega antes do prazo, recomendo. || Os relógios veio com modelos diferentes do que tinha comprado pelo site. Só não vou devolve los pelo fato de ter que usar na minha viagem. || A marca cassio sempre foi excelente, estou aguardando a chegada do produto para fazer a reavaliação do Revendedor. || Entrega no prazo mesmo com greve do correios, produto bem acondicionado. Excelente. || Quero receber","relógio, excelente, produto, 08, do, modelo, na minha, prazo",True,True,True,positive,0.4427666962146759,,,,
473795a355d29305c3ea6b156833adf5,"Loja Nota 10 || Loja Nota 10 || gostei do atendimento , recomendo || No inicio fiquei com receio.
Adorei,rápido e pratico.
Obrigado. || Produto excelente || AINDA NÃO SEI DA EFICÁCIA DO PRODUTO.  || Nao recebi || Show de bola.. tudo certo, entregue mto antes do prazo..  || Chegou rapido
Produto maravilhiso || ótimo produdto || Produto bem embalado e chegou em menos de dois dias após a nota fiscal ser emitida.
Recomendo.  || Chegou muito antes do prazo informado. || Muito bom o atendimento.  || O produto é exatamente o que eu solicitei e a entrega foi feita antes do combinado. Estou satisfeita || Nao poderei avaliar a empresa como recomendada ou nao pois ainda nao recebi o produto || Ótima compra, o produto chegou no prazo e em bom estado. || O produto chegou antes do prazo esperado.
Estou muito satisfeita  || nao recebi o produto, o fortalecedor de unha o mavala gostaria de saber por que  || Fiz um pedido que além de não ser entregue, foi encaminhado para retirada nos correios de outra cidade. Total absurso! || chegou antes do prazo ","nao, nao recebi, produto, nota 10, do, nota, chegou, antes do",True,True,False,neutral,0.4245496094226837,,,,
474bb6b54fc608ca71059a6c4f7ecda3,"Já havia comprado um e resolvi comprar outro para reserva, produto muito bom, entregue no prazo prometido, preço muito abaixo de de outras loja, muito satisfeita, recomendo.  || comprei um controle komeco e nao veio esse modelo. || Comprei 3 itens... recebi apenas 2... e a loja não responde meus contatos... || Comprei 3 itens... recebi apenas 2... e a loja não responde meus contatos... || Comprei 3 itens... recebi apenas 2... e a loja não responde meus contatos... || Muito bom Serviço prestado. Entrega Rapida, controle funcionando perfeitamente || Chegou perfeito.
Obrigada || Gostei muito, o produto corresponde às especificações do anúncio !!! 
Muito bom ... || Pedi 4 controles e recebi apenas 3. Estou aguardando se entregarão o outro nesses dias. || Pedi 4 controles e recebi apenas 3. Estou aguardando se entregarão o outro nesses dias. || Pedi 4 controles e recebi apenas 3. Estou aguardando se entregarão o outro nesses dias. || Pedi 4 controles e recebi apenas 3. Estou aguardando se entregarão o outro nesses dias. || Infelizmente o produto não possui boa qualidade e fica permanentemente com a luz ligada, tendo alto consumo de energia (pilhas) || Recebi o produto conforme o descrito e antes do tempo empresa Boa e séria  || Espero obter uma resposta para minha encomenda. Comprei 3 controles remotos para ar condicionado e apenas recebi 1 controle Komeco e dos 2 controles Elgin pedidos e pago só foi entregue 1 controle Elg || Espero que continue funcionando bem  || Comprei o controle para ar condicionado da komeco e recebi da Midea. || Comprei o controle para ar condicionado da komeco e recebi da Midea. || Comprei o controle para ar condicionado da komeco e recebi da Midea. || Acho que pelo preço cobrado no frete, deveria haver mais respeito ao cliente em relação ao prazo!!!!","controles, controle, recebi apenas, entregarão, ar, apenas, comprei itens, recebi",True,True,True,neutral,0.4969937205314636,,,,
4aa6014eceb682077f9dc4bffebc05b0,"Gostei do varal, só achei que ele voltava para posição fechado com mais facilidade, tem que tirar o pino, colocar na posição que gostria e recolocar o pino, mas fora isso, é um bom produto.  || Recebi a mercadoria dentro do prazo previsto é estou satisfeita com a qualidade da mercadoria.
Recomendo a comprar na lannister. || sempre recebo produtos adquiridos nessa empresa por transportadora,e é sempre muito rápido, porém, quando enviam pelos correios , é mais demorado e corre o risco de termos que retirar. || Recebi o produto com uma grande antecedência. O produto é de qualidade e cumpre com o prometido da propaganda/fotos.  || Produto de extrema má qualidade para o preço, totalmente bambo e com peças extremamente frágeis e de má qualidade. totalmente insatisfeito com o produto, solicitei o pedido de cancelamento e devolução || Adorei o produto, é exatamente o que eu queria, ficou muito bom na minha área de serviço.  || Recebi a mercadoria no prazo correto || Varã grande, recomendo || Atendeu minha expectativa. || Achei as hastes fracas.. poderia ser de uma material mais resistente  || O produto chegou muito sujo e com pequenas avarias que quase comprometeram a montagem. || Recebi antes do prazo estipulado, em perfeitas condições. || Poderia ser mais reforçado.  || Continuo comprado com o 
stark || nunca tive problemas, por isso recomendo || O produto não e dos melhores. No primeiro dia de uso ja esta com sinais de ferrugem! ","com, má qualidade, de, má, recebi mercadoria, posição, poderia ser, produto",True,True,True,neutral,0.4685228765010834,,,,
4ae634441e444ca4bc85903cafe98d73,"Gostei muito da agilidade na entrega || Comprei duas capinhas e duas películas, mas foi entregue somente uma capinha. || Comprei duas capinhas e duas películas, mas foi entregue somente uma capinha. || Recomendo a loja chegou antes do prazo || Recomendo a loja chegou antes do prazo || A capinha é boa tem uns detalhes bem legais nas laterais da capa, porém, a película é pequena e não pega toda a parte do smartphone fica faltando um pouco mais de um milímetro.  || Recomendo
 || Entrega antes do prazo previsto, sensacional || Tudo dentro dos conformes. O produto chegou bem embalado e antes do prazo. || Tudo dentro do prometido produto, prazo e um ótimo atendimento.  || Tudo dentro do prometido produto, prazo e um ótimo atendimento.  || 9 || produto entregue bem antes do prazo e de boa qualidade, recomendo. || não receci a capa do celular, nem o celular || Recebi no prazo, produto atende expectativas. || Comprar na lannister é algo que vale a pena, preço bom, entrega antes do prazo, enfim é bom de mais. || O baratheon é excelente, a entrega é rápida, mais os parceiros demora entregar os produtos, favor me informar quando a minha compra for por parceiros que vão se responsabilizar pele entra. || produto não foi entregue, rastreei e dizia como produto perdido entrei em contato com a loja fornecedora que me falou que estava tudo ok. sendo assim cancelei meu pedido e aguardo meu dinheiro.  || Recebi o produto antes do prazo e chegou corretamente, bem embalado e em perfeito estado.  || Ótimo produto entrega antes do prazo tudo ok ","tudo dentro, capinha, do, prazo, duas, antes do, entregue somente, um ótimo",True,True,True,neutral,0.5345481634140015,,,,
4b96786612ebe7463132fce2c4dca136,"Estou esperando há mais de vinte dias e ainda não recebi meu produto e não consigo nenhuma informação.  || Maravilhoso || Comprei o cesto para roupa e o mesmo está em desnível.  || Eu compraria novamente || Pessoa,boa tarde. Informo que só chegou a base ,o cesto de roupa não chegou. Informo também que o frete na nota fiscal veio diferente do valor que eu tinha calculado,veio 3x maior.Solicito devolução. || Adorei, a qualidade é excelente  || Muito bom o produto || Adorei  || minha mercadoria viajou o Brasil todo antes de chegar, mas não atrasou então ta OK

Varginha-rio-BH-varginha-BH essa foi a rota =) || Chegou em tempo hábil foi melhor que esperado  || Chegou em tempo hábil foi melhor que esperado  || Produto bonito e bom porém na descrição tinha que ter o tamanho achei que era maior e é bem pequeno. || Cesto super lindo! Parabéns! Melhor do que eu esperava. Apenas a entrega atrasou. Mas o produto compensou! || Achei que o cesto fosse maior || Produto veio com a cor errada. || O tamanho do produto é muito pequeno, e não havia especificação das medidas, o que me fez crer que seria do tamanho padrão. || Satisfeita com minha compra  || AMEI MARAVILHOSO || Muito bonito e funcional. Gostei. || O cesto é lindo e decorativo, mas esperava que fosse um pouco mais largo. Ele é fino, nao cabe muita coisa. 
Quando comprei procurei as medidas mas nao encontrei.
Mesmo assim recomendo, porque é lin","que, maior, tamanho, em tempo, medidas, atrasou, melhor, pequeno",True,True,True,neutral,0.4444091320037842,,,,
4bb4fb9c85785b75ab4f6559900c7ca1,"Capa não protege tanto quanto eu pensava. || Produto de exelente qualidade a encomenda chegou antes do previsto parabéns pela eficiência.  || muito bom produto || Sem opinião || Solicitei a devolução do pedido!Devido a ter feito outra compra, mas tudo veio certinho no outro pedido! || Produtos de boa qualidade. || Problemas com os Correios || Tô gostando || nao recebi a mercadoria || O prazo para entrega do produto era até dia 13/04, prazo que não foi comprido pelo vendedor. || tudo correto e antes do prazo de entrega || o que faltou para a 5ª estrela foi a ausência das aberturas para a porta do plug dos fones de ouvido e para um dos microfones || Produto dentro das minhas expectativas. Perfeito. || Cumpriu o prazo e enviou os produtos exibidos. Recomendo.","para, das, do, solicitei devolução, prazo que, tô, exelente, 13",True,True,False,neutral,0.4650556147098541,,,,
4c1bbc12438daec98a77243c2bf7a3ba,"O tampo da mesa chegou todo amassado e batido. || Deixou a desejar que a escrivaninha não veio c/ parafusos p/ colocar a tampa, tem apenas p/ os cavaletes.O fabricante tem q enviar todos os itens que o produto precisa para ser utilizado corretamente. || O tampão da mesa veio com algumas partes lascadas || Recebi o produto veio tudo okk, mas alguns raladinhos na madeira mas acredito que foi por conta do transporte mas poderia ter sido embalado melhor em um plástico bolha por exemplo. os pés são de ferro ||  Eu não gostei pós ela é bem menor do que na foto, e a partir superior da mesa é solta, não tem como prender. || Minha mesa veio com o tampo todo danificado parecendo usada. 
Estou tentando a troca na por enquanto está difícil.  || Ainda não recebi o produto, já passou do prazo e ninguém entra em contato pra dizer o que houve. || É um cavelete bem prático, mas o acabamento deixa a desejar. || apesar de entregue no prazo demorou bastante. o tampo de madeira foi mal embalado e as pontas ficaram danificadas, saindo um pouco da tinta dessas extremidades. a tampa fica solta sobre os cavaletes,  || O produto veio com avaria que demostram não ter sido ocorridas pelo manuseio do meio de entrega mais sim pelo manuseio da loja pois veio com pequenas lascas e aranhões. só não trocoporcontadafalttempo || Porém com alguns arranhões e danos.  || Demora absurda para entrega, dentro do prazo especificado por eles, mas ainda sim muito demorado! || Não recebi o produto","mesa, veio com, veio, sido, alguns, desejar, por, os",True,True,False,neutral,0.4489019811153412,,,,
4c2394abfbac7ff59ec7a420918562fa,"Entrega rapida e correta || amei o produto, super fácil de manusear e a lannister está de PARABÉNS, pois chegou BEM ANTES do prazo. || Apesar do tamanho a escova é leve e de fácil manuseio || Recebi o produto antes do prazo, em bom estado e superou minha espectativa.
Obrigada por sempre me atender super bem com produtos de qualidades. || Já pedi minha devolução e ate agora n recebi retorno, isso tem mais de 3 dias e me deram prazo de 48hs. Quero meu reembolso || Comprei o produto na voltagem 220 e veio na voltagem 110. Como faço para resolver isso? || Produto bom relativo ao preço || Mto boa || Gostei do produto e da loja .. || super recomendo, entrega bem antes do prazo || Comprei a escova mas nao veio a mesma q comprei pelo site. || Não recebi meu pedido, não retornaram os emails que enviei pedindo informações de entrega. Pela falta de compromisso e pelo desrespeito ao cliente(consumidor) realizei o cancelamento. || Chegou antes do prazo. || RECEBI MUITO ANTES DO PREVISTO || Parabéns entrega super rapido. || recebi o produto antes do prazo previsto! || O manual veio todo em.ingles outra coisa.alguem mexeu na mercadoria no trafego talvez para testa lo  || Eu gostei é bom produto qualidade boa. || O ar que sai da escova não é muito forte igual ao secador, mas ela cumpre bem o seu papel, alisa e seca o cabelo.  || Produto chegou dentro do prazo, porem, nao foi a marca que comprei, e ao utilizar essa outra marca, o produto derreteu o plastico, se deformou, quase causando um acidente eletrico. ","voltagem, ao, do, produto, de, marca, produto antes, antes do",True,True,True,neutral,0.43301355838775635,,,,
4cac1a12a6fe9ffba4a9556dbe582e28,"Produto chegou antes do prazo. . Adorei.  || Produto dentro das espectativas || Site péssimo || O produto veio com indícios de uso, faltando cabo RCA, adaptador para fixação no para choque e broca para furar o para choque || Entrega no prazo produto com embalagem perfeita || Deveria ser entregue todos os produtos de uma só vez, afinal já foi cobrado dois frete, que acho errado isso ,mas minha opinião prá ficar melhor e essa. || Otimo || O produto veio diferente do anuncio || Na Imagem mostra a imagem da camera borboleta(ok), cabo de alimentação(ok), cabo de video fio positivo (vermelho) para ser ligado no fio de ré do aparelho dvd(veio cabo simples), serra copo não veio t || Chegou antes do prazo ,produto bom e de qualidade.
#Recomendo || Produto chegou no prazo.  || Entrega 100% no prazo....mas veio com pequeno defeito e não estou conseguindo vazer a troca ....preciso de ajuda  || Pedi para cancelar o envio anted de ser enviado, porém a nota ja tinha sido emitida estou aguardando a entrega parada a quase 1 mes no correio para poder retornar o pedido. || Good. Very good. || O produto chegou diferente do anunciado. || Loja cumpriu o prometido || Não recebi o produto até o momento.","cabo, para, produto, de, imagem, diferente do, veio, no",True,True,False,neutral,0.4273572266101837,,,,
4cc8bfa581f41841ce5e24aba773a44a,"Tudo certo  || Como sempre as lannister cumprindo com seus prazos de entrega e produto no mais perfeito estado || Estou esperando o meu produto ser enviado nova mente. Para as agencias do,correios  || Ainda nao recebi o produto. || Gostei muito. Muito útil e veio tudo certinho. Recomendo. || O produto apresentado na foto não condiz com o produto entregue. O arco não é tão grande e o babado só fica virado para cima, não tem caimento e não tem acabamento em renda. || Recebi no prazo. Produto inferior ao mostrado no site. Não gostei. || Comprei 2 mosqueteiros e me cobraram 2 fretes..... não achei justo isso, mas tá bom..... || chegou antes do prazo  || Nao recebi o produto || Na foto não tem elástico na borda e veio com elástico. Ja comprei ele pelo fato de não ter elástico. Prefiro sem. E não tem nenhuma abertura lateral. || A entrega chegou dentro do prazo contudo com uma certa demora, pois quando a entrega era feita pela a loja Americana o produto chegava bem antes da data prevista, acredito que da forma que esta o site || MUITO GRATA..NADA A DECLARAR.. || Produto que chegou é apenas ok. Mas faltar é grave || Esperando a entrega","não tem, não, tem, produto, na foto, esperando, nao recebi, foto",True,True,False,negative,0.4421796500682831,,,,
4cd6ba4ea3112de8fc238307c4dc6307,"sempre compro no stark || Só recebi uma manta. Espero receber a outra. || Só recebi uma manta. Espero receber a outra. || Adoramos e coube certinho em nosso sofá  || Chegou bem anyes do prazo, qualidade ótima. || Ótimo produto.Chegou antes da data prevista. || Produto corresponde exatamente ao apresentado no anúncio, tais como cores, tamanho, textura...
Muito satisfeita, recomendo!!! || GOSTEI MUITO! || Além de muito bem feita a manta me surpreendeu pelo acabamento e material gostei bastante produto de qualidade muito bonita. || muito boa,chegou bem rapido,do material eu ja conheço pois ja solicitei o mesmo produto a segunda vez. || Só compro no site das lojas lannister,pra min o melhor ,são corretíssimos!!! || Só compro no site das lojas lannister,pra min o melhor ,são corretíssimos!!! || Tudo dentro do prazo, parabéns!!!! || Sempre compro, sem problemas... || Sempre compro, sem problemas... || Ola
recebi meu produto parcial, recebi a manta mais a bolinha NAO || Comprei três mantas. Só uma chegou mas consta no site que todas foram entregues.  || Comprei três mantas. Só uma chegou mas consta no site que todas foram entregues.  || Comprei três mantas. Só uma chegou mas consta no site que todas foram entregues.  || O produto não chegou correto, mais vcs foram muito eficiente em solucionar o problema, e estou muito satisfeita, sim recomendo essa loja,","só uma, consta no, comprei três, compro, compro no, foram, foram entregues, no site",True,True,False,neutral,0.416918009519577,,,,
4ce9ab528124f89e091b17d11aa2e97c,"Atraso na entrega.. ruim || Estou satisfeito || Ainda não recebi meu produto não dá pra avaliar || Top e rápido || Produto entregue como esperado.
Recomendo. || Entrega muito rápida, recomendo!!! || Até hoje, 17/05/2018 ainda não recebi o produto, não consta nem a chegada a minha cidade. O pedido foi feito em 02/04/2018 || Superou a expectativa!!! || Produto correto, recebi dentro do prazo. Satisfeito  || Fiquei muito satisfeito com a compra. O produto chegou antes do prazo previsto. Por se tratar de um material eletrônico, ainda irei testar seu funcionamento, mas penso que está tudo ok. || Loja muito boa, confiável, rápida na postagem pra entrega, recomendo muito! || Excelente qualidade e rapidez || Pedi uma bateria para um notebook e até agora nada de chegar pedi a um tempo já  || Bom dia!! Produto entregue parcial, pedi uma bateria + cooler, e só foi entregue o cooler.","pedi, bateria, satisfeito, 2018, produto, foi feito, parcial, recebi dentro",True,True,False,neutral,0.4532513916492462,,,,
4fcb3d9a5f4871e8362dfedbdb02b064,"Chegou muito rápido, fiquei na duvida por nao conhecer o produto , mas muito bom o produto  || A compra foi feita em 30/06/17 e previsão de entrega era 13/07/17. Estamos no dia 17/07/17 e até agora nada.
Esquema de entrega dessa loja é um fracasso. || Comprei 2 pneus, e a empresa despachou apenas 1 para o correio. Acionei o Procon da minha cidade para conseguir o outro. Até então, parece que a empresa vai resolver meu problema.  || super recomendo || Meus parabéns, pela entrega super rápida, produto de excelente qualidade. Tudo certo!! Recomendo a todos e com certeza voltarei a comprar!!  || Entrega no prazo, obrigado. || ENTREGUE NO PRAZO, PRODUTO DE QUALIDADES! PARABÉNS  || Demorou um pouco a entrega, mas a culpa foi dos correios.  || Muito satisfeito
 || Só acho que se fosse entregue através de transportadora seria mais rápido || Tudo ok , como sempre na lannister. Parceiros excelentes honram o nome da empresa. Obrigado || recomendo o produto muito bom || Desde o pedido até a entrega foi tudo tranquilo e correto.Material entregue perfeitamente. || Cumpriu com os requisitos e em um prazo menor que o previsto || o prazo foi longo e chegou no ultimo dia, mas veio correto || Dentro do combinado agora colocar no asfalto e marca km pois tem várias borracha deferente pois estamos no Brasil  || Top top  || Ainda não instalei o pneu mas visualmente o produto parece bom e de procedência. || Produto bom ...entregue antes do prazo. || Adc. ao carrinho 2 pneus separadamente. Por se tratar da mesma loja, juntaram em 1 NF e 1 envio. Porém chegou apenas 1 pneu. Onde consta o peso na nota de 11k dos 2 e de despacho 5k. Ou seja,só veio 1","17, pneu, pneus, 07, top, de, empresa, no",True,True,False,neutral,0.4280846118927002,,,,
4fe644d766c7566dbc46fb851363cb3b,"EU NÃO RECEBI O PRODUTO E CONSTA NO SISTEMA QUE EU RECEBI ALÉM DE PAGAR CARO DO FRETE  || Muito bom. || Gostei muito, cores lindas.
O produto vem em madeira leve e parece que é um material tipo contact. Leve como uma placa;
Mas muito bonito.  || A ficha técnica do produto não condiz com a mercadoria entregue.
Propaganda enganosa!!!!!! || O quadro na foto parece ser muito maior do que realmente ele é. || Satisfeita  || O prazo encerrou no dia 10/11/2018 e até presente data não foi entregue. || Exatamente como na imagem, um belo efeito no ambiente, quem entra comenta! || otimo || Qualidade muito boa, completou minha sala e todos amaram!!  || . || O quadro é bem bonito, só parecia maior  || Se eu soubesse tinha comprado o maior,pois ele é um belíssimo quadro. || Conforme vários comentários anteriores, o produto foi impresso em uma espécie de madeira de 2 mm, mas a imagem é viva e muito linda, vale a pena ter uma dessa na minha opinião, estou satisfeito. || O produto chegou no prazo porém o item veio errado, entrei em contato com o vendedor e o mesmo disse que me mandaria o produto correto.
Estou aguardando o código de rastreio do produto correto. || Quadro muito Bonito. Fica perfeito em qualquer ambiente  || Material do produto não vale pelo valor do próprio, material muito fraco, a loja não específica o material se tela ou não. || Recebi o produto certinho, mas quero o reembolso do frete pois eu paguei e tive que ir buscar no correio.
Gastei gasolina e ainda paguei o frete, sacanagem || So não gostei pq o quadro não veio protegido em caixa veio so embrulhado no papel bolha .
 o material e frágil deveria ser mais embalado para transporte .  || produto chego antes do prazo de entrega! estou muito satisfeito com o atendimento da lannister.com. ","quadro, material, maior, produto, muito, leve, bonito, do frete",True,True,True,neutral,0.42840883135795593,,,,
500870614ddcf5bd84f7d26861026c8a,"trabalho com profissionalismo das lojas lannister. indico com certeza || No rastreamento diz que foi entregue mas não recebi nada... || Chegou atrasado mais se desculparam e fizeram a entrega. || Ótimo  || Ainda não recebi esta atrasado nunca aconteceu isso sempre como ,chega antes ou no prazo.
 || Recebi os produtos corretamente como gostaria,so fiquei desapontada com a película de vidro ela veio com defeito a parte da cola ficou toda no plástico e nao na película  || Rapidez na entrega, produto igual ao informado no anúncio! Gostei || Tudo dentro do previsto  || Produto certo só demora pra entrega  || Cancelei o pedido e o mesmo não foi estornado. 
Obs: Já fazem 3 meses || A película ficou com ar nas bordas, acho que é para as bordas do zenfone são arredondadas...mas mesmo assim valeu a pé a || Quero meu dinheiro de volta || A capinha ficou certinha, mas a película é menor que o celular. || O produto chegou no prazo, e acondicionado corretamente, sem avarias ou divergência. Só a película que dá uma diferença da tela do smartphone de 2mm apróx. e pode comprometer a proteção, fora isso ok. || Na primeira entrega a película de vidro veio trincada, após contato telefônico com o fornecedor encaminhei um e-mail com a imagem do produto e a Nota Fiscal, o produto foi entregue sem defeitos após 4 || Muito Satisfeita Entrega No Prazo Estimado E Capa Transparente e Película de Vidro Para Meu Bebê, Meu Smartphone Asus Zenfone 4 Selfie Tudo Certinho, Tamanho Ok E Muito Bonito Os Dois Produtos. Valeu!","película, película de, de vidro, vidro, ficou, atrasado, valeu, com",True,True,False,neutral,0.45613542199134827,,,,
50fd2b788dc166edd20512370dac54df,"recomendo || Só recebi o controle remoto do cod.012339, feito através da Eletromassa componentes, Nota Fiscal nº 003570.
O controle do cod. 012495, não constava na embalagem da entrega. ( faltou)
Fico aguardando || A EMPRESA E BOA , SO FALTOU MAIS UM CONTROLE, POIS EU COMPREI 2 PRODUTOS. || A EMPRESA E BOA , SO FALTOU MAIS UM CONTROLE, POIS EU COMPREI 2 PRODUTOS. || Comprei dois controles universais para Ar condicionado e infelizmente recebi controles para TV 3D Samsung. || Comprei dois controles universais para Ar condicionado e infelizmente recebi controles para TV 3D Samsung. || Recebi apenas um controle, porém comprei dois. A nota fiscal consta exatos 2 controles. 
Receberei o outro quando? Houve algum problema?  || Recebi apenas um controle, porém comprei dois. A nota fiscal consta exatos 2 controles. 
Receberei o outro quando? Houve algum problema?  || Contente com produto. Chegou antes do prazo, isso me deixou muito feliz. Produto é que é ofertado.  || Eram 2 unidades so veio 01 unidade e não veio nota,só se for chegar o outro separado ate agora nada || Eram 2 unidades so veio 01 unidade e não veio nota,só se for chegar o outro separado ate agora nada || Entrega perfeita antes do prazo. || o produto é simples ,mas funciona muito bem ,comprei 1 para testar e agora comprei mais 2 aparelhos vale a pena  || o produto é simples ,mas funciona muito bem ,comprei 1 para testar e agora comprei mais 2 aparelhos vale a pena  || Chegou antes do prazo e, recomendo a todos. || Parabens || O prazo já expirou e não recebi o produto || A entrega foi super rápida","controles, controle, um controle, comprei, comprei dois, nota, so, aparelhos",True,False,False,neutral,0.5091056823730469,,,,
51ce083cd2b9078656a94655ab45b8a4,"Muito rapido || O produto é bom || Parabéns!Amei as cortinas, são lindas.A entrega foi rápida e veio tudo certinho.
Super recomendo.

Obrigada || Parabéns!Amei as cortinas, são lindas.A entrega foi rápida e veio tudo certinho.
Super recomendo.

Obrigada || produto muito bom, conforme anúncio e qualidade muito boa || Simplesmente lindaaaa!!! Amei ?? ficou perfeita nainha sala. 
Obrigada ah todos...! || Ótimo produto, excelente a qualidade. || Paguei por 2 unidades do Perfume Miss Gabriela Night e recebi apenas 1 unidade. || Tudo tranquilo recebi o produto rápido e tudo em perfeito estado recomendo a todos || O produto ainda vai chegar? || O produto ainda vai chegar? || Produto ótimo!!!!
Veio certinho e chegou 17 dias antes.
Estou super satisfeita!!!","lindas, veio tudo, cortinas, certinho, foi rápida, obrigada, amei, vai",True,True,False,positive,0.8127609491348267,,,,
51f876eb62be778c757503cf7f8a3b74,"até o presente momento não foi entregue!  || Me mandaram 2 produtos em embalagens separadas s/ papel bolha, acarretando na quebra de um. Como o transtorno p/ reclamar é grande e o valor do termômetro é pequeno, preferi não passar pelo transtorno || Me mandaram 2 produtos em embalagens separadas s/ papel bolha, acarretando na quebra de um. Como o transtorno p/ reclamar é grande e o valor do termômetro é pequeno, preferi não passar pelo transtorno || Tive que cancelar a maioria das minhas encomendas, só gostaria de ter sido procurado pela equipe de atendimento não só por e-mail.
Sei que em grande parte da culpa foi dos correios. || produto muito bom como descrito no anuncio, chegou antes do prazo estimado. || 01 termometro veio quebrado, preciso de outro. || 01 termometro veio quebrado, preciso de outro. || Entrega foi realizada dentro do prazo.. || demorou um pouco pra chegar .. a embalagem é precária para o produto e ainda não o testei. no mais, correto || Comprei 6 termômetros, mas 4 vieram quebrados. Como devo proceder para que sejam trocados? || Comprei 6 termômetros, mas 4 vieram quebrados. Como devo proceder para que sejam trocados? || Comprei 6 termômetros, mas 4 vieram quebrados. Como devo proceder para que sejam trocados? || Comprei 6 termômetros, mas 4 vieram quebrados. Como devo proceder para que sejam trocados? || Comprei 6 termômetros, mas 4 vieram quebrados. Como devo proceder para que sejam trocados? || Comprei 6 termômetros, mas 4 vieram quebrados. Como devo proceder para que sejam trocados?","proceder para, devo proceder, para que, como devo, devo, proceder, vieram, como",True,True,True,neutral,0.44823789596557617,,,,
52c80cedd4e90108bf4fa6a206ef6b03,"Recebi bem antes do prazo estipulado. || Faltaram os cabos e o manual || Nem o targaryen e nem o intermediário stark me responderam ou deram qualquer satisfação pelo produto que paguei a vista. Prazo de entrega: 15/03. Produto foi pago quase 1 mês atrás || 100% Eficiente  || MUITO SATISFEITO || Tudo em ordem , posso confiar. || Ainda não fiz o teste... mas chegou tudo certinho!!! || otima loja que atende as necessidades do usuario,com entrega do produto antes do praso. || A loja ótima, o produto ainda não sei. || O produto veio avariado.
Não foi devolvido na hora pq o entregador não pôde esperar a conferência do mesmo. Abri a caixa e retirar o plástico bolha, o equipamento está quebrado sem condições de uso. || Mercadoria em atraso e nenhuma satisfação foi dada,falta de compromisso com cliente || Além do atraso do produto, veio sem manual de instrução e como sou leigo, tenho de me virar para instalar o transformador || Muito bom || Produto chegou bem antes do previsto, tem qualidade e atendeu conforme descrição no site. Parabéns lannister!!! || Meus produtos estavam previstos para 8 de novembro e até agora NADA || Não tenho nem o que opinar! Não recebi o objeto comprado. || Entrega feita no limite do prazo. Sem necessidade. || Precisa melhorar a embalagem. || Feliz com produto com a loja com entrega obrigado e um feliz Natal!!!
 || Rapido prático excelente ,foi minha prineira compra na internete e sinceramente tinha medo de ser lesado mas recomendo correu td de acordo com o combinado to muito satisfeito.","do, satisfação, de, nem, produto, com entrega, feliz, manual",True,True,False,neutral,0.4498528242111206,,,,
52e9413ed0d3e64b796aac2bc2291d50,"Não funciona não faz sincronismo || Site super seguro pra compra e com entrega garantida, além de produtos com excelente qualidade || Eu passei MT raiva com esse ""relógio"" e o aplicativo que as vzs funcionava e as vzs n  || Foi a primeira vez que comprei no baratheon e gostei.
Eu tava até pensando em comprar uma bicicleta, mais quando eu olhei a taxa de entrega, achei muito cara. || Entrega super rápida! || Entrega super rápida! || Faz pouca coisa .
O produto e bom !
 || Recebi Antes do Prazo, é a Terceira Compra que Faço, e Sempre Recebo Antes e sempre o Produto Correto || Eficiencia e Comprometimento com o Consumidor. || muita demorada..enrrolacao total. || Ainda nao recebi meu produto quando chega mundo minha avaliaçao","faz, super rápida, entrega super, super, quando, que faço, pensando, de produtos",True,True,False,neutral,0.4011532962322235,,,,
5328338cfaa16ba10561cd970c73ca11,"PRODUTO BOM, ENTREGA ANTES DO PRAZO PREVISTO || Ótimo produto, bem embalado e entrega rápida.
Recomendo || Muito bom foi entregue muito antes do prazo de entrega. Eu comprei no dia 22/10/17 e chegou no dia 03/11/17 mais tinha um prazo de 27 dias úteis. Obrigado pela rapidez  || Do jeitinho descrito na propaganda. Eu recomendo. || Produto lindo. || Não recebi o produto || Ótima mercadoria.entrega bem antes do prazo. || Muito bonita, adorei || Material muito bom da bolsa.... adorei!! || Como eu disse, o produto não foi entregue no prazo! Foi entregue um mês antes pra minha surpresa e conforto pois minha bb nascerá daqui 15 dias! Comprarei sempre, Obrigada e parabéns!  || otima loja para se comprar tem todos os produtos q o internauta procura com precos otimos e promocoes exelentes gosto muito de ser um cliente da lannister e o pedido q fiz no momento nao vou querer  || ATÉ AGORA O PRODUTO NÃO CHEGOU || A bolsa chegou rápido, apesar de eu ter q ir buscar em uma agência dos correios próxima de casa. É bem grande e linda, só as alças que deixaram a desejar, poderiam usar outro material pra alça || Muito bom obrigado  || O produto veio correto, estampas e acabamento perfeitos...
Acho que o forro deixa um pouco a desejar, mas pelo preço acho que recebi um produto justo. || Amei recebi antes da data marcada linda a bolsa !!!! || Adorei recomendo... || Muita ansiedade para a chegada do produto mais gostei. ","bolsa, produto, 17, desejar, acho que, adorei, linda, no dia",True,True,True,neutral,0.4062390923500061,,,,
53759a2ecddad2bb87a079a1f1519f73,"Produto de boa qualidade, exatamente conforme anunciado, e o preço baixo é uma atrativo a mais. || Ótima loja, produto muito bonito, entrega antes do prazo. Recomendo!!!! || Segunda compra na loja. Estou muito satisfeito. Produtos chegaram rapidamente. Recomendo.  || Entrega rápida antes do prazo, objeto muito bom de acordo com o anuncio. || Não recebi até agora a mercadoria.  || Ótimo || Excelente produto. Entregue muito bem embalado. Perfeito igual na foto e na descrição.  || Não recebi a minha mercadoria até o momento 
Gostaria que alguém me desse uma posição do porque não ser entregue  || não consigo rastrear meu produto. 
muita demora pra entregar || Até o momento a empresa não entregou o nosso produto. Está muito atrasado e compromete os objetivos do cliente com a espera do produto. || Realizei a compra de 3 unidades.Mas qual foi minha surpresa ao receber a caixa.Havia apenas uma unidade e a nota em anexo constavam as 3 .De imediato entrei em contato com os Correios .Me informaram q || Realizei a compra de 3 unidades.Mas qual foi minha surpresa ao receber a caixa.Havia apenas uma unidade e a nota em anexo constavam as 3 .De imediato entrei em contato com os Correios .Me informaram q || Realizei a compra de 3 unidades.Mas qual foi minha surpresa ao receber a caixa.Havia apenas uma unidade e a nota em anexo constavam as 3 .De imediato entrei em contato com os Correios .Me informaram q || otimo || otimo || Confiavel || Confiavel || Não recebi || Adorei, chegou antes do prazo || Recebi o produto antes do prazo. Gostei muito do produto, mais bonito pessoalmente. Recomendo. ","de unidades, foi minha, informaram, uma unidade, realizei compra, surpresa, realizei, com os",True,True,True,neutral,0.44022512435913086,,,,
53b36df67ebb7c41585e8d54d6772e08,"Estou muito satisfeita com a minha compra e com o recebimento do produto; dentro do prazo! || maravilhoso || Perfeito || Apesar da demora na entrega. No mais foi tudo bem. || ótimo produto, combina com tudo! E chegou tudo certinho dentro do prazo. || Rápido na entrega. Produto de boa qualidade || Boa loja, produto entregue no prazo. || Excelente relógio perfeito  || Entrega dentro do prazo, tudo certinho!! || Produto entregue antes do prazo, original e bem embalado! Estou apaixonada pelo meu relógio novo! || Produto chegou com defeito na pulseira, entrei em contato pra fazer a troca e até agora não me responderam. Demorou pra chegar, e eu tive que fazer retirada nos correios, não entregaram em minha casa. || O produto é muito bom, e a entrega foi muito antes do prazo....  || O produto é replica de material frágil, paguei 125 fora quase 30 de frete por uma réplica, enquato na loja um e 250,e arrependi, se soubesse nunca compraria aq, não recomendado, horrível não gostei. || Produto absolutamente bem embalado e na caixa. Pelo preço achei q seria uma réplica, mas não é. Levei em uma relojoaria e o profissional me assegurou ser uma peça original como as q ele msm fornece. || entrega super rapida!
 || No prazo, como sempre!!!!!!! || MUITO BOM, CHEGOU BEM RÁPIDO. RELÓGIO ORIGINAL DA CASSIO || Muito boa a loja, entrega antes do prazo. || Relógio lindo, exatamente o que eu queria.  || Nunca chegou o produto ","relógio, produto, réplica, original, prazo, tudo certinho, do, na",True,True,True,neutral,0.4348466694355011,,,,
5403528d987ad26e8d7cb25940411987,"Boa Noite

é lamentável, esta loja que tantas compras eu ja fiz e hoje não me da satisfação sequer de um relógio na importância de 50,00 reais ... um produto com defeito e até agora não me deu retor || O relógio está com defeito onde efetuo a troca do mesmo ou seu reparo. || Tudo conforme solicitado. Entregue antecipado || Muito bom produto é bonito eu recomendo.
É ainda chegou bem antes do prazo. || Cumpriu o esperado, exceto pelo manual do produto vir em inglês, e não passar de um pedaço de papel mal impresso como uma cópia reprográfica mal enquadrada em 1/4 de folha A-4 || comprei tres relogios,vieram 2,o mais caro de 181.40 ainda nao veio,paguei no boleto dia 9/8,estou na espera || CHEGOU ANTES DO PRAZO, FACIL DE CONFIGURAR E ENTENDER SUAS FUNCIONALIDADES, BOM DE USO || Eu comprei o relogio e c 3 dias parou de funcionar,como faço p fazer troca? || BOA ENTREGA || Frete muito lento!  || Produtos lindos super da hora, chegaram em menos de 5 dias da data da compra e a previsão eram quase 30 dias , qualidade super boa , super indico  || Boa noite, o produto veio com defeito, em uma hora de uso percebi que um dos botões não estava mais no relógio (soltou), muito frágil, led AM não esta acendendo, os números 7 e 8 acendem juntos || Recomendaria a loja, porém o produto não recomendo para ninguém, é um relogio muito complicado.","de, relógio, com defeito, defeito, de uso, boa noite, noite, relogio",True,True,True,negative,0.41521549224853516,,,,
5411e9269501a870cabf632f05655131,"veio conforme o pedido mais o pós venda não respondeu nenhuma das minhas perguntas || Tudo certinho. No prazo. Produto muito bom. || A empresa nao entra em contato com o cliente é evasiva nos seus argumentos...convence uma crinça de 3 anos que a mohila que ela sonhou em ter não chegou? || Lindo o kit de mochila e lancheira frozen. Produto de muita qualidade. || Chegou antes do prazo estabelecido e os produtos foram exatamente os que havia pedido. || chegou mais rapido q o esperado || Produtos impecáveis e lindos! De 1ª qualidade!!!! || Gostei chegou bem antes do pra prazo  || Achei sincero o material pelo custo do produto. Minha esposa achou a mochila em si pequena. Seria legal ter mais fotos e referencial para compara o tamanho. No geral, estamos satisfeitos! || O produto deixa a desejar... tem o aspecto bem Paraguai... recebi na data, todo em ordem, mas ele não é bem acabado como imaginei! Esperei mt do produto, e ele não era o que eu esperava!  || Ainda nao recebi o produto, nao tenho como avaliar a aquisição. || Produto bem mais ou menos . Prazo : OK entrega: OK . porém , o produto parece de camelô , não é bonita , nem parece que comprei em loja . o matéria da mochila não é o pior , mas parece do camelô !  || produto excelente 
chegou perfeito
muito bem embalado || Ainda não recebi pois de férias.  || Produto muito bom e entrega perfeita antes do prazo. || Excelente vendedor entrega dentro do prazo || O material parece de camelo pelo preço não vale  || O produto não chegou em casa tive que pegar no s correios mais longe do meu bairro || Ótimo || Poderia ter chegado um pouco antes, mas tá tranquilo!","mochila, parece, produto, não, mais, em, do, ter",True,True,True,neutral,0.453585147857666,,,,
547b95702aec86f05ac37e61d164891c,"Por enquanto estou no aguardo da troca do produto || Sempre me sinto realizada com vcs. || Todas minhas compras chegaram antes do prazo  || Ontem, dia 04/Abril, recebi apenas 01 cuba das 04 unidades compradas. Ainda falta receber mais 03. Espero que tenha sido um erro não ter recebido o pedido integralmente numa única entrega. || Ontem, dia 04/Abril, recebi apenas 01 cuba das 04 unidades compradas. Ainda falta receber mais 03. Espero que tenha sido um erro não ter recebido o pedido integralmente numa única entrega. || Ontem, dia 04/Abril, recebi apenas 01 cuba das 04 unidades compradas. Ainda falta receber mais 03. Espero que tenha sido um erro não ter recebido o pedido integralmente numa única entrega. || Ontem, dia 04/Abril, recebi apenas 01 cuba das 04 unidades compradas. Ainda falta receber mais 03. Espero que tenha sido um erro não ter recebido o pedido integralmente numa única entrega. || Excelente || Não imaginei que teria varias avarias não fiquei feliz com o produto. || Melhor city para comprar online maravilhoso || Não embalaram bem, como veio de muito longe acho por isso veio com aranhões , por ser preta mostra bem","04, compradas, cuba, numa, apenas 01, ter recebido, ontem, única",True,True,False,neutral,0.46524885296821594,,,,
54d7ad85b648d3cb2b7069ed446d7f35,"comprei 2 toner hp ce278a e só recebi 1 e ainda emitiram a nota fiscal com 2 produtos. Estou até agora, esperando a entrega do segundo toner já entrei em contato com a targaryen e ainda não me retornaram || comprei 2 toner hp ce278a e só recebi 1 e ainda emitiram a nota fiscal com 2 produtos. Estou até agora, esperando a entrega do segundo toner já entrei em contato com a targaryen e ainda não me retornaram || Bom preço, qualidade e entrega rápida! || Bom preço, qualidade e entrega rápida! || eu pedi o cartucho A78 e me entregaram o A85
 || Apenas uma resalva, comprei quatro unidades foram entregues 3 juntas e quarta entregue separadamente || Apenas uma resalva, comprei quatro unidades foram entregues 3 juntas e quarta entregue separadamente || Apenas uma resalva, comprei quatro unidades foram entregues 3 juntas e quarta entregue separadamente || Apenas uma resalva, comprei quatro unidades foram entregues 3 juntas e quarta entregue separadamente || RECEBI SOMENTE 4 TONNER 78 E NAO 10 COMO FOI COMPRADO || RECEBI SOMENTE 4 TONNER 78 E NAO 10 COMO FOI COMPRADO || RECEBI SOMENTE 4 TONNER 78 E NAO 10 COMO FOI COMPRADO || RECEBI SOMENTE 4 TONNER 78 E NAO 10 COMO FOI COMPRADO || RECEBI SOMENTE 4 TONNER 78 E NAO 10 COMO FOI COMPRADO || RECEBI SOMENTE 4 TONNER 78 E NAO 10 COMO FOI COMPRADO || informaram que o produto foi entregue em 24/3 , não confirmo a informação! Peço informar local , horario e quem recebeu ? || informaram que o produto foi entregue em 24/3 , não confirmo a informação! Peço informar local , horario e quem recebeu ? || Recebi o produto sem a respectiva Nota Fiscal || Recebi o produto sem a respectiva Nota Fiscal","como foi, foi comprado, recebi somente, toner, quarta, separadamente, comprado, foram entregues",True,True,True,neutral,0.5698028802871704,,,,
54d9ac713e253fa1fae9c8003b011c2a,"Gostei muito, bem embalado e seguro. Entrega rápida . Adorei || Entrega rápida, e produto muito bom || Rapido  || Ate hj o produto nao chegou || Sempre compro no site das lannister e recomendo patas todos meu parentes e amigos. Nunca tive o menor problema ,sempre entregam antes da data estipulada com o produto bem embalado. || creio que houve engano 

informo que recebi mesa de piqui nique
e entrei em contato com empresa sem exito
mas meu pedido nao foi atendido
 || Estou aguardando meu produto chegar está em atraso! 
Mas já recebi outro produto antes queria saber porque esse não chegou?  ||  A balança digital é bonita,porém não calcula com precisão o peso corporal! || Ótimo! || Recebi o produto dentro do prazo, mas a balança estava oscilando demais o peso. || Recomendo super a compra de produtos pelo site de vocês! Recebi a encomenda antes mesmo do prazo que pediram, e isso é em todas compras que faço aqui.  || Produto correto, entrega no prazo. Vidro levemente lascado, defeito não sobressai nem afeta funcionamento. Ainda estou avaliando se o peso marcado não muda de uma hora para outra. || Produto bem embaldo ,chgou antes do prazo 
Tudo correto ...
Recomendo || Compro na lannister há alguns anos. Nunca tive problemas com ela. Estão de parabéns || Produto veio dentro de todas especificações. Ótima qualidade.
Porém a caixa veio rasgada e reembalada, me obrigando a abrir e testar o produto nos correios da cidade.
 || Produto horrível sem qualidade nenhuma cada hr da um valor na balança eu não quero mais Vo devolver || Não é o mesmo produto que fiz o pedido, mas chegou perfeito. || Recebido em ordem, bem embalado e no prazo.
Gostei muito! || Ótimo produto e foi entregue dentro do prazo || Produto não foi entregue até o presente momento e o prazo dado pela empresa já expirou. ","produto, bem embalado, produto bem, todas, nunca tive, embalado, prazo, não",True,True,True,neutral,0.4378330111503601,,,,
5526b1ae9ab2688cf600783cece249df,"produto chegou dentro do prazo  || Recebi parte do pedido, comprei 6 cartuchos, mas recebi somente 5. Já enviei uma mensagem. Por favor, poderiam verificar onde foi parar o outro cartucho? Obrigada || Recebi parte do pedido, comprei 6 cartuchos, mas recebi somente 5. Já enviei uma mensagem. Por favor, poderiam verificar onde foi parar o outro cartucho? Obrigada || Recebi parte do pedido, comprei 6 cartuchos, mas recebi somente 5. Já enviei uma mensagem. Por favor, poderiam verificar onde foi parar o outro cartucho? Obrigada || O produto que veio não é original HP. Fui enganada || Recebi um produto falso. Já entrei em contato pedindo devolução  || Produto chegou super rápido!!! Tudo certo com a mercadoria. || Achei que fosse cartucho original e não era.  || Tudo ok com a compra. Chegou antes do prazo. || Apesar da embalagem ser da HP, o cartucho não era original. Além de possuir erro de grafia (Cian em vez de Cyan), o formato do cartucho era diferente e a impressora não o considerou original. || Os outros produtos, a loja ofereceu mas não cumpriu com a entrega. || Ótimo vendedor , entregue dentro do prazo, material correto.Recomendo. || Comprei um cartucho HP original e recebi um cartucho PIRATA! || Recebi um produto diferente do anunciado ","cartucho, comprei cartuchos, original, já enviei, verificar, parte do, mensagem, por favor",True,True,False,neutral,0.5266585350036621,,,,
553e0e7590d3116a072507a3635d2877,"Adoro comprar nas lojas lannister.

Os produtos são de ótima qualidade.
 || Como sou cliente, minha satisfação só aumenta. Grata a toda equipe. || Meus panos chegaram com otima qualidade mais rapido que o esperado td certinho farei novas compras || Conforme descrito no site || O produto recebido apresenta alguns defeitos e de dupla fabricação, nada que comprometa o geral e precise ser devolvido.
A entrega foi dentro do prazo. || O produto é muito bom de boa qualidade e muito bem feito! Gostei muito! || Eu não recebi, porém acredito que seja reflexo da greve.  || 5 || Panos de pratos lindos com ótima qualidade acabamento ,mas é importante avisar que não são as 10 da foto que vem...vem 10 mas de modelos e cores aleatórias. || Esta loja targaryen não cumpre o prazo,este pedido eu recebi, porém o anterior a este ainda não chegou || Os panos são lindos e o tecido de qualidade.
A entrega foi no prazo.
Recomendo! Nota dez! || Muito bom vendedor vou recomendar aos Amigos || Os panos sao uma graça,enxuga super bem casa estampa não linda q a outra chegou antes do prazo . Muito feliz vou comprar mais.  || Ótimos!! Uma pena ter frete, mas estou muito satisfeita!  || comprei 02 unidades (teria que receber 20 panos de prato barrado), mas recebi somente 01 unidade (recebi 10 panos de prato barrado.) Dando é que paguei o valor de 95,80. || comprei 02 unidades (teria que receber 20 panos de prato barrado), mas recebi somente 01 unidade (recebi 10 panos de prato barrado.) Dando é que paguei o valor de 95,80.","panos, de, 10, 01 unidade, somente 01, comprei 02, que, valor de",True,True,True,neutral,0.44052761793136597,,,,
55782cb82e0efe052da0a3da237da3b2,"Entrega muito rápida || Excelente . || Muito bom || Entrega a jato, vendedor correto || O produto é muito bom e foi entregue bem antes do prazo prometido. || O produto é muito bom e foi entregue bem antes do prazo prometido. || Entrega muito rápida || O produto atendeu minhas necessidades || Produto descrito com clareza, preço acessível, entrega antes do prazo, tranquilidade e satisfação. || entrega no prazo e produto correto || Só achei muito demorado a entrega, msm estando dentro do prazo. Do dia 02/01 que foi postado no Sul e sair para Belo Horizonte no dia 14/01 muito estranho essa demora.  || Carga de 2 amperes /hora no lento e 20 no rápido. O display é muito útil. Lembrando que a velocidade da carga não deve exceder 10% da amperagem da bateria. Excelente equipamento.  || Bom","bom foi, muito, muito rápida, entregue bem, prometido, 01, entrega, entrega muito",True,True,True,positive,0.4203445315361023,,,,
55b71bf300a2765a382eaec566df531f,"Recebi muito rápido, produto perfeito. || Amei... me deram um prazo e veio bem antes do esperado... produto maravilhoso também... recomendo compras por aqui... seguro, rápido, produto maravilhoso... melhor do que esperava. || Chegou antes do prazo... Produto excelente. || O produto chegou beem antes do prazo estabelecido. tudo certinho do jeito que eu queria.  || Adorei a bolsa inclusive as vasilhas que vem dentro ate tamanho é otimo || A entrega ainda não foi efetuada.  || muito bom || EXCELENTE ATENDIMENTO E RETORNO || o edereco e outro  || Não veio com tudo que disse que vinha , nas informações do produto no vendedor , informa que vem com gelo térmico , mas veio sem || Imagem ilustrativa excedeu as expectativas para o real produto, portanto propaganda com caráter ilusório  || Produto de boa qualidade, um tamanho bom pra transporta para qualquer lugar adorei recomendo. || Produto atendeu as expectativas. recomendo || comprei um produto e recebi outro completamente diferente, como devo proceder?","produto, rápido produto, vem, as expectativas, maravilhoso, tamanho, que, do",True,True,False,positive,0.45871642231941223,,,,
566a4f2c4385f36d15c00dfcaae132d1,"recebi somente 1 controle Midea Split ESTILO.
Faltou Controle Remoto para Ar Condicionado Consul || Foi td perfeito, prazo, produto e entrega. || Correios demorou quase 1 mês. || Chegou no prazo certo d de ótima qualidade. Recomendo, veio com 4 pilhas || Recebido 14 dias antes do prazo. || comprei um controle de ar de condicionado consul e recebi um controle remoto de televisão || Só recebi o controle remoto do cod.012339, feito através da Eletromassa componentes, Nota Fiscal nº 003570.
O controle do cod. 012495, não constava na embalagem da entrega. ( faltou)
Fico aguardando || Até o momento não recebi o produto , não entraram em contato para falar o q houve || Chegou com defeito,não liga  || Muito Bom, Produto, entrega || Muito bom  || Recebi o produto dentro do prazo estipulado com ótimo custo benefício. Recomendo! || Espero que continue funcionando bem  || estão de Parabéns!! 

","controle, controle remoto, remoto, ar, um controle, faltou, produto entrega, recebi",True,True,True,neutral,0.5364933013916016,,,,
569ffd16f8032478cbeb9800f2e94ba0,"bom || bom || Não estou sastifeita , por que comprei 4 esteira e só chegou 3 esteira aguardo a providência. || Não estou sastifeita , por que comprei 4 esteira e só chegou 3 esteira aguardo a providência. || Não estou sastifeita , por que comprei 4 esteira e só chegou 3 esteira aguardo a providência. || Não estou sastifeita , por que comprei 4 esteira e só chegou 3 esteira aguardo a providência. || Ainda não recebi o produto... || Produto ainda nao foi entregue e consta para retirada nos correios, no Paraná. Uma vez que moro em São Paulo, capital, fico me perguntando como farei essa proeza! 
Preciso duma posição urgente! || comprei 2 unidades recebi 1 unidade
ainda paguei 2 fretes para vir junto || comprei 2 unidades recebi 1 unidade
ainda paguei 2 fretes para vir junto || BOM ATENDIMENTO || As imagens pareciam de melhor qualidade, mas pelo preço está valendo. || As imagens pareciam de melhor qualidade, mas pelo preço está valendo.","por que, não estou, só chegou, aguardo, que comprei, comprei unidades, unidades recebi, comprei",True,True,True,neutral,0.4552443325519562,,,,
574597aaf385996112490308e37399ce,"Bonito, bom e chegou rápido || Sempre compro produtos na internet e no stark é o melhor lugar. Nunca tive problemas e as mercadorias me atendem perfeitamente como eu havia esperado. || Chegou antes do prazo dado é o produto em ótima qualidade.  || Adorei a lixeira muito linda e moderna || Sem problemas. || Produto chegou muito antes da data de entrega e veio exatamente como eu esperava, superou as expectativas. || Chegou bem antes do prazo e o produto é ótimo || Chegou bem antes do prazo e o produto é ótimo || muito rabido top || Tanto loja quanto o vendedor e lixeira muito bom, recomendo tudo.Entrega super rápido, chegou muito antes do prazo.Amei tudo || Produto atendeu minhas expectativas, muito lindo! || ameii. veio bem certinho, melhor do que esperávamos, unica coisa que a caixa veio destruída, e tive que retirar no correio, só precisa melhorar a qualidade da embalagem ","lixeira, como eu, chegou, chegou muito, produto ótimo, muito, muito antes, problemas",True,True,False,positive,0.43512672185897827,,,,
57d79905de06d8897872c551bfd09358,"O produto não corresponde ao que eu comprei, a película é muito menor que a tela do celular e não cobre toda a tela. || muito bom || minha película de vidro chegou toda trincada! preciso de uma inteira,  || Comprei um produto porém recebi outro.  || Não chegou  || otimo || Muito bom excelente na entrega  || Comprei a película para celular e não recebi. Houve problema com o pacote no meio do caminho, abri reclamação no correio, no site da lannister, e nada foi feito para resolver, não tive nenhum retorno || Dos 3 itens que comprei, recebi apenas 1item. Foi rápida a entrega, que foi a película de vidro. Porém não atingiu as expectativas pois não cobriu toda a tela, e parece ser frágil.  || Produto recebido em perfeito estado e dentro do prazo! || Produto recebido em perfeito estado e dentro do prazo! || Ainda não testei o produto. ","película, tela, toda, película de, de vidro, produto recebido, vidro, não",True,True,False,negative,0.478914350271225,,,,
57e089e3103f5cda6a4ce23b77399bdb,"tenho outro sling de outra marca com tecido muito mais macio, maleável e agradável || Recebi o produto antes do prazo, tudo certo! A qualidade do produto é muito boa.  || Perfeito || Recebi todos os produtos bem certinho e no prazo. O sling é lindo e de um tecido muito bom! || Chegou certinho. || 100% ótimo! || Chegou antes do prazo. Super rápido  || Produto ótimo, conforme anúncio e chegou antes do prazo. || Sempre muito confiável.mesmo com o prazo mudado devido a greve. Tudo foi informado.
E chegou antes do prazo
 || Produto entregue conforme o anunciado.  || nononono || Otimo produto e ainda recebi antes do prazo dA entrega || Só achei que deveria ter mais opções de amarrações no manual.  || Atendeu minha expectativa! Recomendo!","tecido, prazo, antes do, do, certinho, antes, chegou antes, do prazo",True,True,False,positive,0.605574905872345,,,,
57f2bc497c1a3ebe41ba7a06d78ed159,"Mandaram o relógio, ao chegar observei que estava parado.
Conclusão :
Mandaram produto quebrado.
 || Um dos relogios veio aberto sem tampa e sem funcionar não recomendo a ninguem essa empresa || O relógio touch screen é ruim de mexer e muda a hora a todo momento mais no mais TDS os demais estão bem. || Comprei 2 relógios e entregaram apenas 1. Aguardo posicionamento da loja qto a isso ou estorno do valor no cartão.  || Entregue antes do tempo previsto, o produto tem uma boa qualidade. || Produto de baixa qualidade.  || Comprei um relógio e na descrição do produto estava acompanhando a caixinha e não veio. Me senti enganada! Enviei email e não tive retorno.
A descrição do produto deve ser real para os consumidores. || Já fazem mais de 30 dias que fiz a compra e não recebi o produto, inclusive já paguei a fatura, estou no aguardo do produto ainda, caso ainda haja entrega, aguardo um retorno e posicionamento da loja, || O relógio foi entregue.
A máscara que não recebi. || Nossa.... Nunca comprei algo nas lannister que demorasse tanto..... Pensei em desistir. Mas de qualquer forma, o relógio é bom || Manter essa fiel filosofia de cumprir datas e se preocupar com o pós venda || Super recomendo || Relógio retrô muito bom, gostei muito e recomendo pra todos. || Recebi meu pedido incompleto, embora a nota contasse os 2 produtos conforme a compra e pagamento, dentro da caixa só havia 1 dos produtos comprados. Vale salientar que a embalagem não estava violada. || Recebi o relógio, veio muito bem embalado e protegido de danos, no tempo previsto para entrega, estou satisfeitíssima, grata pela atenção. || Perfeito recomendo de mais!! || bom","relógio, descrição do, aguardo, estava, mandaram, da loja, de, produto",True,True,True,neutral,0.4497831165790558,,,,
583f158587cdecda3e8bdea694021e39,"recebi sim mais com defeito os encaixes sao dois igual e nao fecham 
 || recebi sim mais com defeito os encaixes sao dois igual e nao fecham 
 || Ótimo || Muito pratico || Eu comprei duas unidades e recebi uma unidade. || Eu comprei duas unidades e recebi uma unidade. || O produto veio com o bocal desfiados em algumas partes, solicito a troca por outro || Compro na lannister há anos!!!! || NO PRAZO , OTIMO || o prazo de entrega , muito antes . otimo, eu adorei.  || Entregue bem antes do prazo estipulado. Isso é muito legal || Entregue bem antes do prazo estipulado. Isso é muito legal || O prazo de entrega era até o dia 16/02.
Até agora não recebi. || Posso aceitar isso e meu coração continua aberto || Excelente  || Não gostei do Produto não aconselho  || O peoduto veio com defeito || Vou testar o produto, por enquanto o achei fragil || Vou testar o produto, por enquanto o achei fragil || Apresentou manchas de utilização no produto.","uma unidade, unidades recebi, com defeito, produto por, defeito, legal, por enquanto, testar",True,True,False,neutral,0.47939416766166687,,,,
58efb9b638561ce132216a9a612513e2,"O site acusa ""pedido entregue"", porém não recebi nada. || O site acusa ""pedido entregue"", porém não recebi nada. || O site acusa ""pedido entregue"", porém não recebi nada. || O site acusa ""pedido entregue"", porém não recebi nada. || O site acusa ""pedido entregue"", porém não recebi nada. || Prateleiras com cantos vivo, colunas nao encaixam, faltam arroelas para nao danificar a pintura, prateleiras chegaram todas amassadas. || A compra feita foi de 2 estantes, uma azul e outra verde.
Recebi apenas a estante azul. Está faltando a entrega da segunda estante  || Muito bom está estante ela é bem reforçada eu comprei dia 17/07 e me entregaram dia 21/07 super rápido a entrega eu adorei estou super santifeita.  || recomendo a todos, muito bom ! || recomendo a todos, muito bom ! || recomendo a todos, muito bom ! || recomendo a todos, muito bom ! || recomendo a todos, muito bom ! || recomendo a todos, muito bom !","recebi nada, pedido entregue, recomendo todos, porém não, bom recomendo, todos, nada, porém",True,True,False,negative,0.3590236008167267,,,,
593236d0ff46b4299b4787fb8d43f7f0,"Uma das peças não encaixava, estava de diâmetro diferente. Eu tive que serrar e martelar para poder caber e encaixar.
De resto, tudo ok. || Tudo certo com o produto! Recebi antes do prazo estabelecido e o produto está em conformidade com o anúncio! || Só recebi 1 produto, mas comprei 2. || Só recebi 1 produto, mas comprei 2. || Ocorreu tudo certo com a compra  || Ocorreu tudo certo com a compra  || Comprei duas unidades de um determinado produto, sendo que, chegou apenas uma  || Comprei duas unidades de um determinado produto, sendo que, chegou apenas uma  || Bom dia,gostaria de saber porque meu pedido veio errado e porque eu pedi a troca e vcs me mandaram errado de novo,pois pedi uma arara cromada vcs me mandaram em branco fiz a troca e vcs me mandaram br || Chegou no prazo.  || Chegou no prazo.  || TUDO OK CONFORME ANUNCIADO. || Uma das partes veio com um amaçado que dificultou a montagem. Mas Recomendo o produto, pelo valor a qualidade me deixou satisfeito. || TUDO OK || TUDO OK || TUDO OK || Boa tarde,
Faltaram pecinhas para a montagem das araras. Conclusão, elas não param em pé. Já abri um chamado.
Obrigada! || Boa tarde,
Faltaram pecinhas para a montagem das araras. Conclusão, elas não param em pé. Já abri um chamado.
Obrigada! || Boa tarde,
Faltaram pecinhas para a montagem das araras. Conclusão, elas não param em pé. Já abri um chamado.
Obrigada!","montagem, tudo ok, ok tudo, faltaram, pé, certo com, me mandaram, abri",True,True,True,neutral,0.4741779565811157,,,,
595fac2a385ac33a80bd5114aec74eb8,"muito bom obrigada  || Parabéns pela rapides e eficiencia obrigado || a minha é que essa loja é ótima e eu recomendo a qualquer pessoa obrigado. || Otimo comprar por este site as mercadorias chegam antes do prazo determinado. || Muito bom || Muito bom, recomendo, tudo dentro do prazo!!! || Com a venda e a entrega, tudo ótimo. O prazo foi menor que o estipulado, mas, infelizmente, o perfume já não é mais o mesmo. Fiquei uns 15 anos sem comprar e a fragrância mudou. Que pena! Ficou comum. || Postagem ultra rápida, bem mais ágil que a própria lannister. O produto chegou em prefeitas condições e tudo de acordo. Super recomendado. || Me entregaram FALTANDO um vidro de perfume || Me entregaram FALTANDO um vidro de perfume || A primeira vez que eu comprei veio certinho ...já o segundo perfume até agora não chegou e minha fatura já chegou com. O valor comprado  || Muito bom o produto. || O produto está na transportadora há dias e até hj não foi entregue. Prazo pra entrega dia 07/06. Péssimo nunca aconteceu
 || Chegou antes do prazo previsto. || Gostei bastante mas,a fragrância e mais fraca || Recebi muito antes do prazo. Amei! Foi meu presente do Dia das Mães.  || Produto entregue antes do prazo estipulado! Recomendo a compra! || A embalagem do perfume é original, mas a essência não. Uso o Vezzo a mais de 10 anos. O produto que recebi é pirata. Vou atrás dos meus direitos de consumidora. Quero o perfume certo ou meu dinheiro. || ENTREGARAM TUDO CERTO, E ANTES DO PRAZO... || muito bom...pedido entregue no prazo e produto Veio correto...estou muito satisfeito...recomendo...obrigado ","perfume, faltando um, prazo, anos, vidro, obrigado, entregaram, do",True,True,True,positive,0.4284992814064026,,,,
5a6e53c3b4e8684b13388d6aa4afdf12,"Recebi antes da data prometida. Recomendo esta loja.  || Muito bom entregou antes do prazo || O termômetro veio com a pilha vazando e não ligou.  || Me pareceu velho. O contato da bateria está enferrujado e não funcionou quando liguei. Tive que abrir e lixar a parte metálica que encosta na bateria. || Chegou bem antes do tempo 
Só a bateria que veio com defeito ,mas de resto tudo certo || Comprar um produto dia 24/04 e receber dia 13/05 é no mínimo bizarro. 19 dias nem o PAC demora. Comprei pelo Mercado Livre um HD na semana passada que saiu do interior de SP, e ele já chegou. || So foi entregue 1 e foi comprado 2 || So foi entregue 1 e foi comprado 2 || Entrega dentro do prazo, produto em perfeito estado, mas a embalagem estava aberta.  || Produto cumpre o que promete. || Cancelei a compra por não ter recebido o produto || Prazo de entrega muito longo, um produto q poderia ter vindo em uma semana demorou um mês || A bateria chegou estourada, estão nem consegui ligar o termômetro ainda. || Chegou no prazo. Bom produto. || Chegou certo o produto, no prazo super recomendo é bonito, funcional , prático.  || a compra foi feita no dia 11/04/2017 e ate o momento nao foi entregue || Ótimo produto , super recomenda , entregaram bem antes do dia , o frete super compensa porque a qualidade é excelente , meus parabéns.  || Ótimo produto e excelente vendedor...Recomendo-o. || Entrega rápida, profuto devidamente embalado.
Produto ok e acompanha pilha. || bom","bateria, foi comprado, produto, dia, 04, foi, semana, comprado",True,True,False,neutral,0.45904305577278137,,,,
5a848e4ab52fd5445cdc07aab1c40e48,"Recomendo... chegou dentro do prazo. || recomendo || Chegou bem fora do prazo. Mas, o site estava me informando do status do pedido.  || Quanto a entrega foi super rápida como sempre e referente ao produto como hj é o segundo dia que uso ainda não sei os resultados. || Produto de qualidade entregue dentro do prazo. Recomendo. || Comprei o produto confiando nas lojas lannister e não na targaryen a qual parece q não entregou o produto no tempo certo para os Correios, e não recebi esclarecimento da targaryen, mas o produto chegou, obg || Esse produto está tudo correto, mas eu fiz uma compra de um perfume Gabriela Sabatini é já qualifiquei como tudo certo mas desconfio que seja falsificado. Não fixa na pele como o perfume original! || não esta sendo eficiente, me deram um prazo de entrega e ate agora nada  || Produto chegou antes do prazo previsto. Muito bem embalado. || Sempre gosto de comprar nas lannister  || Sempre gosto de comprar nas lannister  || Entregue antes do término do prazo, gostei muito! || Os produtivos não foram entregues até o presente momento. A expectativa de recebimento foi frustrada. O valor foi debitado do cartão. Não recomendo a compra com esse fornecedor. CUIDADO! || Estudo foi ótimo não tenho reclamações perfeito obrigada  || Acho um desrespeito pediram pra buscar no correio cheguei lá o produto já não estava sondor de cabeça  || Eu nao recebi meu produto completo, já abri ocorrência e estou aguardando retorno, pois dos dois kits so recebi um. Espero resolução.  || Eu nao recebi meu produto completo, já abri ocorrência e estou aguardando retorno, pois dos dois kits so recebi um. Espero resolução.  || Cadê meu produto || Comecei a usar o produto ontem esperando pra ver os resultados dele || Nota 10. Houve falhas de comunicacao, mas dos correios. Quanto ao sistema lannister, nota 10. Excelente!","produto, não, perfume, aguardando retorno, completo, kits, nas, gosto de",True,True,True,neutral,0.4617477357387543,,,,
5b226d7c52f86ac72457617f78cff95d,"Boa tarde! 
Tive problemas com meu pedido sim! 
Veio o mosqueteiro errado. 
Pedi um de tamanho Queen, que arrastasse até o chão e com o círculo em cima bem grande. Veio pequeno de cama de casal nor || sempre compro e ,òtimo super recomendo  || Vcs são 11.
Obrigado.  || O produto oferecido não é igual ao produto entregue!
Eliani || Loja muito ruim || Ótimo  || Muito bom recomendável está loja.  || Ate o momento não recebi a minha compra, e esta constando no rastreamento que foi entregue || Não recebi o produto || O mosquiteiro deveria ser tamanho unico e colocar o tamanho com a metragem. 
Eu queria q fosse king e nao e especificamente. O produto ""atende"" .
 || Produto muito diferente da imagem apresentada no site da lannister, o diâmetro não chega nem
próximo do apresentado no site, não serve na cama Queen Size, péssimo acabamento não tem nada de Elegance || Não gostei da entrega, pois feito uma única tentativa na residência, o produto voltou para a central dos correios, sendo que poderiam ligar ou mandar e-mail previamente informando o dia exato  || Gostei bastante  || Satisfeita com o produto e a entrega. || Chegou antes do previsto, serviço de entrega lannister sempre se antecipando ao prazo... Parabéns!!! || parabens tudo ok chegou antes do combinado muiot obrigado !!!!!! || Foi tudo certinho, antes do tempo de entrega... Parabéns. || Comprei pensando q seria igual a foto quando chegou totalmente diferente || muito bom || Recebi o produto certo no tempo certo","tamanho, cama, produto, não, igual, de, diferente, obrigado",True,True,False,negative,0.418562650680542,,,,
5bfc7506459ae2a7b4b573fe557a58e1,"O produto chegou na cor correta,, e na qualidade esperada, porém paguei frete para ter a comodidade de receber meu produto em casa e tive que buscar nas agências dos correios.  || Gostei muito da minha cortina bem delicada e linda. Chegou antes do prazo || chegou antes do prazo fiquei satisfeito recomendo o produto || Rápido || Linda.
Entregue no prazo
Material excelente.
Recomendo. || Muito Bom atendimento, e cumprimento do prazo || Muito ótimo!!! Super recomendo || Não recebi o produto , e não tive nenhum retorno da loja para saber do produto . || Não recebi o produto ainda || Comprei duas cortinas , porém só chegou uma , quero saber o que aconteceu , entro no site da lannister e só diz atrazo no envio dessa mercadoria porém da como pedido entregue! Mentira ! || Entrega dentro do prazo, produto bem embalado e tudo conforme o anúncio. || linda cortina ....otimo produto || Foi entregue a cortina infantil tá faltando a cortina da sala
 || Só recebi a cortina, as prateleiras ainda não.","cortina, linda, produto, porém, da, saber, prazo, do",True,True,False,neutral,0.4676424562931061,,,,
5c692818d313aa12864b48ac0c2472c2,"bom produto, entrega no prazo || Foi
Poditiva a experiência de compra. || Relógio lindo, veio com o visor que parece ser mais quadrado. Adorei || Ruim, até o momento o produto não chegou || Bem embalados e até antes do prazo  || Demorou demai a entrega 1 mes para entregar quando o przo dado foram 17 dias. nao gostei! Ainda estou esperando a entrega. || Sempre no prazo  || Fiz uma compra só, o produto foi faturado junto saiu na mesma nota, quando chegou, veio só um com a nota com os 2, acabei reclamando e depois de 1 dia chegou o outro relógio, produto igual ao anúncio. || O relógio atendeu às minhas expectativas. || Atendeu a expectativa! || Faltou um pedido na entrega e quando pede para cancelar um produto não te atendem","relógio, quando, atendeu, produto, só um, faltou um, te, com nota",True,True,False,neutral,0.4930769205093384,,,,
5d66715cc928aadd0074f61332698593,"ENTREGA MUITO RAPIDA  || Ótimo produto! Recomendo! || eu daria nota 10 , chegou antes do tempo || Comprei um controle duosat trent e veio um paralelo || Comprei um controle duosat trent e veio um paralelo || Falta entregar um dos produtos  || Produto de qualidade. Somente a entrega efetuada através dos Correios demorou mais de 30 dias. || Gostei do produto , atendeu minhas espectativas!!! || Tudo ok, recomendo! || foi entregue o produto no prazo ,loja compriu com o acordado na hora da compra  || Gosto de comprar no site das lojas Américas tem preço e a entrega é super rapida || Obrigado pelo produto eu estou bem satisfeito pelo produto que foi entregue no praso || Vendedor honesto podem confiar continuem assim || Vendedor honesto podem confiar continuem assim || Muito bem chegou no prazo e funcionou muito bem recomendo || ESTOU SUPER SATISFEITA COM ESSE SITE ,AS MERCADORIAS CHEGAM EM PERFEITAS CONDICOES E PRAZO DESEJÁ
VEL !!!! || Produto cfe o anunciado! Entregue no prazo... || não testei ainda || baratheon meu produto não chegou veja aí que eu vou adicionar o Copom. || Produto chegou corretamente e no prazo!","um controle, continuem, pelo produto, produto, controle, veio um, no, no prazo",True,True,True,neutral,0.442185640335083,,,,
5d6bea33648f018dbb563f3a2fab09f3,"Entrega ágil. Produto excelente poderia ter um acabamento melhor.  || Gostei do produto, porém veio mau embalado na caixa  || Produto lindo! De ótima qualidade || Por enquanto recebi apenas um dos produtos, o soquete. O pendente aramado duplo diamante não chegou e consta como entregue. || Adorei o produto, a entrega ocorreu bem antes do previsto.
Valeu totalmente a pena. || Perfeito || Recebi parcialmente o pedido, veio as duas luminarias pendentes. Faltou o lustre aramado, entrei em contato aguardando retorno de uma posição de entrega do produto.  || excelente compra recomendo a todos || Bonito, resistente, bem acabado.  || Não recebi o pedido completo. Minha compra eram 3 pendentes e veio somente um na caixa, porém a nota fiscal veio dos três produtos.
Até agora ninguém respondeu meu email da reclamação.
Aguardo. || Eu comprei dois pendentes o simples e o duplo mas entregaram apenas o.simples. Eu estou aguardando a entrega da outra mercadoria || Ótimo chegou no tempo estimado , super moderno. || Excelente !!! || Lindo, amei. || Recebi o produto antes do prazo de entrega. Adorei pois chegou exatamente como a descrição. Podem adquirir sem nenhum medo. || otimo produto recebi antes do prazo  || Super recomendo 
Amei os produtos  || Não recebi meu produto preciso urgentemente de uma posição  || Produto correto,entregue antes do prazo.Não instalei então não sei se está perfeito.
A loja optou por entregar pelos Correios e como ele não faz a entrega em casa em 90% do RJ eu tive q buscar e leva","pendentes, produto, na caixa, uma posição, posição, simples, do, recebi",True,True,False,neutral,0.4385257363319397,,,,
5d7c23067ed3fc8c6e699b9373d5890b,"Pedi duas carteiras. Uma veio com defeito e outra veio errada, ñ é a q pedi.... pedi reembolso e creio q isso correrá bem. || Veio totalmente errado E o material falado no site não e5 o mesmo é uma porcaria queria trocar e não consegui  || Muito bem atendido || Gostei muito,acabamento bom,cor bonita so o tamanho que é maior que eu pensava || Péssimo. || super recomendo || Comprei um produto e me encaminharam outro. Estou fazendo a devolução do produto para ressarcimento do valor pago || Produto bom || Chegou certo. || Recomendo sim chegou no prazo e o produto é de ótima qualidade. || Não é que o produto seja ruim, é que achei que era menor, quando chegou achei grande demais. Mas é uma ótima carteira. || Na história ra de entregar vi-o outro modelo de carteira! Código era 133 e veio 246","carteira, pedi, veio, que, outro, produto, achei, era",True,True,True,neutral,0.4544762074947357,,,,
5eb564652db742ff8f28759cd8d2652a,"Produto excelente, entregue antes do prazo || Não tinha mais a cor que eu tinha comprado e a moça entrou em contato comigo para perguntar se poderia enviar de outra cor. Muito atenciosa. Recomendo. || Produto bom atende o que eu preciso, não testei ainda o carregamento da bateria por energia solar. || Gostei do produto ... dentro minhas expectativas
 || sempre comprei na lannister.com e nunca tive nenhum problema, com entrega, informações, compra etc. nota 10. || O cabo carregador para tomada e carro nao foi entregue || Simplesmente recebi um produto na cor errada, no modelo errado do comprado, barulho de peças miúdas soltas dentro dele, além de ter a tensão errada, 220V.
Portanto não veio o produto que foi comprado || Produto conforme características no anúncio OBRIGADO!  || Produto conforme características no anúncio OBRIGADO!  || Ótimo produto recomendo || Foi me enviado um produto divergente ao que foi comprado. || loja confiável estou satisfeito com a aquisição.
RECOMENDO || O produto é bom mas vem sem manual. Nao existe informação de como carregar a bateria, quanto tempo pra carregar, qual a duração da bateria, voltagem, se precisa um carregador a parte... || O produto é bom mas vem sem manual. Nao existe informação de como carregar a bateria, quanto tempo pra carregar, qual a duração da bateria, voltagem, se precisa um carregador a parte...","bateria, comprado, produto, voltagem, foi comprado, existe, cor, bom mas",True,True,False,neutral,0.49759796261787415,,,,
5f504b3a1c75b73d6151be81eb05bdc9,"é a segunda que compro esse mes, gostamos bastante entregaram antes do prazo ,foi bom. || Veio como combinado, gostei muito, fui testar e fiquei docinho RS. Em breve vou acostumar a fazer algodões e ficarei craque!  || A loja fisica onde fiz o pedido temnum dos puores atendimentos que ja recebi na minha vida como consumidor, os funcionarios mal olham na cara dos clientes e não tem interese em prestar um bom atendime || produto ótimo e loja muito precisa na entrega super recomendo  || Precisa cumprir as data de entrega. || excelente produto || bom,chegou dentro do prazo,estou satisfeito. || Muito prático e a entrega foi dentro do prazo. || Gostei muito || Ótima máquina faz bem o algodão doce, minhas sobrinhas adoraram. || Ótimo produto  || O produto chegou dentro do prazo e com a caixa lacrada, mas ainda não testei. || O produto chegou fora do prazo de entrega de 14/03 foi entregue 15/03. || Empresa maravilhosa!!!! Entrega efetuada muito antes do prazo!! Muito obg!!! Muito feliz por mais um sonho realizado! !! || Eu recomendo o produto a loja e o site  || Não recebi o produto e o prazo acabou  || Otimo produto,entrega imediata. || Muito boa loja || Site seguro, rastreamento do produto é entrega ok || O meu produto veio quebrado, entrei em contato com empresa e fui super bem atendida, imediatamente resolveram tudo e mandaram outro novinho. Muito obrigada pelo atendimento atenção. Atendente: Bruna ","produto, muito, precisa, entrega, prazo, 03, do, do prazo",True,True,False,neutral,0.4277386963367462,,,,
5fc3e6a4b52b0c414458104ed4037f1c,"A compra foi efetuada como cartucho original Canon, que é o que desejava, no entanto veio um cartucho similar || já compro no site a anos, nunca me senti enganado! no entanto nessa compra na minha opinião fui enganado e passado para trás. não recomento o produto a ninguém!  || Produto de boa qualidade e entregue bem antes do término do prazo pré-estabelecido. || Tudo correto! || Entregue no prazo.... || Produto entregue nao confere com o anunciado...me entregaram um produto. Totalmete diferente..der outra marca.... || so to chateada pq comprei 2 tenis ja veio a fatura e eu ñ recebi o tenis ok recebi foi um emeil dizendo que estao com dificudades para mandar cendo guando comprei tinha no estoque  || Entregaram muito antes do prazo || Entregaram muito antes do prazo || Entregaram muito antes do prazo || Comprei o produto como original e veio um compatível. .. || no site o cartucho era original e recebi um cartucho compatível.... propaganda enganosa!!!





 || Chegou mt rapido, e tudo direitinho. Estão de parabéns !","cartucho, entregaram, original, muito antes, compatível, um cartucho, entanto, no entanto",True,True,False,neutral,0.45314478874206543,,,,
6002665d65ee348dcd357c7bb2f080bd,"Bonito e fácil de usar || Era para eu ter recebido na minha residência e nao ter ido ao correio para buscar || Resolveram meu problema é meu produto foi entregue em perfeito estado  || Não enviaram o produto correto e ainda estou esperando a resposta de devolução!  || Entrega realizada antes do prazo. || Bom produto, entrega no prazo estipulado. || Realizei uma compra na loja toca dos peixes, porém me enviaram o produto diferente. Muito insatisfeita as lojas parceiras da lannister. Espero o mais breve o código para devolução do produto. || Oque aconteceu com o meu pedido ? Me mandaram uma peça totalmente diferente da qual eu comprei ; nao consigo falar com ninguem nem por tel nem por email; lannister como vamoresolver isso? || Muito bom  || Muito bom. Chegou antes do esperado. || veio produto diferente da foto , modelo diferente
  || Produto da marca LIV. Bom custo beneficio. Apesar do anúncio não conter especificação, o mesmo chegou de acordo com a imagem.  || baratheon é mão na roda.","diferente, diferente da, produto diferente, enviaram, produto, devolução, da, nem",True,True,True,neutral,0.4312423765659332,,,,
601a360bd2a916ecef0e88de72a6531a,"Produto entregue antes do prazo em ótimo estado. || Produto bom e entregue bem antes do prazo! || Tudo certo perfeito antes da data prevista || Maravilhoso  || O produto é de qualidade e de custo benefício
 || Obrigado pela atenção  || Bolsas espaçosas, lindas!!! || Entrega do material correto, dentro do prazo, está ótimo!!!
 || Recebi antes mesmo do prazo...Gostei muito do produto, recomendo. || produto bom, dentro das especificações || Não recebi o kit bercinho  || Pelo preço vale a pena  || Gostei muito do produto . Chegou bem antes so prazo. || Na Minha opinião , deveriam cumprir com prazo de entrega , era pra ser entregue até dia 12/05 e até hoje nada , se não estão disposto a cumprir com o combinado apenas , não determinem um prazo! || produto entregue dentro do prazo e com ótima qualidade. || O material não é de boa qualidade || Atendeu minhas espectativas || boa || Simplemente maravilhoso, chegou muito antes do prazo. Entrega rapidissima. Amei || indico e super recomendo td perfeito desde o produto ate a entrega.","prazo, do, produto, maravilhoso, antes, do prazo, muito do, dentro",True,True,True,positive,0.4182198941707611,,,,
6109d0cae3bcb57d579bc0fab6e61814,"Recebi o produto conforme o especificado no site.Super satisfeito! || Apesar de estar no prazo de entrega, a falta de informações quanto ao andamento de postagem do produto deixou a desejar, somente me encaminharam quando havia desistido da compra. || Estão de parabéns...vou indicar || Eu recomendo , ótima compra || Ótimo produto  || ÓTIMO PRODUTO E ENTREGA DENTRO DO PRAZO. || Produto de boa qualidade. Entrega realizada dentro do esperado. || Produto chegou antes do prazo estipulado, tudo certo. || Tudo nos conformes, entrega muito rápida!Estou satisfeito. || Otimo produto, entregou antes da hora.
Muito bom! || Ótimo entregue bem antes do prazo || Bom produto, resistente, bom acabamento, ótimo espaço interno. || Produto de ótima qualidade || Entregue 9 dias antes do previsto.
Produto de qualidade melhor do que o esperado.","produto, de, do, ótimo, produto de, esperado, satisfeito, certo tudo",True,True,False,positive,0.5380463600158691,,,,
616042729c11849827291496b18e9ec5,"PERCEBI UM ERRO APÓS FECHAR A COMPRA. IMPOSSIVEL CANCELAR, MESMO ANTES DE EMITIR NF. NÃO RESPONDEM EMAIL, CONTATO TELEFONICO NAO FUNCIONA. PÉSSIMA EXPERIENCIA || Comprei 6 kits de ""Cloreto de Magnésio PA 240 Capsulas de 500 mg"". Chegaram apenas 2 kits em embalagens distintas. Restam chegar ainda 4 kits. Já reclamei no site, mas ainda não obtive resposta. || Comprei 6 kits de ""Cloreto de Magnésio PA 240 Capsulas de 500 mg"". Chegaram apenas 2 kits em embalagens distintas. Restam chegar ainda 4 kits. Já reclamei no site, mas ainda não obtive resposta. || Comprei 6 kits de ""Cloreto de Magnésio PA 240 Capsulas de 500 mg"". Chegaram apenas 2 kits em embalagens distintas. Restam chegar ainda 4 kits. Já reclamei no site, mas ainda não obtive resposta. || Comprei 6 kits de ""Cloreto de Magnésio PA 240 Capsulas de 500 mg"". Chegaram apenas 2 kits em embalagens distintas. Restam chegar ainda 4 kits. Já reclamei no site, mas ainda não obtive resposta. || Comprei 6 kits de ""Cloreto de Magnésio PA 240 Capsulas de 500 mg"". Chegaram apenas 2 kits em embalagens distintas. Restam chegar ainda 4 kits. Já reclamei no site, mas ainda não obtive resposta. || Comprei 6 kits de ""Cloreto de Magnésio PA 240 Capsulas de 500 mg"". Chegaram apenas 2 kits em embalagens distintas. Restam chegar ainda 4 kits. Já reclamei no site, mas ainda não obtive resposta. || muito bom, recomendo, já é a segunda vez que compro... || Vieram faltando 4 frascos! || Produto preencheu as expectativas. || Obrigada  || Ótima || Loja super responsável e correta recomendo  || Foram muito ágeis no envio do produto. Chegou antes do prazo estipulado. Muito bem embalado.","kits, já reclamei, embalagens, comprei kits, obtive resposta, reclamei, mas ainda, não obtive",True,True,False,neutral,0.4740689694881439,,,,
617186c3d97ea56c9c683a8a3974e8c1,"Produtos otimos, entrega rápida.
Super recomendo!!! || Recomendo ! || Estou muito chateada pois comprei um produto(kit de Pincéis) e veio um outro produto(Bare Lifts).
Enviei um e-mail no mesmo dia que chegou (22/03/2017) e até agora não obtive resposta. || Apesar de ser presente, a minha esposa gostou muito e considerou um produto muito bom de qualidade, veio os 32 pinseis dentro do prazo de entrega.  || Nota 10 || alguns pinceis estao com as cerdas soltando || Produto muito bom e chegou bem antes do prazo determinado ameii super recomendo || Muito bom. Moro no Norte e sempre demora chegar as coisas por aqui. Esse foi bem Rapidão  || sem nenhum problema, recomendo || Super recomendo, ótimo produto. || meus caros ainda estou esperando a entrega do meu pedido e ainda não recebi e isso faz 40 dias || Não estou satisfeita, pois ainda não recebi o produto. || O produto chegou cerca de uma semana e meia antes do termino do prazo, porem meus pinceis vieram amassados e é evidente que alguns pinceis não são da mesma linha, já que possuem cerdas diferentes. || Produto ótimo e entregue beem antes do prazo . || Muito bom gostei de mais no começo eu fiquei com muito mendo mesmo mais agora eu recomendo pra todas as pessoais. || Foi uma compra maravilhosa,e a entrega do produto foi surpreendente ,pois foi muito rápido nada a reclamar || Amei produto mt bom, nao sao todos pinceis cerdas naturais mais a maioria eh. Adorei alta qualidade os pinceis to apaixonada  || Excelente  || O produto chegou dentro do prazo e bem embalado. Gostei e recomendo. || produro chegou antes do prazo e funciona perfeitamente adorei","pinceis, produto, do, recomendo, muito, alguns, super recomendo, do prazo",True,True,True,positive,0.39610499143600464,,,,
61d01171a3784bab50137290350e5332,"Eu coprei seis como veio na nf porem so chegaram 4 || Eu coprei seis como veio na nf porem so chegaram 4 || Eu coprei seis como veio na nf porem so chegaram 4 || Eu coprei seis como veio na nf porem so chegaram 4 || Eu coprei seis como veio na nf porem so chegaram 4 || Eu coprei seis como veio na nf porem so chegaram 4 || por enquanto tudo bem com o produto, nada a reclamar. || por enquanto tudo bem com o produto, nada a reclamar. || Comprei uma garrafa que era pra ser térmica e de térmica não tem nada || COMPREI GARRAFA TERMICA CAPACIDADE 1,2 L MESMA NÃO COMPORTA NEM 800 ML - ALÉM DE TER SINAL EXPLICITO DE USO/AVARIA ESPERO NÃO TER ESTRESS, NEM DESGASTES PARA RESOLVER ESSE PROBLEMA || A garrafa é muito pequena, não acredito que tem 1,2 litros conforme mencionada na embalagem e no anúncio.
Não recomendo a compra do produto.","veio na, nf, chegaram, porem, so, como, na, eu",False,False,False,neutral,0.4382709562778473,,,,
629e019a6f298a83aeecc7877964f935,"Recomendo || Ótima entrega! E ainda entregou bem antes do prazo! || produto bom recomendo || um ótimo produto  || Recebi o produto com sucesso. || 1 parceiro que vende no site que cumpriu o prazo pois ja tive problemas com outros e tive que reclamar pra ter meu dinheiro de volta. || Obrigada ... Pela atenção e rapidez.  || Toppp || Muito bom produto entregue antes do prazo e funciona muito bem || Nossa muito rápido e produto de qualidade || Ótimo produto || Entrega Muito rápida, produto conforme a descrição. Indicaria sim a loja para um amigo. Obrigada! || Produto dentro das expectativas!!! Bom || Eu estou muito satisfeito com o produto e não tive nenhum poblema com essa entrega  || recebi o produto 14 dias antes do prazo estimado, ÓTIMO || nao cumpriram com prazo previsto || Muito satisfeita || como sempre entrega no prazo e mercadoria de ótima qualidade || excelente || otimo","produto, tive, muito, prazo, com, obrigada, ótimo, conforme descrição",True,True,False,positive,0.6146237254142761,,,,
62d8daeee0db3a60c234c2d1bfd10651,"excelente produto c respondeu a minha expectativa. || Meu produto não chegou  || ok || ok || Oi bom dia eu recebi o produto mais não foi o q eu comprei eu tinha comprado uma saia Box com babados e q vcs me mandaram foi um simples com furinhos de formato de rosinha  || Perfeito  || produto de boa qualidade || Sempre compro produtos nas lannister, além de ser de ótima qualidade o preço e o prazo eu adoro. || Linda... || Produto atende às características.  || Saia da cama box linda, delicada e fácil de colocar.
Adorei e recomendo!  || A saia da minha cama veio ota cem nem um defeito eu encomendo a outras pessoas.  || Bom dia
Meu pedido foi duas saias até o momento recebi uma.
Já veio minha fatura onde já foi descontado.
Gostaria de saber se irei receber. || Bom dia
Meu pedido foi duas saias até o momento recebi uma.
Já veio minha fatura onde já foi descontado.
Gostaria de saber se irei receber. || Não era o tecido que imaginei mas mesmo assim é bem feita. Gostei! || Produto bonito. Tecido não é muito bom e veio rasgado em uma parte da costura, mas de um modo geral está ok com o preço.  || Produto bonito. Tecido não é muito bom e veio rasgado em uma parte da costura, mas de um modo geral está ok com o preço.  || confuso, entrega errada, estou aguardando os produtos corretos. || confuso, entrega errada, estou aguardando os produtos corretos. || confuso, entrega errada, estou aguardando os produtos corretos.","saia, errada, tecido, bom dia, de, uma parte, ok, com preço",True,True,True,neutral,0.4544237554073334,,,,
634256dbcd184b3757ffd7632c9fe52a,"Ainda não utilizei o produto então não posso opinar sobre o mesmo. Contudo recomendo a loja, recebi o produto de forma extremamente rápida. || Compra segura e entrega rápida. || não me entregou no prazo cancelei a compra. || não me entregou no prazo cancelei a compra. || não me entregou no prazo cancelei a compra. || não me entregou no prazo cancelei a compra. || não me entregou no prazo cancelei a compra. || não me entregou no prazo cancelei a compra. || Muito bom || Rapidez na entrega || Produto chegou rapto e corretamente lacrado || Em relação à entrega ocorreu tudo certo, porém ainda preciso de alguns dias para dizer se realmente o efeito será positivo. || Quero meu dinheiro de volta || Bom || Ótima loja e produtos || Adquiri o produto para utilizar na unha do pé. Com apenas um dia de uso, já é notório a diferença na unha! Entrega rápida, bem antes do prazo informado. Recomendo o produto e a loja com certeza!! || Adquiri o produto para utilizar na unha do pé. Com apenas um dia de uso, já é notório a diferença na unha! Entrega rápida, bem antes do prazo informado. Recomendo o produto e a loja com certeza!! || Produto entregue extremamente rapido.  || Eu quero receber o produto. || O que achei péssimo foi cobrar dois frete para duas unidades do mesmo produto, vierem em caixas separadas, o valor do frete foi um pouco a menos que o valor de uma unidade do produto. Absurdo ","me entregou, cancelei, compra não, não me, entregou, me, compra, produto",True,True,True,neutral,0.48634347319602966,,,,
63de2743d05ab59d85caa49e49459ac1,"otimo vendedor chegou ate antes do prazo , adorei o produto || Produto entregue corretamente, entregue antes do prazo.  || Produto entregue corretamente, entregue antes do prazo.  || adorei  || Xxx || Não foi entregue Ainda tô aguardando. || Não foi entregue Ainda tô aguardando. || Não foi entregue Ainda tô aguardando. || Parabéns tudo maravilhoso  || Não recebi ainda, por culpa do correio. || Vou começar a usar espero por resultados favoráveis!!!  || Paguei frete e tive que buscar o produto. Sem falar q o frete foi caro. Demorou para chegar.
Só acho que o frete tinha que ser mas barato. O frete acaba saindo no valor do produto ou mas caro.  || Comprei 2 itens do mesmo produto e tive que pagar 2 fretes... Acho uma sacanagem isso, e também chegou 1 produto e o outro ainda não || Comprei 2 itens do mesmo produto e tive que pagar 2 fretes... Acho uma sacanagem isso, e também chegou 1 produto e o outro ainda não || entrega rapida || entrega rapida || Ainda não recebi o produto || Gostei","tô, que pagar, frete, ainda, acho, produto, entregue corretamente, comprei itens",True,False,True,neutral,0.5153036713600159,,,,
642a40d4d73b4b2604968937de13634a,"Recebi no prazo do jeito que vi ni=o site
 || Recebi no prazo do jeito que vi ni=o site
 || Demora na entrega || A loja atendeu bem, mas o produto comprado não é lá essas coisas! || o site não atualiza as informações e não tem como reclamar que a mercadoria ta atrasada uma merda || Produto muito bom || Faltou o item 1, ou seja, não recebi as 2 saias. Quero a outra. || Gostei. Chegou rapido || não recebi o produto || Encomenda recebida com ressalvas com relação a data da entrega. || PRODUTO DE QUALIDADE, ADOREI . || O timos Produtos esto muito contente com Tudos que já Compre ate agora! tudo de O Timas Qualidade , Recomendo muito! compro sempre são excelente vendedores , ótimo atendimento. ","jeito que, recebi no, do jeito, vi, jeito, site, não, chegou rapido",True,True,False,negative,0.5011144876480103,,,,
64d33e6bd1b905a31c2f96f584e6a0c8,"Apesar da demora dos correios,adoro comprar nas lojas lannister  || O MATERIAL DO PRODUTO É BOM, MAS DEIXA A DESEJAR NO IMÃ QUE FECHA A CARTEIRA. É COM POUCA PRESSÃO, E COM UMA SEMANA DE USO, JÁ NÃO FECHA MAIS COMO DEVERIA. E FICA SOLTANDO LINHA DA COSTURA. MEDIANO  || É uma ótima capa e vem com a pelicula || Além ver excelente qualidade, tudo ocorreu perfeitamente! || A Película de vidro veio riscada é a capa carteira a qual acompanha não parece ser de couro. || Ótimo material, entregue no prazo... perfeito... obrigado || Ótima Loja. Fiquei contente com a compra, a entrega chegou antes do previsto. || bom || encomenda chegou no prazo certo e em perfeito estado.
só uma sugestão, quando forem dividir a entrega do produto avisar com antecedência.  || encomenda chegou no prazo certo e em perfeito estado.
só uma sugestão, quando forem dividir a entrega do produto avisar com antecedência.  || Tenho comprado da lannister.com, estou muito satisfeito com o atendimento. || Comprei para presentear meu marido e até agora não recebi, em contato com a targaryen responsável pela entrega o prazo uma resposta expirou e até agora nenhuma informação sobre a entrega do produto. || Recebi tudo certo, tirando um trinco na película de vidro, mas não posso culpar a loja por isso ou os correios pois não sei de quem é a culpa do ocorrido, mas do resto tudo bem!","com, carteira, só uma, película de, de vidro, entrega do, antecedência, vidro",True,True,False,neutral,0.466918021440506,,,,
64fb13596caf118c438edc5c6ed2d50a,"Produto de boa qualidade! Chegou no prazo. || Chegou dentro do prazo. || Chegou dentro do prazo. || Recomendo a entrega chegou no prazo e o produto perfeito. || Foi entregue um cartucho colorido 901 no lugar do Preto 901 XL. Solicito orientação para a troca do produto. || Faltou 1 produto. || Faltou 1 produto. || Faltou 1 produto. || A transportadora que a loja escolheu é muito incompetente ainda não entregou o produto || Entrega dentro do prazo. 
 || Fazer promoções com frete grátis","faltou, prazo chegou, chegou dentro, produto, dentro do, dentro, chegou no, prazo",True,True,True,neutral,0.6229374408721924,,,,
64fb265487de2238627ce43fe8a67efc,"Demorou || Produto de muito baixa qualidade || Não chegou o produto poderiam enviar algum e-mail explicando || Na nota veio descrito 4 produto sendo que quando abri veio 3, espero que esteja a caminho || Apesar de bonita a colcha é bem fininha || Adorei,a minha chegou bem antes do prazo,e é mais linda do que imaginei..
Por essa e outras razões que amo comprar no baratheon!!
#SuperRecomendo || Minha encomenda foi entregue bem antes do prazo e é de exelente qualidade. Estou muito satisfeita com a empresa. || Estou satisfeito com a compra || A cor não veio vermelho como na descrição do produto e sim vinho... O material achei q fosse melhor.. Porem vale a pena pelo preço... || muito bonito. || Material do produto não muito bom || A colcha é muito bonita e destaca bem na cama. || Muito bom o produto mim foi entregue antes do prazo, vou comprar sempre || Produto conforme o combinado


 || Comprei duas colchas só chegou uma.  || Mandei e-mail e ninguém me retorna. 
Sem querer paguei 2 vezes o mesmo pedido pedi estorno de um pagamento e ninguém me retorna  || inicialmente estava satisfeita com a loja. mais até o momento não recebi o meu pedido, por tanto estou sem poder avaliar a loja. || Recomendo a colcha e linda!  || Fiquei muito satisfeita com o produto e tb com a rapidez na entrega, entregaram antes da data de previsão. || Ótimo produto de excelente qualidade, entrega dentro do prazo determinado","colcha, ninguém me, satisfeita com, produto, muito, satisfeita, mail, bonita",True,True,True,neutral,0.4401746392250061,,,,
655110abedc57d73d3b2150d8ba2092a,"Fiz um teste e é totalmente impermeável, muito prática. || Compra segura e entrega no prazo. || Compra segura e entrega no prazo. || Bom produto || Meu produto ainda não chegou e como era presente pra natal, tem até sábado dia 23/12 ou vou querer meu dinheiro de volta. || Bom produto || Recomendo o produto e o vendedor.. Produto de excelente qualidade.. Mercadoria chegou antes do prazo..  || . || Produto de qualidade, adequado ao uso. Foi postado rapidamente. Recomendo o produto e a loja. || Não chegou no prazo porém a culpa não foi do vendedor,sim dos correios. Então tudo certo, recomendo! || Entregue bem antes do prazo.  || Muito bom","produto, entrega no, vendedor, prazo, no prazo, recomendo produto, não chegou, fiz um",True,True,False,neutral,0.5392561554908752,,,,
656e0eca68dcecf6a31b8ececfabe3e8,"ainda nao recebi o produto || Ok. || A única questão foi um comunicado que recebi dizendo que não receberia o produto e até mesmo um link para ""cancelar"" a compra. || Muito satisfeita. Produto entregue antes do prazo. Tudo em perfeita ordem. || Muito satisfeita. Produto entregue antes do prazo. Tudo em perfeita ordem. || entrega em perfeitas condições , antes da data prevista.  || COMPREI UM CARTUCHO NOVO ORIGINAL DA HP E QDO CHEGOU AQUI O PRODUTO ERA REMANUFATURADO || Preço atraente, mas demora demais a entrega e não tem acompanhamento via e-mail de por onde o produto anda || Não recebi o produto e estou esperando a devolução do meu dinheiro. || Sem comentários || quanto tempo mais de espera? || Bom atendimento || Bom atendimento || recebi no prazo acordado e estou satisfeito com o produto. || Muito bom || o cartucho nao esta funcionando
 || O Produto esta com a ntrega atrasada,mesmo ,mesmo com o prazo de 1 mes para entrega. 
Enviei e-mail e tambem não obtive retorno.
Comprei o produto em outra loja, devido a necessidade de utilização. || produto nao chegou || O produto chegou conforme o pedido e o único senão foi a demora.  || Tudo ok so falta usar ","produto, ordem, satisfeita produto, bom atendimento, cartucho, perfeita, mail, prazo tudo",True,True,True,neutral,0.4377294182777405,,,,
657247f6f60543b93e3cc708a8e6329c,"produto bacana, de boa qualidade e chegou em perfeito estado!!! || Entregue antes do prazo. Muito bom o serviço e o produto. || A MALA VEIO RASPADA - VOU TENTAR DEVOLVER || Muito ágil no quesito entrega, fuquei um pouco receoso com a embalagem quando me entregaram, no mais foi excelente a esperiência de compra! || Entrega rápida e produto dentro do esperado. Recomendado. || A entrega esta em atraso e eu preciso da para p. O dia 20,02 e a mesma ainda nao chegou.. se passar do dia 20, n vou querer mais o produto! || sempre gostei de efetuar compra na lojas lannister || Mala descartável para uma viagem....das três malas só duas se salva!!!! Rodinha torta..arrebite solto alça froxa. O barato sai caro. || As malas vieram com rebites todos soltos.

Tive que gastar para arrumar as 3 malas

Não recomendo  || Bom || O produto veio mal embalado, podendo ser facilmente avariado. Aliás foi, pois chegou com umas das rodinhas quebradas, que foi edentificado assim que foi aberto  || Foi muito bom || O pedido foi entregue no prazo
Mais o pedido tem o acabamento e a qualidade ruim e a mala pequena veio com defeito  || Amei  || Produto muito bom pelo preço que é cobrado. Vale a pena e produto foi entregue antes da data prevista!  || Veio antes do prazo e muito bem embalada.
Super recomendo || Recebi o produto em um prazo muito menor que o estimado, o que pra mim foi ótimo! || recomendo","mala, foi, prazo muito, produto, 20, que foi, muito, que",True,True,True,neutral,0.40411651134490967,,,,
66a0a6e02b7f543e5b021ce361f267d4,"Lojas de altamente de qualidade || Produto de boa qualidade. Custo benefício ótimos e a entrega foi antes do previsto. || Ótimo produto e muito lindo. || Otimo produto!
Lindas.. || Muito enrolados o produto que comprei no direto stark e bem maior e chegou com tres dias ja essa targaryen faz parcerias horriveis  || Amei. Bolsa lindas e ótimo material.  || Vcs são sempre ótimos por isso sempre compro.
Continue assim😉 || Ótima compra.
 || A entrega foi super rápida, e o produto é de ótima qualidade, conforme o esperado.  || O produto é ótimo 
A entrega foi antes do prazo 
Estou muito satisfeita. || Amei o produto e chegou muito antes do prazo.","ótimos, lindas, entrega foi, produto, ótimo, amei, ótimo entrega, conforme esperado",True,True,True,positive,0.8015102744102478,,,,
679a3e5e1d2bb68982be5734c6e55e63,"Parabéns a está empresa então site lannister.com.br obrigado || Parabéns a está empresa então site lannister.com.br obrigado || Só tomei um susto pq veio em uma caixa diferente rsrs mas foi ótimo ver que estava tudo certo. O produto é ótimo, e eu amei! || A torneira sai pouca água bem pouca aí o jeito foi colocar novamente a minha torneira antiga  || Produto de acordo com o descrito! 
Entregue dentro do prazo combinado || Produto entregue antes do prazo! Atendeu todas as minhas expectativas.
Super recomendo.  || atendimento ta otimo || veio correto, no prazo nao tenho do que reclamar || Otimo produto recebir no prazo certo,recomento  || 5 || 5 || Não houveram as comunicações iniciais de andamento da compra/entrega do produto por e-email, como houveram em compras anteriores.
Houveram comunicações a partir da emissão da nota fiscal.

 || Entrega dentro do prazo. Bom produto. Ótimo preço || Perfeito... chegou muito rapido || Muito boa...recomendo || Compra entregue dentro do prazo. otimo produto.","site lannister, então, otimo, lannister com, entregue dentro, produto, otimo produto, produto ótimo",True,True,True,neutral,0.4218493700027466,,,,
6803077179d24889430188e03fafd31a,"Tudo ok funcionando....super recomendável.  || N sei o q houve mas n rwcebi o peoduto ainda || Muito bom produto .excelente qualidade recomendo a tpdo ??
 || Bom produto  || sempre muito prestadiva com seus clientes || Entrega muito rápido || Pedido sendo dado como entregue, sendo que eu ainda nao recebi. || tudo ocorreu de acordo com o esperado.  || Recomendo || MUITO OBRIGADA, CHEGOU TUDO OK E VEIO ANTES DO PRAZO, ADOREI!! || Site muito bom, super recomendo  || Mais uma vez a empresa falida ""correios"" falhou na entrega, prejudicando assim a loja e o cliente. Precisamos escolher outras formas de envio urgente. || site ótimo adorei a praticidade do site na hora de comprar! || O produto veio certo e no tempo correto.
Recomendo","tudo ok, sendo, site, muito, ainda muito, recomendo, adorei, ok",True,True,False,positive,0.38224416971206665,,,,
68bf2e76db1d8e846042e54da87399ca,"Atendeu as expectativas || Gostei do produto adquirido.

 || Esperava uma qualidade melhor, porém é um bom produto. || Estou há mais de 01 mês esperando a solução do problema conforme atendimento aberto .
Quanto tempo mais terei que aguardar ?
Tenho que buscar ajuda no procon ou juizados de pequenas causas ??
 || Parece otimo vou usar nao usei ainda || produto muito bom,confortavel. || ENTREGA NÃO EFETUADA || Muito bom o produto recomendo. || otimo vendedor otimo produto entrega super rapida || Não recebi o produto é o atendimento da Shoptaime é ruim. || Entrega no prazo ótimo produto || Fiz um pedido com vários ítens os outros já chegaram e este AINDA NÃO CHEGOU NEM TEM COMO RASTREAR || Produto muito bom || Entrega feito muito rápido || NAO COMPREI PICADINHO P CHEGAR EM CASA, PICADINHO CADA DIA UMA COISA, NAO SOU SUA EMPREGADA, NAO QUERO MAS COMPRAR DE VOCES, NUNCA MAS. CHATO,  || Muito bom.. || tudo perfeito como sempre eu amo o baratheon !!!","nao, produto, otimo, bom, muito bom, muito, atendimento, fiz um",True,True,False,neutral,0.4176495373249054,,,,
69455f41626a745aea9ee9164cb9eafd,"Recebi o produto que eh falso quero meu dinheiro de volta  || Recebi o produto que eh falso quero meu dinheiro de volta  || Ainda não recebi o produto. Apesar da greve dos caminhoneiros, os demais produtos referentes a este pedido (e a outros) já foram entregues. Será preciso que a loja verifique junto à transportadora... || O produro chegou dentro do prazo, é bem leve e a caixinha é de papelão! Não veio com o certificado de garantia, somente manual. O tamanho é bom e a cor é dourado claro, nada muito chamativo! || 10 || Quero saber quando entregarão o produto? Era presente de aniversário e não chegou na data. || Amei exatamente como eu queria  || Gostei, pequeno, delicado e lindo! || Chegou bem antes do prazo, o relógio é lindo! || Muito bom perfeito || Ameeeei tudo, o produto chegou bem antes do prazo posto pela loja, veio tudo correto, estou muito satisfeita, muito abrigado pelo cuidado com os seus clientes!  || Falaram que iam me ligar e até agora nada !!! Não recebi meu produto  || Tudo perfeito || sem preocupação com o cliente, não há transparência, pois não mantem nenhum canal de comunicação direta. quero o cancelamento e devolução do dinheiro. || Produto demorou a ser entregue. veio muito mal embalado e ainda não e original || O produto que foi entregue não é um produto original. 
É uma réplica da pior qualidade, daquelas que se acha na 25 de março por 30 reais.  || Chegou 1 produto e o outro nao ! 
Quero saber pq se esta os dois no mesmo vendedor e mesmo pedido... por favor  || O produto foi entregue antes do prazo previsto, funcionando e intacto. Gostei muito da compra e recomendo sem dúvida esta loja! || Produto ótimo, amei.","quero, produto, falso, dinheiro, produto que, quero saber, não, quero meu",True,True,False,neutral,0.48716211318969727,,,,
698b3ddae2f0b80c2a48fb40624ca4e4,"Cada vez que compro mais fico satisfeita parabéns pela honestidade com seus clientes 👏👏👏👏? || Quadros lindos e de boa qualidade. || Os quadros são lindos!  || lindos || Os quadros são lindos e de otima qualidade. Me surpreendi com a compra! muito satisfeita! || Gostei muito da compra dos quadros! A entrega foi rápida, e os quadros foram exatamente como estavam na imagem! || Os quadros vieram com um pequeno defeito,por isso não fiquei totalmente satisfeita!!!! || Gerecer gostei do produto, deveria oferecer da cor branca. || Amei!
São lindos e de ótima qualidade! || Excelente produto, chegou antes do previsto. Satisfeita com o produto!  || Os quadros são lindos!!! Amei! E chegou antes do prazo!
Só não dei 5 estrelas, pois um deles veio com um defeito na moldura embaixo.  || tem boa qualidade e acabamento","quadros, lindos, são lindos, são, satisfeita, os, com um, qualidade",True,True,False,positive,0.662841796875,,,,
6a0713a63e990052795623e76cc2995e,"MUITO LINDA!!!! || Parabéns continua assim ecelente trabalho  || O material não é muito bom, e foi entregue com a almofada, com a costura toda torta, não parece que é um coração.  || A loja entregou antes do prazo, gostei sim e recomendo.. || muito bom || muito bom || A colcha é muito romântica devido ao fato do babado ser de voal transparente com detalhes em fios de cetim no mesmo. O tecido do corpo da colcha é mais fino do que parece no site. || Tudo excelente || Tudo excelente || Comprei uma colcha com 2porta traviceiro e um coração de decoração e o que recebi foi um lencol nada a ver com o que comprei sem capa de traviceiro sem nada || Na foto era uma colcha linda ia até o chão ....na realidade ficou na metade ","colcha, linda, parece, com, muito, cetim, nada, fato",True,True,False,positive,0.43016624450683594,,,,
6a23ae3187f1dac41b7210a8c7739d6b,"Produto excelente, de custo baixo, ou seja juntou o util ao agradevel.
 || Produto excelente, de custo baixo, ou seja juntou o util ao agradevel.
 || Otimo || Otimo || Otimo || Otimo || Comprei três luminárias e só chegou uma... || Comprei três luminárias e só chegou uma... || Comprei três luminárias e só chegou uma... || Comprei duas unidades, porém só recebi uma, e a nota fiscal veio constando duas unidades. || Comprei duas unidades, porém só recebi uma, e a nota fiscal veio constando duas unidades. || Comprei 3 luminárias, recebi apenas 1(uma) e consta no pedido que recebi as 3. E agora o que eu faço? Preciso das 3 Pq é uma composição. Tô de mãos atadas. || Eu recebi até o momento somente 2 pendentes. Sendo que eu comprei 3. Estou aguardando, pois ainda está no prazo. Espero receber! Obrigada || Eu recebi até o momento somente 2 pendentes. Sendo que eu comprei 3. Estou aguardando, pois ainda está no prazo. Espero receber! Obrigada || Eu recebi até o momento somente 2 pendentes. Sendo que eu comprei 3. Estou aguardando, pois ainda está no prazo. Espero receber! Obrigada || Ótimo  || Ótimo  || Entregaram os volumes separadamente em datas diferentes mas chegou tudo certo  || Entregaram os volumes separadamente em datas diferentes mas chegou tudo certo  || Entregaram os volumes separadamente em datas diferentes mas chegou tudo certo ","luminárias, duas unidades, separadamente, uma comprei, comprei três, chegou uma, está no, recebi até",True,True,True,neutral,0.5197820067405701,,,,
6a23c2eb9acc78f8ec403be9c6210dd4,"dfgadfgertterqt || dfgadfgertterqt || dfgadfgertterqt || Boa noite!
Estou muito indignada pois comprei 2 cadeiras secretaria e só recebi até hj apenas uma!
Sendo que na nota consta 2 unidades!
Solicito providências urgentes !!! || Boa noite!
Estou muito indignada pois comprei 2 cadeiras secretaria e só recebi até hj apenas uma!
Sendo que na nota consta 2 unidades!
Solicito providências urgentes !!! || NÃO TEM MUITA QUALIDADE || NÃO TEM MUITA QUALIDADE || Produto fraco, de péssima resistência. Não vale nada! || Produto entregue faltando peça. Já entrei em contato, foram dois e-mails através dos e-mails as lannister. Estou aguardando uma solução. Até agora nada.  || Recebi o produto bem antes do prazo previsto. 
Mas veio faltando 2 parafusos da cadeira. || otima compra ||  Infelizmente recebi a cadeira no período correto mas veio faltando uma peça , já envie e-mail para a loja e até o momento não recebi a resposta. ( já se passaram 24h).  || Muito bom || Só que deveria ser um pouco mais reforçada || Cadeira de ótimo custo benefício para o uso doméstico ","cadeira, comprei cadeiras, pois comprei, recebi até, que na, cadeiras, faltando, mas veio",True,True,True,negative,0.5647498369216919,,,,
6a8631b72a2f8729b91514db87e771c0,"Recebi antes do prazo, a embalagem foi muito bem feita e o produto funciona corretamente. || Recomendo, preço bom, o produto chegou certinho, no prazo estipulado👏🏻 || O produto atende as maiorias das configurações originais, sendo que a função memória não funciona como deveria. || sinto me muito seguro comprar na lannister seus parceiros cumpre com o anuncio parabéns ao funcionarios. || O produto apresenta riscos, aparência de usado, apesar de estar funcionando.
O produto foi entregue em embalagem, porém envolto em papel bolha, não acondicionado em caixa. || muito bom || Preciso conhecer mais. Dessa vez foi tudo certo. Obrigada. || RAPIDEZ E EFICIÊNCIA. || Foi Bom, gostei muito do produto, igual ao original || ok || otimo || Excelente prestação de serviços e muita eficiência nas entregas sempre cumprindo os prazos. || O controle é otimo || Bom atendimento || Produto chegou no prazo. Bem condicionado. Mas ainda não tive tempo para testar. || produto chegou antes do prazo e corresponde ao anúncio
 || O produto adquirido atende as especificações contida no site, foi entregue com 15 dias de antecedência e recomendo as compras pelo site da lannister.com  || foj entregue no prazo e em perfeito estado  || EVITAR COMPRAR NO FINAL DO ANO; DEMOROU A CHEGAR. || EVITAR COMPRAR NO FINAL DO ANO; DEMOROU A CHEGAR.","atende as, final, comprar no, produto, ao, no, atende, funciona",True,True,True,neutral,0.45649561285972595,,,,
6adab229374835b551f6402e0dc53267,"Gostei do produto, vai ajudar no adestramento do meu cão. || Gostei muito do produto.
Ideal pra pequenos espaços.
 || Na capa do produto tem um labrador sentado.
Não cabe nem a pata do labrador! Imagem engana bem. || Produto bem inferior as imagens, a grama veio toda desfiada e soltando as fibras !!!
Só não devolvi pelo urgência em usar. || O PRODUTO O QUAL CHEGOU EM MINHA RESIDENCIA , ERA SIM O PRODUTO O QUAL EU HAVIA FEITO O PEDIDO, POREM O PRODUTO NAO ESTAVA NOS PADROES O QUAL DEVERIA SE ENCONTRAR , FOI UMA FALTA TOTAL DE RESPEITO . || Gostaria de fazer a devolução do produto. Já entrei no site solicitando o cancelamento mas já se passaram 48 horas e ainda não obtive resposta de como devo proceder. || O produto eh bom..e atendeu minhas expectativas de forma parcial devido a grama sintética ser d má qualidade.. || Achei o tamanho muito pequeno  || Pedi troca do produto e não fui atendido. || Gostei do produto apesar de que o tapete de grama é muito fraco || O tapete grama sintética é de qualidade muito ruim, desfiou inteiro no primeiro dia. || Tamanho meio pequeno e a grama sintética tem pouca qualidade, esperava algo um pouco mais resistente. Mas pelo valor compensou. Conforme a imagem  || Só achei muito pequeno e a grama MUITO ruim || Foto muito diferente principalmente a graninha sintética muito rala...diferente da foto","qual, do produto, pequeno, produto, tapete, muito pequeno, muito ruim, muito",True,True,True,neutral,0.43362170457839966,,,,
6ae3f85f46a37844372252496c77b4d8,"O produto nao chegou e estou aguardando a devoluçao do dinheiro || Recebi antes do esperado. E gostei muito do produto.  || Todo certo entrega rapida. || ótima poção de compras e atendimento rápido. || Tudo de acordo com o combinado,boa loja || Comprei o produto porem ouve uma devolução pois não era o que eu queria. Ai solicitei o cancelamento da compra. || Atendeu as minhas expectativas.  || Produto errado || Preço bom entrega rapida || Minha primeira compra to satisfeito muito bom || A bateria e fraca descarregar logo || A bateria e fraca descarregar logo","fraca, bateria, logo, entrega rapida, rapida, do dinheiro, rápido tudo, cancelamento da",True,True,True,neutral,0.43743574619293213,,,,
6c3effec7c8ddba466d4f03f982c7aa3,"Nunca vi demorar tanto pra entrega pela internet primeira vez  || Na foto e de um jeito quando chega nda haver ruim || Paguei frete, porém não recebi meu produto, tive que retirar na agência dos correios. Acho que deveriam ter um pouco de boa vontade nas entregas e fazer o correto, entregar a mercadoria. || O prazo não foi cumprido || Mto rápido e produto com uma ótima qualidade  || O produto foi enviado corretamente e no prazo. || Parabéns muito antes || Veio apenas Uma capa dentro da embalagem , quando comprei e paguei por duas. || Veio apenas Uma capa dentro da embalagem , quando comprei e paguei por duas. || Demorou muito a entrega, sendo que o frete foi caríssimo.  || Parabéns lannister , entrega no prazo e produto lacrado ..Recomendo!! Uma ótima loja online ! || Chegou dentro do prazo. Ficou um pouco menor nada tão significativo. Estou satisfeito com a compra || Não gostei do acabamento. Nem do bordado.
Poderia ter sido trabalhado melhor. || Muito bom e chegou antes do prazo. || Ótimo produto ... || Capinha meia boca, mas atende o proposto!  || Demora demais por um produto sem qualidade que veio todo dobrado e marcado. Não recomento. || Chegaram as balaclavas, mas nao checou a capa do PS4. || chegou antes do prazo, produto de ótima qualidade || Minha entrega ainda não foi realizada.Achei que não passaria do prazo estipulado. Informaram que vieram,mas ninguém ouviu chamarem.Isso que dá colocar nos Correios.","capa, da embalagem, veio apenas, paguei por, dentro da, paguei, quando, apenas uma",True,True,False,neutral,0.48329243063926697,,,,
6cc44821f36f3156c782da72dd634e47,"Muito fino....mas bom... || produto foi entregue bem antes da data marcada gostei muito de como veio embalado e do profissionalismo,parabéns  || Muito bom. || Qualidade muita boa! || Boa porém muito transparente  || Produto atendeu minhas expectativas , apesar de ser muito transparente , material muito bom !! Chegou antes do prazo de entrega previsto , super indico!!!  || Produto excelente. Chegou antes do previsto. Excelente qualidade e acabamento. Show!  || chegou antes do prazo || chegou antes do prazo || Produto diferente do esperado. || Nâo sabia da entrega aos domingos pelo correio e nem que isso acontecia antes das 8 horas da manhâ ( foi a minha entrega ). || Nâo sabia da entrega aos domingos pelo correio e nem que isso acontecia antes das 8 horas da manhâ ( foi a minha entrega ).","foi minha, aos, antes, chegou antes, da, muito, da entrega, do",True,True,False,positive,0.5763718485832214,,,,
6cdd53843498f92890544667809f1595,"Entrega uma dia antes do previsto || Muito bom aparelho e ótima entrega! || Sem nenhuma ocorrência. tudo dentro do programado. || Fiquei muito feliz com minha compra, os produtos chegaram bem antes da data prevista fiquei até surpresa, mercadoria bem embalada e tudo certinho. Amei e super recomendo. || Fiquei muito feliz com minha compra, os produtos chegaram bem antes da data prevista fiquei até surpresa, mercadoria bem embalada e tudo certinho. Amei e super recomendo. || o produto chegou bem antes do prazo estipulado,super recomendo e vou voltar a comprar novamente || Chegou antes do prazo muito bom tudo direitinho. || Muito bom || produto bom e com bom preço || Exatamente como especificado e ainda veio dentro do prazo. || loja muito eficiente.. recomendo!!! ||  O meu produto não veio conforme a compra,faltou um item. (planilha de avaliação).  || Mt bom o atendimento  || Comprei dois produtos na loja só veio um. É no site está dizendo que foi entregue os dois. Fiz a reclamação a 4 dias e ainda não tive resposta.  || Sempre comprei pela lannister.com e essa foi a única vez em que o prazo encerrou e ainda não recebi o produto. Inclusive comprei por outras duas lojas bem depois de vocês e os produtos já chegaram. || Ainda não chegou, e não consigo rastrear o produto, preciso do código de rastreamento! || Chegou tudo certinho e antes do prazo!! || exelente || Fui muito bem atendida e estou satisfeita com minha aquisição. O site de compra mais uma vez me enviou o produto dentro do prazo que eu necessitava receber meu produto. 
 || Muito bom. Entregue antes do prazo.","com minha, fiquei, tudo certinho, bem, chegaram, embalada, bem embalada, surpresa",True,True,True,positive,0.5767600536346436,,,,
6e1b14d3cbb5fb3a2c00351007127dfd,"Chegou perfeita, bem antes do prazo. || Superou minhas expectativas. A bolsa foi presente. Ela simplesmente AMOU. .... || Chegou suuuper rápido!
Material ótimo!
Lindas bolsas! || Entrega não realizada, sem nenhun atendimento útil que nos informassem quando a entrega será feita, 100% de descaso e completa falta de comprometimento. Protocolos abertos sem resposta alguma. Nota 0! || Recomendaria a lojas americas, mas não os terceiros. || Recomendaria a lojas americas, mas não os terceiros. || O prazo de entrega não foi cumprida e só comprei para dar de presente para uma mãe que está prestes a ganhar bebê. Só comprei pelo site por conta da data de entrega 19/05, terá o parto sem a bolsa. || Bolsa linda amei!!! || Recebi o produto rapidamente, sendo que mercadoria tem uma qualidade boa.  || Produto muito bom, ótima qualidade e veio conforme mostra a foto!
Recomendo!!!! || Chegou super rápido, antes da data prevista. Produto ótimo, muito bom o acabamento...
Perfeito... || Amei a bolsa,ótima qualidade e lindas.  || Tudo certo como sempre || Recomendo, com certeza. Bolsas grandes, otimo material. Pesada, mas muito linda e bem dividida.","bolsa, bolsas, lindas, recomendaria, entrega não, linda, presente, sem",True,True,False,neutral,0.4218296408653259,,,,
6f3b5b605d91b7439c5e3f5a8dffeea7,"Muito bom mesmo! || Adorei! Lindo!  || O relógio entregue foi um modelo feminino e não unissex como consta na propaganda. É muito pequeno. No site aparenta ser grande, como desejava. Como não é possível uma troca, solicitei a devolução. || Eu não tenho como avaliar o produto porque não chegou na minha residência ainda eu espero uma posição da loja sobre os correios quero cancelar a compra estorno do cartão || Eu amei o relógio e chegou antes do previsto!  || Recebi muito antes do prazo! O relógio é lindo! || Produto veio errado || Produto chegou um pouco após a entrega, mas estou satisfeito. Acredito que a greve dos caminhoes tenha influenciado no atraso. || Produto não original.  || Nao recebi o produto e o lojista nao se preocupa em dar a minima satisfaçao ao cliente. || Não tem como avaliar nem o produto e nem a entrega, além do problema ser em parte dos correios. || A foto do site enganou o tamanho do relogio. Achei que estava comprando o pequeno e era o grande. || Produto otimo e de boa qualidade !! || Produto entregue dois dias após a compra. Empresa parceira extremamente eficiente! || O relógio é um pouco pequeno, mas é bem bonito e de ótima qualidade... Adorei minha compra! || Produto atendeu as expectativas. Comprei para a minha namorada, ela gostou muito. || Amei o produto, chegou antes da data prevista para entrega, super amei, super recomendo  || o produto chegou perfeito, otima qualidade, so que é do menor!  || O relógio é lindo, minha filha amou.  || O produto chegou antes do prazo e vem embalado. Recomendo.","relógio, produto, pequeno, como avaliar, relógio lindo, como, lindo, do",True,True,False,neutral,0.44993239641189575,,,,
703d742887bb9267f89b675608ba7aa0,"OTIMO PRODUTO || TUDO ÓTIMO || TD DE BOM || TD DE BOM || Bom produto.
 || A encomenda chegou certinha e antes do prazo previsto. Recomendo!  || Recebi o produtos na data porem vieram um pouco sujos os protetores || Recebi o produtos na data porem vieram um pouco sujos os protetores || Recebi o produtos na data porem vieram um pouco sujos os protetores || Recebi o produtos na data porem vieram um pouco sujos os protetores || Nunca fiz uma compra pela lannister que demorasse tanto a receber. Gostaria de saber o motivo!  || recomendo || Gostei muito da capa protetora de colchão!! Ótimo produto ! || Recomendo,produto de boa qualidade. || ................ || Chegou antes do prazo um produto muito bom || Muito bom o produto foi entregue antes do prazo  || muito bom || Recebi apenas a Cadeira secretária giratória crepe verde bandeira. As Capas Para Colchão Casal Impermeáveis ainda não chegaram. || Recebi apenas a Cadeira secretária giratória crepe verde bandeira. As Capas Para Colchão Casal Impermeáveis ainda não chegaram.","na data, vieram, porem, capas para, um pouco, pouco, capas, data",True,True,False,neutral,0.42460471391677856,,,,
704ef63ad0ac345842ea734060a83db2,"Ótima compra . As cortinas chegaram super bem embaladas , são exatamente do mesmo tamanho. SUPER RECOMENDO  || Ótima compra . As cortinas chegaram super bem embaladas , são exatamente do mesmo tamanho. SUPER RECOMENDO  || recomendo || lannister o parceiro fez a entrega do produto, evitando transtornos como ocorrido anteriormente. || lannister o parceiro fez a entrega do produto, evitando transtornos como ocorrido anteriormente. || Recomendo entrega antes do previsto || Até a data presente não recebi meu produto,muito demorado,estou arrependida de ter feito a compra. || O produto não chegou, entendo como uma falta de respeito com o consumidor. || a encomenda era para o Natal e não chegou a tempo.Espero que chegue para o ano Novo.Sempre comprei e nunca ocorreu de não receber.Aguardando resposta urgente. || RECEBI UMA UNIDADE SENDO QUE COMPREI 2!!!!!! || RECEBI UMA UNIDADE SENDO QUE COMPREI 2!!!!!! || Estou satisfeita com o produto. || O produto ainda não chegou || Meu pedido era de 2 cortinas, porém recebi apenas 1. Quando receberei a outra? || Meu pedido era de 2 cortinas, porém recebi apenas 1. Quando receberei a outra? || muito bom || muito bom || O material não é muito bom. || Cortina exatamente como no pedido. || Produto não foi entregue.","cortinas, uma unidade, exatamente, era de, ótima compra, fez, super bem, ocorrido",True,True,False,negative,0.4555000960826874,,,,
719d571299707561c34ba04ab867b32a,"Eu estou contente, pelo produto, recebi até antes do prazo. || A entrega está demorada (20 dias), comprei 2 produtos e mandaram separado, só recebi 1 deles até agora. Não consigo saber quando irei e se irei receber meu Whey pq os Correios já deram baixa no código || Recomendo essa loja  || O produto chegou corretamente e antes do prazo || Foi muito fácil fazer a compra, e a entrega correspondeu ao produto. || Foi muito fácil fazer a compra, e a entrega correspondeu ao produto. || Foi muito fácil fazer a compra, e a entrega correspondeu ao produto. || Entrega muito rápida, produto com ótimo preço. Estão de PARABÉNS.  || Maravilhoso! A entrega aconteceu bem antes do prazo. Adoro comprar onde a entrega é rápida.
Enfim, super recomendo :)  || Produto entregue muito rápido. || Produto entregue muito rápido. || Tudo otimo","muito fácil, ao produto, compra entrega, foi muito, fácil, irei, fazer, entregue muito",True,False,True,neutral,0.41840335726737976,,,,
72172e982e8b92155069e4201c92c0bb,"Produto bom e entrega no tempo rapido excelente || Comprei 2 frascos da maca e só chegou 1. Paguei por dois frascos e o frete também por dois. 
Espero que ela situação seja resolvida.  || Comprei 2 frascos da maca e só chegou 1. Paguei por dois frascos e o frete também por dois. 
Espero que ela situação seja resolvida.  || Pedido entregue no prazo e o produto na descrição correta conforme no site.

  || boa || Recomendo || Comprarei sempre com vocês, estou muito satisfeito, parabéns || Pedido chegou antes do Prazo. CONTINUE ASSIM L&A || Produto bom || Produto entregue dentro do prazo tudo ok || Produto entregue dentro do prazo tudo ok || Recebi o produto dentro do prazo e é o que eu esperava, recomendo || Não entregaram os 2 itens comprados  || não usei ainda || Entregou antes do prazo, bem embalado e ainda com embalagem reciclada, mostrando preocupação com meio ambiente. || Pedido entregue no prazo! || Parabéns ao stark.com, recebi o produto bem antes do prazo estipulado, recomendo. || Ainda não deu tempo de tomar para ver o resultado.  || Boa || Recomendo - tudo ocorreu perfeitamente.","frascos, resolvida, pedido entregue, dois, situação, paguei por, prazo, só chegou",True,True,False,neutral,0.508244514465332,,,,
727a46f0b58a9ef165af9f7ebcfebfa9,"Até o momento não recebi minha encomenda,sem confiança. || Até o momento não recebi minha encomenda,sem confiança. || Meu produto estar atrasado já a uma semana || Meu produto estar atrasado já a uma semana || Meu produto estar atrasado já a uma semana || Sem comentários, não indico || Recebi antes do prazo de entrega. || Estou no agurdo do meu produto || Produto entregue no prazo e sem problemas. || Eu não recebi o produto || Americana sempre com muita qualidade!
Obrigada. || Ótima || Preciso usar o produto por pelo menos 1 mês para avaliar melhor ! || Produto ótimo, super recomendo. || só acho que eles deveriam usar a msm postagem para entregas de produtos iguais... liberam 2 etiquetas para cobrar 2x o frete ai recebi 1 produto em 1d e o outro 7 dias depois || só acho que eles deveriam usar a msm postagem para entregas de produtos iguais... liberam 2 etiquetas para cobrar 2x o frete ai recebi 1 produto em 1d e o outro 7 dias depois","atrasado, estar, uma semana, semana, usar, produto, dias depois, de produtos",True,True,False,negative,0.5205712914466858,,,,
7340a3839a1de1e99d149b8cf052a2ec,"Ótima cortina!! Qualidade excelente! Eu recomendo!! Amei a cortina! || Adoro comprar neste site, as entregas sao sempre antes, mercadoria de otima qualidade. Com certeza eu indico esta loja.  || desde a compra até a entrega o atendimento foi 10 || desde a compra até a entrega o atendimento foi 10 || produto simples, porem bonito, eu gostei..!! || gostei do produto || recomendo de + || Produto chegou no prazo e em perfeitas condições. Recomendo || Cortina alto relevo, simples e bonita. Além do preço fantástico.. || comprei a cortina so que veio faltando o varão na especificação viria o varão so que não veio, então fui enganado não recomendaria esse vendedor.  || Adorei muito perfeito tudo correto || Muito bom , confiavel || Bem embalado,e na data prevista.
Super recomendo,super confiáveis. || Produtos bons || muitos desencontros nas entregas de produtos || Recomendo ","cortina, entregas, desde, simples, recomendo, 10, so, atendimento",True,True,True,positive,0.6526368856430054,,,,
73bcea88583002fe12b7399af4ae60da,"Comprei o produto no dia seguinte recebi um e-mail do stark dizendo para eu tentar novamente com outro cartão , fiz a compra e a compra saiu em duplicata pedi o cancelamento desse. || Rápida entrega! 
Com certeza comprarei nesta loja novamente.  || Só recebi um relógio ontem. A empresa não me enviou qualquer informação sobre entrega separada dos itens e prazo para entrega do outro relógio. Enviei email informando e ainda não obtive retorno. || Não recebi meu produto e nem tive um retorno sobre isso,  || LOJAS lannister ESPERO O RETORNO DE VOCES!!!!!!!!!!!! FIZ O PEDIDO DE CANCELAMENTO ASSIM QUE A MERCADORIA CHEGOU E JA ESTA ACABANDO O PRAZO ATE AGORA NADA, RELOGIO CASIO PEQUENO DE CRIANÇA! || O prazo de entrega foi longo demais || Bom vendedor, recomendo  || Melhor sai-te recomendo sempre vou compra aqui  || Muito bom site  || Relógio lindo, apenas menor que o esperado.
Mas veio tudo certinho, na caixa com garantia etc. Comprei pela mega Mix. || Ótimo produto, entregue antes da data prevista. || Nota 10  || Produto original de ótima qualidade. Pequeno, super delicado. || Gostei muito! Veio bem antes do prazo previsto.  || Meu produto ainda não chegou || Chegou em perfeitas condições e mais rápido que o previsto.
Recomendo! || Tenho receio de que o relógio é uma réplica  || Amei o relógio, ele só é bem pequeno, mas é lindo! E chegou bem antes do prazo. Comprarei novamente, com certeza! ","relógio, novamente, pequeno, retorno, comprarei, com certeza, cancelamento, certeza",True,True,False,neutral,0.4946024417877197,,,,
74ae869eb82594d9cbe6e934cf143e0c,"Cumpriu o prometido na compra e com o uma entrega em tempo satisfatório  || CUMPRIRAM... || CUMPRIRAM... || Vamos continuar comprando || Atende as minhas exigências
 || A loja me enviou a película azul e eu tinha adquirido a transparente. portanto não vou usar.
 || Comprei 2 (dois) kits compostos por capinha + película de gel... Veio apenas um kit! Faltaram, portanto, uma capinha e uma película...
Por fim, a película que veio era comum e não a de gel. || Comprei 2 (dois) kits compostos por capinha + película de gel... Veio apenas um kit! Faltaram, portanto, uma capinha e uma película...
Por fim, a película que veio era comum e não a de gel. || Só compro com stark pq são de responsabilidade estão de parabéns.
Só tem um probleminha, o (valor dos fretes são um absurdo caro fora isso recomendo).
 || Produto totalmente fora das medidas do aparelho, a capa tampa quase todo o leitor de digitais, e a película é tão pequena que nem consigo deixar no aparelho. || Produto entregue conforme anuncio!
Prazo de entrega um pouco superior ao informado na simulação de frete.","película, capinha, película de, kits, faltaram, um kit, de, veio apenas",True,False,True,neutral,0.4620380699634552,,,,
7564c1759c04fc0a38f2aa84f7a370ee,"Entrega antes do prazo. Muito bom || Ótimo produto veio antes do prazo estipulado pra entrega , só achei um pouco caro frete mas o resto TD certo!  || Eu pedi dois produtos só recebi um dos produtos solicitados || Entrega rapida mas o produto horrivel. || Ótima qualidade  || Preciso que faça estorno. O produto veio cheiro de queimado e não funciona  || Muito Agel com a entrega obrigado || Transformador muito fraco nao serve p geladeiras não aguenta. || Entrega muita rápida, recomendo a todos.  || Ótima loja pra ser compra || Bom ","entrega, produto veio, preciso que, serve, produtos só, entrega só, ótima, estorno",True,True,True,negative,0.4706849157810211,,,,
75d6b6963340c6063f7f4cfcccfe6a30,"Chegou bem antes do prazo determinado, e tudo certinho amei o produto e super recomendo. || entragou antes do prazo e o produto foi bem embalado  || Fiz a compra de um celular e uns pincéis. A venda do celular foi cancelada e aparentemente a compra dos pincéis havia sido aprovada, porém, recebi um e mail que a compra dos pincéis foi cancelada tamb || Gostei muito dos produtos, chegaram 9 dias antes do prazo. Recomendo a loja || O produto chegou com 16 dias antes do prazo...adoreiiiii || PRODUTO OTIMO LINDO GOSTEI MUITOOOO
 || Comprei o produto mas não me foi entregue nada até o momento || Os pincéis em si são bons, porém, foram enviados na cor diferente da comprada, não recomendo este parceiro! || Produto ótimo e cumpre tudo q promete || Bom é eficiente na entrega  || Ótima Qualidade .Entrega como sempre antes do prazo . || Realmente o kit é muito bonito e o acabamento dos pincéis parece ser muito bom. Super satisfeita || bom || foi entregue antes da data prevista, claro pois o prazo de entrega é de 13 úteis, com isso um produto comprado em 01/09/2017 chegará até 17/09/2017, evita problemas da empresa, mas o meu chegou em 7 d || MUITO BOM, SEMPRE... || Excelente produto... Os pincéis são de ótima qualidade e muito lindos, e vem com um estojo maravilhoso, recomendo... || ENTREGUE EM TEMPO RECORDE. MUITO BOM. PARABÉNS. || O produto chegou bem antes do previsto, é igual a foto e a qualidade dos pincéis parece muito boa. || É um kit bom de qualidade, no entanto o pincel de esfumar é muito magrinho. || Comprei dois kit para maquiagem chegou apenas um. Recomendo muito sempre comprei nas lannister sempre chegou certo primeira vez que não veio certo","pincéis, dos, kit, muito, produto, sempre, 2017, antes",True,True,False,neutral,0.43070170283317566,,,,
764292b2b0f73f77a0272be03fdd45f3,"Esperava maior um pouco || Muito Bom! Gostei Bastante! Tecido Ótimo! Atendeu Minhas Espectativas! 👏👏👏 Super Recomendo! 👍 || Colei o espelho na parede 
A cola e pessima, nao foi passado orientacao para comprar uma fita adesiva melhor
Ele descolou com tempo caiu e quebrou a ponta || Produto excelente! || Como eu imaginei || Os espelhos vieram todos ARRANHADOS. Um horror. Material de péssima qualidade, não recomendo a ninguém  || Estou muito satisfeito,sempre compro com vocês e nunca tive problemas entrega sempre antes do prazo. || Ótimo produto! Chegou antes do prazo!!!
 || Achei lindo o espelho
Recomendo a loja
Pois chegou antes do prazo
 || Gostei muito,só achei q é muito pequeno.
São quadrados de 30cm e não de 45 cm || Não é um espelho || Da parte da entrega, não tenho do que reclamar, veio antes do prazo, tudo em perfeito estado e bem embalado, porém o espelho de acrílico distorce a imagem e fica horrível. A loja, ok. O produto, não! || Produto entregue como combinado || Achei muito pequeno o produto. || O produto foi entregue em menos de uma semana. Estranhei o tamanho mas ficou perfeito para o local de instalação. As peças separadamente não são tão grandes, porém o conjunto é do tamanho informado. || produto lindo, qualidade excelente e de facil colocação || Espelho veio todo arranhado, parece que foi econtrado no lixo. || Entrega antes do prazo final. Produto chegou em perfeitas condições. O adesivo é super bom (já estava preparada para colocar adesivos extras, mas nem precisou). Ficou lindo! || Não é muito grande, mais é lindo, do msm jeito da foto || Recebi o produto que comprei muito antes do prazo estabelecido pela empresa. gostei muito e já esta fixado na parede.","lindo, muito pequeno, achei muito, do, produto, muito, antes do, não",True,True,False,neutral,0.4363216757774353,,,,
76d1a1a9d21ab677a61c3ae34b1b352f,"Ótimo atendimento! || Recebi o produto porém não é original,e como é um produto pra ingerir não quero colocar a minha saúde em risco.  || Chegou antes do prazo. Tudo ok || Gostei muito pois entrega até antes do prazo determinado.
Muito Bom!!! || Não chegou oque comprei ainda estou esperando espero que não demore || Queria uma posição da empresa em questão da demora e o porque ainda não foi entregue. || Recomendo || Gostei muito dessa experiência. E me surpreendi, pois recebi meu produto antes do prazo, e estou contente, pois achei que não o receberia antes de viajar. Super recomendo!!  || A composição desse produto comprado, não não é a fórmula original...
Quando fiz o pedido achei que era a fórmula original..
Depois que recebi vi que não era..por isso eu quero devolvê-lo e o estorno || O produto não corresponde com o original, a composição é diferente, mais usando o mesmo nome na embalagem, por esse motivo vou fazer a devolução do mesmo || Entrega rápida e tudo certinho.","original, não, que não, achei que, pois, quero, que, risco",True,True,False,neutral,0.43558964133262634,,,,
7703b8cb5b77fbb36518ea91e2ca734f,"SÓ NÃO GOSTEI PORQUE O PRODUTO NÃO VEIO EM NENHUMA CAIXA APENAS COM UM SAQUINHO. E COMO COMPREI PARA REVENDER SEM UMA EMBALAGEM ESPECIFICA FICA UM POUCO DESVALORIZADO. || SÓ NÃO GOSTEI PORQUE O PRODUTO NÃO VEIO EM NENHUMA CAIXA APENAS COM UM SAQUINHO. E COMO COMPREI PARA REVENDER SEM UMA EMBALAGEM ESPECIFICA FICA UM POUCO DESVALORIZADO. || Comprei um produto e recebi apenas um. Espero que seja resolvido logo, afinal eu paguei por doía, não um apenas. || Gostei da pontualidade  || Relógio lindo como na foto e parece ser de boa qualidade também! || Produto muito lindo. Igual a imagem. Entrega antes do prazo. || Fiz a comprar de does relógio de pulso e não recebi a mercadoria 
 Relógio Feminino De Pulso Ieke Malha Colorida - Branco || Fiz a comprar de does relógio de pulso e não recebi a mercadoria 
 Relógio Feminino De Pulso Ieke Malha Colorida - Branco || Loja confiável || pedi dois relógios e até agora só recebi um. || pedi dois relógios e até agora só recebi um. || Parabéns pelo atendimento e pelo produto maravilhoso. || comprei pra minha filha ela gostou muito e lindo de jeitinho que ta na foto || Mercadoria não foi entregue, quero que reveja com a targaryen","relógio, um, agora só, comprei para, recebi mercadoria, apenas, lindo, relógios",True,True,False,neutral,0.46152621507644653,,,,
776ef0ee36e20757c513e64903f1fa8a,"Melhor preço e entrega super rápida, sou fregues a muito tempo, loja totalmente confiável... || Ótimo  || Ótima loja || recomendo tanto a loja como o produto.gostei || Não entrega os produtos pelo correios || O produto chegou na metade do prazo, em bom estado. || Produto ótimo, entrega rapida, super recomendo || recebi mais nao foi a marca que comprei nao comprp mais neste site pessimo e a entrega pioro || Não compraria em momento algum novamente nessa loja . Confiei e comprei o produto que eu conheço, marca que eu conheço e veio algo totalmente diferente. Não indico. estou frustrada. || Tudo certo com a entrega. 
Tudo certo com o produto, super recomendo. 
 || excelente  || O produto que eu adquiri, é ótimo! E a entrega foi bem rápida. Com certeza vou indicá-los. muito obrigado || Frustado com esta compra fiz compra pensando q a máquina era whals e chegou uma qirui d péssima qualidade chegou já sem funcionar motor sem potência n corta nada n indico está máquina pra ninguém  || Chegou no prazo e tudo certinho como pedi","certo com, ótimo entrega, marca, que eu, totalmente, indico, loja, entrega",True,True,True,neutral,0.406160831451416,,,,
777d2e438a1b645f3aec9bd57e92672c,"Cortina muito linda e delicada. Comprei para colocar no quarto da minha bebe e ficou perfeita!! Super recomendo!!! || só uma observação, quando forem entregar o produto aguardar pelo menos um pouco pra que o cliente abra o portão...e não tocar campanhinha é sair rápido demais. Por conta disso tive que buscar nos corr || só uma observação, quando forem entregar o produto aguardar pelo menos um pouco pra que o cliente abra o portão...e não tocar campanhinha é sair rápido demais. Por conta disso tive que buscar nos corr || Linda cortina, ótimo material. || Muito linda. Ótimo material. Superou minhas espectativas. Entraga muito antes do prazo. Obrigada!  || recomendo || Recebi um dos produtos até antes do prazo estipulado. Tudo perfeito e ótimo atendimento. || Gostei muito, o produto chegou antes do prazo previsto. || Talvez por dificuldade nos correios || Muito enrolados o produto que comprei no direto stark e bem maior e chegou com tres dias ja essa targaryen faz parcerias horriveis  || Foi roubada, ja mandei e-mail mas até agora nada, ninguém me respondeu  || Ficou faltando uma cortina só veio a juvenil || Ótimo || Produto enviado conforme o prazo e perfeito como na descrição ^_^ || Recebi dentro do prazo e de acordo com o que foi vendido! Super recomendo! || So recebi uma das cortinas || otima || Entrega dentro do prazo,porém o produto veio diferente da foto,um tecido muito leve e fino! || ok || A cortina e meio fraquinha..em questão de qualidade o acabamento deixou a desejar..Tudo bem que seja barata mais deixou a desejar","cortina, linda, só uma, nos, disso, deixou desejar, muito linda, por conta",True,True,False,positive,0.4380730390548706,,,,
77cc62dc80ebe12a0452d1ce0565acdc,"Miuto bom está loja || Gostei do kit, acho interessante fazer outros kit's da mesma marca com outros produtos, assim poderei analisar os kit's para ter sempre o produto em casa evitando assim gastos com o fretes.  || Chegou como a descrição! Muito bom! || Demora na entrega e ainda atrasou. || Pessiama loja e entrega que nao ocorreu ate hoje. Ja ultraoassado o prazo requerido. || Satisfeito com a rapidez em que o produto foi entregue, muito antes do que o prazo indicado no ato da compra. || Muito bom || Recebi os produtos de acordo com o pedido. Tive um atraso na entrega devido à greve dos correios.  || Não recebi o produto  || só deveria se um pouco mais rápido a entrega || Entrega rápida, produto conforme anunciado, adorei. || Ótima loja produto bom entrega correta. || Mais uma vez compro com parceiros da ""lannister.com"" e não recebo o produto , já é o TERCEIRO parceiro seguido .
Descaso da lannister e dos parceiros.
No ""mercado livre"" isso não acontece!!
","kit, parceiros, outros, da lannister, com, entrega, assim, produto",True,True,False,neutral,0.40962687134742737,,,,
7814c273ab16783d73a9863ebfa8b141,"Produto bonito, entregue bem valado e dentro do prazo. Recomendo! || Produto bem acabado 👍🏻 || Fiz a compra e meu pedido não chegou e dar como entregue!!! || Otimo...
 || produto veio certo e antes do prazo previsto, muito bom eu recomendo
 || Não recebi e estou muito chateada.  || Muito bom. Adorei || Produto muito bonito entrega super rápida  || COMPREI 2 KITS DESSES PEDENTES E RECEBI SOMENTE 01 KIT.
TEM COMO VCS VERIFICAR COM A TRANSPORTADORA PRA MIM? || Gostei muito do produto, pelo preço achei que a qualidade não seria boa. Mas gostei muito || Lojas lannister amo comprar aí, loja MT boa e confiável.  || Não recebi o produto ainda, já passou do prazo estipulado pela loja, só me informaram que o produto não chegou em Porto 
Alegre, que houve um imprevisto. || Comprei 2 kits e recebi só 1. || Comprei 2 kits e recebi só 1. || Comprei dois kits recebi um o outro ainda não estou aguardando. || Comprei dois kits recebi um o outro ainda não estou aguardando. || Produto chegou bem antes do prazo previsto. Ainda não instalei + é exatamente como descrito. || .. || O pedido consta de 2 produtos e até agora recebi apenas 1 produto, e o que me preocupa é que o status aparece como entregue.
Solicito providências

 || Bom.","kits, comprei kits, recebi, como entregue, recebi só, produto, não estou, não",True,True,True,neutral,0.44722607731819153,,,,
781afe929e3016a667f5f439afd55fce,"Eubrecomendo || Só foi entregue apenas um produto, a nota fiscal veio constando apenas um produto, mas a compra foi de dois produtos. || Chegou antes do prazo....muito bom. Continuam bons de serviço e de atendimento. || Gostei o produto. || Muito rápido entrega, só tive um problema com os correios pois entregaram meus produtos em dias diferentes. || Muito rápido entrega, só tive um problema com os correios pois entregaram meus produtos em dias diferentes. || Excelente produto, entrega no prazo, super recomendo  || Ainda não recebi o whey proten somente o naara pelo valor do frete já era para ter recebido frete muito caro outros sem condições o frete impossibilita a compra  || bom dia... recebi meu segundo produto comprado nessa loja, porem o primeiro estava bem embalado e nos conformes, mas o segundo estava com o lacre abaixo da tampa aberto. || que continue com essa perfeição || 00 || NÂO RECEBI A COMPRA CORRETAMENTE. POREM ATE AGORA RECEBI OS PRODUTOS INCOMPLETOS. || NÂO RECEBI A COMPRA CORRETAMENTE. POREM ATE AGORA RECEBI OS PRODUTOS INCOMPLETOS. || NÂO RECEBI A COMPRA CORRETAMENTE. POREM ATE AGORA RECEBI OS PRODUTOS INCOMPLETOS. || NÂO RECEBI A COMPRA CORRETAMENTE. POREM ATE AGORA RECEBI OS PRODUTOS INCOMPLETOS. || Recebi o produto antes do prazo previsto, muito bom. || amo comprar no baratheon || Recebi o produto corretamente como havia comprado  || A loja entregou antes do prazo previsto","recebi os, ate agora, porem, corretamente, recebi, produtos, ate, os produtos",True,True,True,neutral,0.47092121839523315,,,,
78efe838c04bbc568be034082200ac20,"EU NÃO RECEBI O PRODUTO E CONSTA NO SISTEMA QUE EU RECEBI ALÉM DE PAGAR CARO DO FRETE  || só recebi um dos produtos...
até o momento não recebi o Conjunto Quadros Decorativos Fé Amor Família com Vidro A4 ...
no aguardo || Os quadros são lindos... Chegou no prazo certo... || Produto entregue dentro do prazo e idêntico a foto || lindo , produto igual ao anunciado  || ótimo, entregou antes da data prevista. || Produto bom e de muita qualidade , chegou até antes do prazo !  || Entrega foi efetuada antes do prazo, a meu pedido. Adorei, pois eu tinha viagem marcada e queria levar o presenter. Deu certo. || enviou pelos correios e ate agora nada || A única coisa chata é que eles cobram frete e não entregam, tive que retirar nos correios. || O produto foi entregue antes do prazo estipulado.  || ok || Ótimo  || Gostei muito do produto veio como estava no site entrega rápida tô amando minha compra !  || Bom dia, consta no site da lannister que recebi os dois produtos que comprei porém ainda falta o quadro do leão.
Rastreei e tbm consta entregue mas não foi.
Quero o meu quadro! || Produto de qualidade entregue antes do prazo, além de lindíssimos!!! || Adorei os quadros, são lindos!
Vieram super bem embalados e a entrega foi bem rápida.
Recomendo. || Mto bonito e de mta qualidade . || Quadros excelentes com ótimo acabamento.. satisfeita || Atendimento de primeira.","quadros, quadro, consta, consta no, são lindos, lindos, do, além de",True,True,True,neutral,0.48470595479011536,,,,
79366d6a24de9351b7ca6e3cf75a68ec,"Eficiente! || Estou usando o produto. Parece cumprir o que promete. || o cromado veio um pouco lascado, mas acho que é normal com transporte. a peça é linda adorei || Recebi antes do prazo.... || Gostei  || Gostei  || Recebi o produto antes do prazo. Excelente mercadoria || Entrega extremamente rápida, satisfeito com o serviço! || Parabéns, eu gosto muito das LOJAS lannister e principalmente da lannister.com onde a gente pode comprar pela internet e buscar na loja mais próxima. || Demorou muito tempo para chegar depois do pagamento. Eu acho que pode se optimizar melhor o tempo de entrega. || o produto não tem o marcador que acusa quando o filtro precisa ser trocado, somente isso, o produto e bom e corresponde no momento o que eu preciso || Eu adoro essa loja! || A jarra é maravilhosa e faz exatamente o que se é esperado. || até o momento não foi entregue o byeblade kit 4 tornado || Chegou no prazo ótimo produto já estou usando

 || Chegou no prazo ótimo produto já estou usando

","usando, produto já, prazo ótimo, pode, acho que, acho, que, eu",True,True,False,neutral,0.46995899081230164,,,,
79da264732f717f10ebf5d102aa6c32a,"ERA PRA CHEGAR DIA 05/07, CHEGOU DIA 01/07, DOMINGO.  || O produto veio em perfeitas condições e chegou antes do prazo. Parabéns pelo atendimento.  || entregue no prazo, muito satisfeito. || PRODUTO ÓTIMO, LACRADO E CHEGOU ANTES DO PRAZO. || Muito Rápido entrega, kit capinha e peliluca perfeito. Parabéns . || Bom || Tudo certo || Beleza. Conforme anúncio. || Gostei  || Enviou dentro do prazo e bem embalado.  || otimo || O produto não foi enviado com NF, não existe venda sem NF, com certeza fico no aguardo do envio da NF podendo ser por e-mail.","nf, 07, prazo muito, fico no, existe, conforme anúncio, capinha, satisfeito produto",True,True,False,positive,0.5667523145675659,,,,
7a10781637204d8d10485c71a6108a2e,"Produto chegou antes da data prevista,ótimo atendimento na entrega e recomendarei a família e amigos  || produto veio diferente do qual apresentado no site  || Chegou bem antes do prazo e conforme o anuncio. Muito bom atendimento! || O produto foi entregue, entretanto com atraso devido a problemas com o correio. A loja se demonstrou atenciosa em resolver meu problema. || Sim || Relógio lindo, entrega bem antes do prazo. || Já está no quinto dia de atraso com o prazo que me deram || LOJA BEM RECOMEDADA || Comprei um relógio por ORIGINAL, além de vir falsificado veio com defeito, não funciona, e ainda me cobraram garantia estendida  || Bom prazo, rapidez no envio. Tudo ok. || Amei tudo desde dá compra até a entrega, nota 10 lannister || Veio muito mal embalado sem nenhuma proteção contra impacto. O relógio veio solto dentro de uma caixa que cabia pelo menos 100 relógios. Produto chega todo balançado. Não gostei || Perfeito tempo de entrega chegou muito antes do prazo determinado fico lisonjeado e agradecido tanto a empresa quanto a transportadora. || POR GENTILEZA , QUERO MEU DINHEIRO DE VOLTA, TEM QUE VISTA QUE O PRODUTO NAO CHEGOU COMO IMAGINEI.  || produto ainda não foi entregue, depois de dias da compra.
Péssima loja. || Prazo muito longo pra receber || Relogio anunciado por 245,00 .(210,00 +35,00) nao veio incluso frete na nota. Veio apenas 170 na nota fiscal. Quero uma nota com o valor correto que paguei . Ou o reembolso da diferença.  || super recomendo. produto de ótima qualidade. || Desde que comprei vinha tentando cancelar, mas agora que ja recebi, vou ficar com o produto, stark e targaryen, pessimo atendimento, nao possuem sac!! || Fiquei muito satisfeita.","00, relógio, nota, veio, na nota, produto, desde, atendimento",True,True,True,negative,0.4313051402568817,,,,
7b35ccd93a2184646c03b70326626923,"Comprei o produto, paguei no boleto e só recebi metade do produto, anunciaram uma coisa é mandaram outra. Muito insatisfeita 😡😡😡 || Eu comprei o de 120 cápsulas e me enviaram o de 60, a caixa veio um pouco amassada, a nota fiscal danificada em razão da quantidade de durex. Quero o meu dinheiro de volta! || Nao recebi o produto || Recebi em menos de 1 semana.  || Logo no primeiro dia já percebi um aumento da energia e disposição para fazer exercícios.  || no site imagem de 120 capsulas recebi 60 capsulas || Conforme foto do produto, comprei um frasco com 120 cápsulas, mas foi-me entregue somente um frasco com 60 cápsulas. || Na foto do site consta o produto com 120 cápsulas. 
Os potes que recebi tem 60 cápsulas cada.
Respeito com o consumidor não existe.
Péssimo serviço. || Na foto do site consta o produto com 120 cápsulas. 
Os potes que recebi tem 60 cápsulas cada.
Respeito com o consumidor não existe.
Péssimo serviço. || Na foto do site consta o produto com 120 cápsulas. 
Os potes que recebi tem 60 cápsulas cada.
Respeito com o consumidor não existe.
Péssimo serviço. || Olá assim foi me vendido um frasco com 120 cápsulas e é foi entregue um frasco com 60 cápsulas. .. || Não recebi o produto corretamente e não obtive resposta ao questionamento que fiz. Comprei o produto com 120 cápsulas e recebi apenas o de 60 cápsulas. || Comprei um produto e vocês me entregaram outro.","cápsulas, 60, foto do, existe, produto com, com, do site, respeito",True,False,False,negative,0.4548660218715668,,,,
7b5d8be0e04080e4c8ee6a7ec2f1f597,"A embalagem deixou a desejar, por pouco o produto não foi danificado, a caixa estava toda amassada. || Adorei o produto. Otima qualidade. || Adorei o produto. Otima qualidade. || Adorei o produto. Otima qualidade. || Comprei 3 luminarias e recebi apenas 2. Veio a Nota Fiscal constando 3 e apenas 2 luminarias na embalagem. Abri reclamação pelo site imediatamente e aguardo retorno. || Comprei 3 luminarias e recebi apenas 2. Veio a Nota Fiscal constando 3 e apenas 2 luminarias na embalagem. Abri reclamação pelo site imediatamente e aguardo retorno. || Comprei 3 luminarias e recebi apenas 2. Veio a Nota Fiscal constando 3 e apenas 2 luminarias na embalagem. Abri reclamação pelo site imediatamente e aguardo retorno. || Recebi parcialmente o pedido, veio as duas luminarias pendentes. Faltou o lustre aramado, entrei em contato aguardando retorno de uma posição de entrega do produto.  || Recebi parcialmente o pedido, veio as duas luminarias pendentes. Faltou o lustre aramado, entrei em contato aguardando retorno de uma posição de entrega do produto.  || Muito bonito! Qualidade excelente pelo preço... recomendo!  || Muito bonito! Qualidade excelente pelo preço... recomendo!  || Sr. Diretor| vieram apenas 2 unidades de luminária de cone pendente na cor amarelo, uma cx. com 10 lâmpadas led de 10 wats. FALTANDO UMA LUMINÁRIA PENDENTE DE COR BRANCA COM ABORDA DE COR AMARELO","luminarias, retorno, imediatamente, apenas, aguardo retorno, na embalagem, abri, otima qualidade",True,True,True,neutral,0.48736804723739624,,,,
7b85e3deef35afd6ebed5461ee8f0641,"A impressão está saindo com a tinta fraquinha... || Muito bom, e veio rápido. || ENTREGA OK || Nem usei ainda mas percebi que São boas
 || Recomendo a loja, infelizmente a entrega esta demorando mais que a previsão estipulada!  || O produto demorou bastante para chegar, e recebi email avisando q estavam com dificuldade na entrega, acredito q foi por conta dos correios e nào da loja... Mas foi no prazo || Ótimo produto || Muito bom! || ATÉ O PRESENTE MOMENTO NÃO RECEBI O PRODUTO. || Muito bom recebi meu produto muito antes do prazo previsto é tudo certo obrigada. || Recebi o produto corretamente conforme compra . || Até hoje nada. Prazo era até dia 26 || Adorei, obrigada!  || Produto excelente, atendeu minhas espectativas, entrega antes do prazo. || Chegou Muito Antes da Data Prevista  || As tintas chegou sem os rótulos do produtos, nem parece os da imagem, e o pior a tinta é fraca não dá pra imprimir as coisas coloridas muito fraca, até a tinta preta é muito fraca..Não gostei","fraca, tinta, muito, produto muito, até, muito antes, produto, obrigada",True,True,False,neutral,0.4454079270362854,,,,
7c1bd920dbdf22470b68bde975dd3ccf,", muito ruim !  || Então conprei gostei mas nao e tudo isso nao achei q seria melhor || Eu adorei muito.  || Gente ainda não recebi minha encomenda. Como fasso pra vocês enviarem de novo || Meu produtos veio errado  || São um pouco pequenas, 5,5 pol, mas o desconhecimento foi meu. Os produtos mostram a que vem e tem um fio de corte muito bom. Está sendo bastante usada em meu estabelecimento. Recomendo. || Bom amei o produto
 || todas as vezes que comprei entregou ...agora que a transportadora era o correio nao entregou...devia ter antes da compra o nome da transportadora || Ótimo || Uma das minhas tesouras nao veio certa, veio com defeito  || Eu recebi o produto corretamente e gostei muito. Dentro do prazo.  || Produto com alguns defeitos e nao foi entregue a tesoura 5.5 e sim 6.0. || Adorei meu produto chegou antes do prazo, certinho.
Obrigada || O produto não foi entregue. Nem se quer chegou em casa.  || o produto de boa qualidade e a entrega estava prevista para 21 dias, chegou em menos de 03 dias. || Não gostei do material do produto,o acabamento é ruim nota-se imperfeições!!!! || O produto está constando que foi entregue mas minha encomenda não chegou || Muito boa a entrega estava prevista para 22/08 
Chegou dia05/08 || Muito bom serviço chegou bem antes da data prevista. Obrigada  || gostei muito de compra com voces, so gostaria de saber o valor mesmo do frete de Benevides,quando eu coloco venda no carinho vai mundando o valor do frete, teve frete que a te 160,mim pata de compra ","nao, prevista, minha encomenda, 08, do frete, de compra, de, frete",True,True,True,neutral,0.41094696521759033,,,,
7c4a8bec217df1de0df2b5aaf8175b65,"O produto está com problemas (defeito). || não é reconhecido pelo meu pc, sendo q o mesmo é atualizadíssimo no que se refere aos drivers! || Segundo o Rastreio o produto foi entregue, mas até o momento eu não o recebi. || Produto com prazo de entrega no dia 01/08/2018 e foi entregue no dia 26/07/2018. || Produto com prazo de entrega no dia 01/08/2018 e foi entregue no dia 26/07/2018. || Entrega no prazo gostei muito do produto muito bom || Produto de qualidade média. || Fiz a compra de 2 aparelhos de mp3 e só chegou 1.
Mandei e-mail reclamando para que me enviasse o produto faltante ou a devolução do dinheiro mais não obtive resposta. || Fiz a compra de 2 aparelhos de mp3 e só chegou 1.
Mandei e-mail reclamando para que me enviasse o produto faltante ou a devolução do dinheiro mais não obtive resposta. || Melhor empresa || ok || Não recebi o produto. stark disse que acabou em estoque. ME deram um vale compra, mas quero o dinheiro de volta (estorno). E até agora não sei como solicita o estorno. Como faço? Grato || Fui atendido dentro de minhas expectativas, prazo, valor e produto. Além de poder voltar a comprar, recomento também... || Paguei pelo produto e não chegou na data prevista || Apesar de ter recebido o produto errado, recomendo. O produto não tem a memoria informada. Mas como estou precisando vou ficar com esse mesmo. || e otima loja ok || Único problema que ainda não recebi meu produto. || Chegou antes do prazo || A loja foi muito atenciosa, veio muito bem embrulhado, fiquei assustado com a rapidez na entrega, muito bom. || Produto recebido não possuía as especificações indicadas 
","2018, produto, no dia, de, aparelhos, mp3, não, para que",True,True,True,neutral,0.46433180570602417,,,,
7cd29da0653abeb444703cc5a957f479,"Achei um pouco demorado a entrega || Tudo certo  || O único problema foi que comprei 3 pote de banho de verniz de 1kg),e só recebi 1 pote de 1kg. || O único problema foi que comprei 3 pote de banho de verniz de 1kg),e só recebi 1 pote de 1kg. || O único problema foi que comprei 3 pote de banho de verniz de 1kg),e só recebi 1 pote de 1kg. || otimo || gostaria de saber como proceder || gostaria de saber como proceder || Preciso do produto paguei por ele, e ainda paguei frete, a obrigação de vcs é me entregar em minha residência, aff!! muito insatisfeita, 
 || Entregue antes da data. A máscara banho de verniz é ótima. Ótimo custo benefício. || Compraria novamente pq cumprem com o prazo de entrega e os produtos vem super embalados  || Não posso dizer nada Ainda  || Ótimo...melhor que eu esperava","de, foi que, único, como proceder, saber como, só recebi, proceder, que comprei",True,False,True,neutral,0.4484386742115021,,,,
7ce94ab189134e2d3c05f496d635419c,"Otima Venda, tudo perfeito. || Não recebi o produto.e agora? || Muito bom || Paguei e ainda não recebi e com toda certeza não receberei. Um simples controle remoto. Péssimo serviço. Loja não recomendada. Paguei à vista. A data de compra foi 13/12. || Bom || Muito rapido e produto que eu esperava , reomendo || O controle veio com um defeito na carcaça mas é de ótima qualidade, recomendo. || Demorou uns 20 dias para chegar o produto até em casa, presumo que foi por culpa dos Correios, devido ao feriado de Carnaval. Mas chegou um dia antes do prazo estipulado. || Melhor loja virtual || Parabéns chegou dentro do prazo e produto de qualidades  || Embora tenha recebido corretamente acho que deveria ser mais rápido entre o pedido e entrega || estamos testando || Demora na entrega. Carteiro não espera o atendimento, alega ausência... || Chegou uma correspondência e no dia segui te chegou a outra, logo achei que tinham mandado apenas 1 mas deu tudo certo. || Chegou uma correspondência e no dia segui te chegou a outra, logo achei que tinham mandado apenas 1 mas deu tudo certo. || super recomendo || Produto ótima qualidade super rápido a entrega || Custo beneficio excelente. || Entrega super rápida, e produto de qualidade, recomendo! || Não recebi minha encomenda é já mostrou pelo rastreamento q já foi entregue e até hoje nada.
","chegou uma, te, logo, controle, qualidade recomendo, deu, achei que, chegou",True,True,True,neutral,0.44933754205703735,,,,
7d854ab97c64ef9df2bbfaf332765786,"Ótimo produto, recomendo! || até o momento não recebi meu produto || o produto só foi entregue bem fora do prazo. || Òtimo produto e entrega muito rapida. Recomendo. || Muito Bon. Chegou no prazo || Entrega antes do prazo. Ótimo custo benefício... atendeu minhas expectativas. || produto entregue no prazo e sem defeito || .Hoje dia 19/07/2017 até o momento não recebi meus produtos que estava previsto entregar até 14/07 || .Hoje dia 19/07/2017 até o momento não recebi meus produtos que estava previsto entregar até 14/07 || Produto muito bom! Chegou antes do prazo, e ficou certinho na cama da minha filha. Super recomendo! || A entrega foi surpe rapida || Nota o só tô me favorecendo.","07, momento não, dia 19, até momento, hoje dia, produtos que, até, meus produtos",True,True,True,positive,0.6267358660697937,,,,
7e0dc102074f8285580c9777f79c90cf,"meu produto veio com defeito,devolvi conforme informado.postado no correio conforme indicado.e até hoje não recebi nenhuma notificação da empresa quanto a devolução e análise para ter meuressarcimento || Ocorre vazamento no encaixe da pistola de regulagem do jato, fator que causa desconforto.  || A mangueira é boa! Leve, e com opção de ajuste assim sendo ajuda na economia de água. Aprovada!  || Acabei de tirar o produto da embalagem e fui usar, constatei que estava com o gatilho quebrado, me molhei todo e alem disto constatei que a embalagem interna que veio o produto, estava aberta, || Recebi o produto dentro do prazo, mas o produto deixou muito a desejar, muito frágil, não atendeu as expectativas. || Tudo correto  || SOU FÃ FIEL DA baratheon DESDE SEMPRE, PELO RESPEITO QUE ESTA LOJA TEM PELO CONSUMIDOR. RECOMENDO... || SOU FÃ FIEL DA baratheon DESDE SEMPRE, PELO RESPEITO QUE ESTA LOJA TEM PELO CONSUMIDOR. RECOMENDO... || Muito bom || Produto muito bom! Chegou certinho! || O pacote estava aberto e o regador da mangueira danificado com a alavanca saindo do lugar || Mangueira fabricada na China, componentes frágeis. Tinta aplicada na malha com o odor forte. 
  || Comprei vários produtos alguns ótimo mas alguns. Com problemas || tudo ok, produto, data de entrega, recomendo! || comprei duas mangueiras e so recebi uma, na nota fiscal conta duas e no pacote veio so uma. Quero uma solução para este problema. Desde ja agradeço || comprei duas mangueiras e so recebi uma, na nota fiscal conta duas e no pacote veio so uma. Quero uma solução para este problema. Desde ja agradeço || comprei 2 mangueiras e veio apenas 1 || comprei 2 mangueiras e veio apenas 1 || Não recebi o produto na data prometida || Um produto de excelente qualidade. ","desde, pacote, so, duas, veio so, que esta, uma solução, uma",True,True,False,neutral,0.4137776494026184,,,,
7f064525eaaa1ce9d22c085f7ff5413a,"Só ñ gostei de uma coisa o relógio está só parando com bateria fraca está novicimo esse relógio e já está parando || Ainda não recebi um dos relógios, ainda aguardando...obrigada! || Não recebi porque está no correio  || RECEBI MEU PRODUTO PORÉM ELE VEIO COM DEFEITO(COLOQUEI O RELÓGIO NO PULSO E ELE FICOU NO MESMO HORÁRIO QUE COLOQUEI) ESTOU INSATISFEITA . || Produto entregue normalmente e dentro do prazo. || Eu amei comprei dia 1.8. chegou dia 3.8  || Chegou corretamente e em tempo recorde!!! Parabéns pelo trabalho. || Excelente em tudo, sem reclamações... || Tudo conforme pedido. || O produto chegou com defeito é o site da lannister é péssimo pra trocas, suporte péssimo !!!! || Produto comprado em 08/03/2018 e promessa de entrega até 29/03/2018, entretanto,até o momento não recebi o objeto comprado e nenhuma satisfação me foi dada pelo vendedor.","03 2018, relógio, está, 2018, 03, péssimo, comprado, com defeito",True,True,False,negative,0.44608309864997864,,,,
7f4e034245e45549110139d1de248f83,"Super recomendo , não utilizei ainda mais dá para ver que o produto é de excelente qualidade , fora que foi entregue muito antes do prazo , nota dez !  || Muito rápida a entrega.  || Ótima relação custo x benefício. Produto conforme o esperado. O manual de instruções poderia ser disponibilizado em pdf, pois é uma simples impressão. A entrega demorou muito.  || estou feliz pois a entrega veio no prazo e o produto certo. parabéns  || Comprei dois produtos, 1 Sling (recebi) e 1 almofada de amamentação (não entregue). Dentro da pequena caixa do Sling veio a NF referente aos dois produtos, porém só recebi 1. || O produto atende o prometido e tem um preço justo, fora a entrega que foi antes do prazo. Eu indicaria esse produto e essa loja! || Esta é minha segunda ou terceira compra pelo stark e estou muito satisfeita, pois a entrega é feita em um prazo muito menor do que o informado e isso me traz muita satisfação!!  || Super recomendo, chegou super rapido e bem antes do prazo esperado || Ótimo serviço! || Entregaram antes do prazo, otimo produto, veio muito bem armazenado super recomendo  || O sling é um pouco menor mais funciona bem para dias quentes não é legal por que é de algodão  || Entrega rápida. Produto atendeu as expectativas.  || Tudo perfeito, entregou antes do previsto e produto era o mesmo da foto e descrição ","produto, super recomendo, super, dois produtos, do, fora, menor, que foi",True,True,True,positive,0.40884795784950256,,,,
7f72a8900b3d2fc8fa2635b7836d6e6e,"Só imaginei que fosse maior a boneca. Mais é legal  || Entrega feita e o produto é o que eu queria, muito bom!!  || Entrega feita e o produto é o que eu queria, muito bom!!  || Eu comprei duas bonecas lol é só veio uma || Eu comprei duas bonecas lol é só veio uma || Gosto de comprar com vocês || Ok  || Produto entregue conforme compra, dentro do prazo, e muito bem embalado. || CONSTA QUE FOI ENTREGUE MAS NÃO CHEGOU NADA || Olá boa tarde
n veio a boneca serie 2 e sim a serie 3 || Lixo  || surpreendente. || Tô muito chateada por conta da demora .","boneca, veio uma, entrega feita, só veio, eu queria, comprei duas, queria, eu comprei",True,True,False,neutral,0.3628029227256775,,,,
7fab1a1472fdd934397068931f63f3ca,"Entrega e qualidade do produto de acordo com o esperado. || Veio certinho e rapido boa qualidade! || O produto foi entregue bem rápido, mas infelizmente o brinquedo é de péssima qualidade, coisa que não dá pra saber vendo só as fotos, alguns dos carrinhos até já quebraram. || Não passou o prazo ainda. || Achei os carrinhos muito frágeis p/ o preço cobrado. Um deles soltou a a parte de cima nos primeiros 5 minutos de brincadeira. Escolhi comprar neste site pq achei que eram de boa qualidade. || Produto entregue no prazo  || Tudo certinho || O PRODUTO É DE PÉSSIMA QUALIDADE. DEVERIAM COLOCAR NA DESCRIÇÃO Q SE TRATAVA DE UM RÉPLICA. SEM CONDIÇÕES DE PRESENTEAR ALGUÉM COM AQUILO. HORRÍVEL. PAGUEI MAIS DE R$ 80 EM BRINQUEDO DE LOJAS DE 1,99 || Entrega super rápida, Parabéns  || Lindo os carrinhos,meu filho adorou!E chegou antes do prazo! || Entrega super atrasada, não recebi ainda o produto e nem me deram satisfação de nada. || Produto estava na minha casa em menos de 1 semana. || Acredito que não tenha recebido por conta da greve dos correios, então não posso avaliar o produto. || A entrega foi entregue dentro do prazo . || otimo || O produto eh falsificado. Não eh o anunciado. 
 ","de, de péssima, péssima qualidade, produto, péssima, qualidade produto, qualidade, não",True,True,True,negative,0.4773930311203003,,,,
7fb04722aba7a2b632bac8f9819796f3,"Fui surpreendida com a agilidade na entrega, lannister a melhor, quanto ao produto, design muito bonito e funcionamento ótimo, valeu a pena comprar. || Produto de excelente qualidade entrega antes do prazo. || Muito bonito, e atende o que diz! otimo produto! || O produto veio com peças faltando. Não consigo usá-lo. || Produto chegou em perfeitas condições, bem antes do prazo. 
Recomendo  || Otimo || Não gostei apenas por que a entrega é feita pelos correios.  || Entrega antes do prazo, e produto ótimo. || Gostei do produto, mas ele fica casando muita água e tá tive outros e ñ ficava casando. || satisfeito..... || Tanque de água não tem uma trava quando é posto sobre a base do umidificador, fica solto, vem com uma alça em cima que quando vc pega, vem só a metade do aparelho e se n tomar cuidado derruba a água. || Tudo dentro do esperado! || O site é de confiança, assim como, a pontualidade na entrega do produto. || Comprei um produto nessa loja e não recebi no status da loja consta que o produto foi entregue. || Adorei a credibilidade da loja. Me deram até dia 14/02/2018 para entrega é o mesmo chegou 27/01/2018. Comprarei outras vezes e super indico. Obrigada  || Demorou pra chegar, mt barulhento...resolve o problema  || Produto veio certinho, e entregue antes do prazo || Super indico, chega bem antes do esperando. || obs. tenho um outro produto que comprei com vcs é vai fazer um mês que recebe o produto com defeito e até hoje não fizeram a troca do produto || Tive que receber o produto ... Pois não acataram o meu cancelamento feito antes da emissão da nota.... Então vou pensar duas vezes agora antes de comprar pelo site","produto, do, super indico, antes, 2018, que, da loja, fica",True,True,False,neutral,0.4612373113632202,,,,
81288df52439985f610be64465e53f57,"BOM DIA, JÁ É A QUARTA VEZ QUE SOLICITO A DEVOLUÇÃO DO PRODUTO E ATÉ O MOMENTO NÃO TIVE RETORNO, POIS A MEDIDAS DA BOLSA NÃO SÃO AS MESMAS DECLARADAS NO ATO DA COMPRA. 
GT. KEYLA || Boa noite 
O produto não foi entregue e ainda nem tive explicações. Gostaria de ajuda quanto este relato. 
Obrigada!  || Fiquei surpresa quando chegou somente um produto do que eu havia pedido. Depois percebi que seriam entregues por duas transportadoras. Ate o momento ainda não recebi a outra mercadoria. Preocupada.  || entrega foi dentro do prazo, material de qualidade, bonita, porem chegou rasgada. || Entrega no prazo e produto muito bom. Ligaram antes pra informar que existia o produto em outra cor que poderia ser enviada antes, mas preferi esperar e ter na cor desejada. Muito pontuais. || SEMPRE FAÇO COMPRAS PELA lannister..
SUPER PROFISSIONAIS.  || SEMPRE FAÇO COMPRAS PELA lannister..
SUPER PROFISSIONAIS.  || Produto de boa qualidade || muito bom o produto || Fiquei dias sem uma posição do status do produto , informando que algo de errado aconteceu na entrega  || Produto ótimo e lindo?? || Entrega rapida produto otimo  || Boa tarde nao recebi minha marmiteira ainda e ja passou do prazo oque ouve ????? || o produto satisfez a minha espectativa || Material super resistente acolchoada por fora. Com divisórias, pra mim tamanho ideal. O que eu buscava. O, produto chegou antes da data prevista pelo lannister. Parabéns pelo serviço. Amei  || comprei num dia e no outro já recebi o produto. Recomendo. || Recomendaria o produto porém o tempo de entrega demorou demais, mesmo estando dentro do prazo. ","produto, faço, que, do, compras, cor, outra, lannister",True,True,False,neutral,0.4300448000431061,,,,
817e1c2d22418c36386406ccacfa53e8,"Quero meu dinheiro de volta  || Ótimo produto. Eu recomendo  || Entrega antes do prazo previsto...muito bom || Correspondeu todas as expectativas! || Adorei muito lindo super recomendo!  || Lindo amei tudo certo chegou no prazo de entrega amei o quadro muito lindo recomendo  || O quadro mais bonito que já vi! Entrega ágil e tudo muito bem embalado... || Mercadoria de qualidade e chegou antes do prazo. || Muito boa || Demora para atualizar o rastreamento do produto. ( exemplo o produto já tinha chegado, mas a atualização que o produto estava no transporte, só apareceu no outro dia.) || Comprei um quadro é um adesivo de parede. Por motivo não esclarecido, o adesivo não foi entregue. Quero saber quando serei ressarcido. || Amei o Quadro || O site do stark consta meu pedido como totalmente entregue, mas recebi apenas 1 de 3 itens. Já comprei antes com a targaryen e gostei, a entrega foi super rápida. Mas não concordo com constar meu pedi || ENTREGUE EM PERFEITO ESTADO, DENTRO DO PRAZO. || Como sempre...recebido no prazo. Produto lindo!!! Ultra satisfeita.  || Nao recebi o produto ainda o correio ainda nao mr entregou ..estou esperando era pra eu ter recebido dia 24/4.","quadro, lindo, muito lindo, amei, recebido, já, produto, muito",True,True,False,neutral,0.3863000273704529,,,,
827c4a77226a3e7ef259d61eaa775df9,"Achei difícil de montar por q tem q desmontar pra colocar a lâmpada 
Mais o produto é lindo || Esperava um material melhor .Nao gostei .devolveria .Esperava um lustre de qualidade nao indico  || Bom dia! Paguei pelo produto e pelo frete para ser entregue na minha casa, mas o produto está no correios e adificuldade de retirar é enorme. Muito insatisfeita. || PRODUTO MUITO BOM, ENTREGUE ANTES DO PRAZO. || PRODUTO MUITO BOM, ENTREGUE ANTES DO PRAZO. || PRODUTO MUITO BOM, ENTREGUE ANTES DO PRAZO. || Entrega nao foi feita, e tive grande dificuldade para obter uma explicavao e tentar resolver. Ate agora ainda nao esta resolvido. || Em 27/2 fiz a compra, solicitando 2 lustres pendentes do tipo bola mexicana, mas recebi só 1. O tempo de entrega até surpreendeu, mas do que adianta se veio metade do pedido? Aguardo esclarecimentos. || Em 27/2 fiz a compra, solicitando 2 lustres pendentes do tipo bola mexicana, mas recebi só 1. O tempo de entrega até surpreendeu, mas do que adianta se veio metade do pedido? Aguardo esclarecimentos. || Bom dia
Não recebi o produto e tambem não recebi nenhum aviso dos correios. Estou chateada por isso.  || Eu comprei 2 lustres e so recebir 1 e consta como o meu produto foi entregue mais não foi || Eu comprei 2 lustres e so recebir 1 e consta como o meu produto foi entregue mais não foi || O único problema é que tive que buscar o produto nos correios || Entrega bem antes do prazo e produto impecável!","lustres, bom entregue, produto, do, mais não, bola, solicitando, surpreendeu",True,True,False,neutral,0.41767874360084534,,,,
82c3ea364e5480f335f6743ee725a921,"O produto veio estragado || Prezados,
O produto estragou na hora de conectar com o aparelho de 110 volts na rede de 220.
Como faço para voces enviarem outro? || Apenas ainda não provei o produto para checar se tudo funcionando  || Pedi o cancelamento do produto no mesmo dia da compra e não fui atendido, então ou a targaryen age de má fé ou tem funcionários incompetentes...
 || Transformador bivolt de 100W portátil, para uso em viagens. Coisa que as eletrônicas da minha cidade dizem não existir.  || sempre mantendo o compromisso com os clientes || Recebi antes do prazo e achei otimo! || Comnprei 03 transformadores de 100w da marca BAK modelo BK2121 e o que chegou em minha residência foi 03 transformadores de 50w de uma outra marca e modelo. Estou muito insatisfeito com a stark. || Comnprei 03 transformadores de 100w da marca BAK modelo BK2121 e o que chegou em minha residência foi 03 transformadores de 50w de uma outra marca e modelo. Estou muito insatisfeito com a stark. || Comnprei 03 transformadores de 100w da marca BAK modelo BK2121 e o que chegou em minha residência foi 03 transformadores de 50w de uma outra marca e modelo. Estou muito insatisfeito com a stark. || Tive que esperar além do prazo prometido pelo produto, o que me deixou descontente. || O produto não está funcionando.","marca, modelo, 03, muito insatisfeito, de, da marca, que chegou, insatisfeito",True,False,False,negative,0.448932409286499,,,,
82e4ad16521ca131d95e198d507db370,"Produto não corresponde com o produto da imagem || o produto veio levemente avariado, provavelmente por pressão na embalagem durante a remessa.
Mas está funcionando normalmente. || Boa negociacao. Otimo produto. Satsfeito com a compra  || tentei fazer o cancelamento da compra e o site não permitiu. Depois consegui, mas o débito no cartão de crédito foi efetivado || só estou aguardando o outro controle remoto que é o da Claro Livre, ainda não chegou. || Entrega rápida. Antes do prazo. || Primeira vez que compro e o pedido veio certo, funcionando e dentro do prazo. || Comprei um controle remoto Samsung, e assim veio na nota, e recebi um da marca MXT. Como está funcionando vou ficar com ele. Espero que eu não tenha problemas. || Correio não entregou na minha residência tive q ir busca lá correios || Super recomento, chegou todo embalado e muito antes do prazo estipulado. || Sem problemas com a entrega e com a compatibilidade do produto. Em relação ao uso o controle não possui teclas ao apertar ?macias? como um original. || Funciona bem, mas os botões são altos e mais duros que o original. || Produto similar ao original, testei funcionou todas teclas e aparentemente será útil na substituição do original. || produtos certos , só achei que deveriam ser entregues juntos por ser uma compra só. e achei um pouco demorada a entrega. || Muito bom
","controle, original, funcionando, remoto, controle remoto, está funcionando, só achei, ao",True,True,False,neutral,0.5042097568511963,,,,
8317b177579dd27ff068b83205e2169b,"Comprei 2 relógios, mas só foi entregue 1 || adorei obrigado || so tenho elogios 
super recomendo || Chegou antes do combinado, perfeito estado original || Chegou bem antes do prazo. || Gostei do relógio. É leve e bonito.  || Muito bonito  || O relógio chegou com manchinhas perto da bateria.  || Muito bonito é pequeno e discreto e original, com manual em todas as línguas vem funcionando bem. Não tem luz (já sabia) e tem alarme de hora em hora e na hora desejada, enfim é tudo de bom! || O produto veio antes do previsto, gostei muito dele, porem esperava que ele fosse maior. Tamanho do leitor e bem pequeno
 || Adorei! || Demorou um pouco para chegar  || O relógio veio solto dentro da caixa, não tinha nenhuma caixinha dentro da caixa principal para proteger. Achei estranho pq vi na net que estes relógios sempre vem com caixinha para depois guardar.  || O produto não chegou ainda, está em atraso. || Adorei o relógio e chegou rápido! ||  Minha filha adorou o relógio,muito bonito e de ótima qualidade  || O produto que recebi é diferente e inferior ao anunciado. Quero devolver. || Chegou antes do prazo,adorei🤙🤙 || recebi bem antes || Compra foi uma bosta cade meu dinheiro","relógio, hora, bonito, muito bonito, adorei, da caixa, dentro da, relógios",True,True,False,neutral,0.4425145387649536,,,,
8338cef8355d238f43711dcb9c0657b2,"Chegou antes do prazo. || Ainda não recebi o produto  || Ótimo produto entrega rápida  || Ótimo produto entrega rápida  || Comprei duas cortinas e recebi apenas uma.
Era pra dar de presente,infelizmente não deu certo. || O produto veio com a estampa desbotada.
Não faz justiça ao que foi mostrado no site de compras.
Medidas corretas mas deixou a desejar no quesito beleza.  || Eu pedir a troca e falaram que em dois dias eu iria ter resposta para mandar o produto de volta a loja e nada de me responder. Eu não quero esse produto de plástico  || só não gostei da qualidade do pano da cortinha poderia avisar que é plastico e não pano || Fui enganada comprei gato por lebre detestei não recomendo || Recomendo || Ótimo, amei  || Lindo,fácil de limpar, ótimo custo benefício.","não, ótimo, de, produto entrega, produto, entrega rápida, infelizmente não, ótimo produto",True,True,True,neutral,0.4332405626773834,,,,
83b00325c13c44245b2c3a2befa62a0e,"preciso do produto quero um retorno ou vou cancelar a compra..
muita demora || recebi so a bolsa  || Estou precisando do meu produto, pois ja chegou meu berço, preciso o quanto antes. || Durante todo o prazo, nem a nota foi emitida. || Atendeu as minhas expectativas. || nao posso avaliar, sem ter recebido  || O produto chegou antes do prazo, porém o material é de péssima qualidade, veio com fiapos, linhas soltando, e com defeitos.  || Muito boa entregaram muito antes do prazo.minha entrega era só dia 26 de março e eu já recebi um mês antes.
Excelente  || A compra não chegou completa, está falta chegar o kit de berço. || nao recebi o produto e estou com problema para receber o dinheiro de volta

 || Estou aguardando a entrega que já esta atrasada || Só recebi abolça o kit berco não  || Recebi somente um item do pedido 
O kit bolsas 
O kit berço não recebi || O pedido chegou em recife, voltou pra são paulo e até agora não conseguimos passar os dados bancários para a devolução do valor pago. pois não ligam para o meu número de contato, só ligam para o outro || Era pra ter chego até o dia 06/06/2018, já fui no Correios e nao esta la.  || otimo produto || comprei kit de berco a mais de um mes e ainda nao foi entregue || Ainda não recebi o meu produto, e já passaram 2 dias depois do prazo previsto e não recebi nenhum feedback da empresa || A empresa não deu retorno aos e-mail enviados, não entrou em contato para falar a respeito da entrega, no entanto não restou outra alternativa se o não o cancelamento da compra.","kit, não, kit de, recebi, 06, nao, já, para",True,True,True,neutral,0.45685648918151855,,,,
84f456958365164420cfc80fbe4c7fab,"Recomendo, produto de qualidade. || Linda as peças, ficou uma maravilha. || Muito bom. || Chegou no prazo estipulado e produto de boa qualidade eu recomendo  || comprei um produto e recebi outro
quero devolver || nao sei como posso avaliar se nao recebi a mercadoria || Na nota veio descrito 4 produto sendo que quando abri veio 3, espero que esteja a caminho || Ótima qualidade recomendo || O produto estava marcado para dia 12/12 e até agora não recebi  || produto bom, apesar de sr 80 agodão e 20 poliester, mas fica lindo na cama recomendo. || Fiquei bem satisfeito com o produto e com o prazo da entrega, bom recebi um ainda falta chegar mais dois produtos vamos ver a qualidade e o prazo de entrega do restante || Cobre-leito sem forro, ficando com um pouco de transparência, pintura com aspecto desbotado. Porta-travesseiros sem costura, totalmente lisos. Muito abaixo da expectativa. Não vale a compra.  || entrega atrasada,produto ainda não veio
 || Chegou antes do prazo esperado .
Produto bom e muito bonito! || Como sempre o produto chegou dentro do prazo e de forma correta. || Produto entregue conforme a compra e dentro do prazo.  || Sempre compro no site e vem com material bom mas esse veio mto ruim, parece lençol de tão fino, a estampa veio conforme a foto mas o material deixou a desejar, comprei 2 ainda pensando que fosse bom . || Sempre compro no site e vem com material bom mas esse veio mto ruim, parece lençol de tão fino, a estampa veio conforme a foto mas o material deixou a desejar, comprei 2 ainda pensando que fosse bom . || Esperava um produto de melhor qualidade. || Achei muito fino o tecido a costura e muito simples, sei lá parece feito em casa, a almofada que veio estava com uma linha grande no acabamento, tive que cortar. Não gostei.","fino, produto, veio, material, pensando, bom, parece, costura",True,True,False,neutral,0.4584139585494995,,,,
8562e2c780a345b609e1b802d7e3e4ae,"Estou muito satisfeita com a compra do meu produto e com a eficácia do baratheon! || Muito bom, e por ser dupla face é muito versátil  || fui bem atendido em todos aspecto parabens || Produto muito bom, porém comprar pelo site tem o inconveniente de não ter como saber se o produto (nesse caso) é forte e resistente. Vou ter que usar por um período para avaliar melhor. || Jabpassou do prazo da entrega do produto é até hoje n recebi || Produto bom pelo preço ofertado. || Não recebi o produto || Não recebi o produto || Negociação concluída com sucesso, tudo ok! || Nao recebi o produto, e nem ao menos uma satisfação da loja targaryen, e até mesmo das Lojas lannister, visto que já abri 3 reclamações do mesmo, e nao recebi ao menos uma satisfação. Péssimoooo || Entrega super rápida e excelente produto || O PRODUTO FOI ENTREGUE NO DIA CERTO SÓ QUE O ESTABELECIMENTO DA ENTREGA É COMERCIAL E ESTAVA FECHADO NO DIA, MAS HOJE RECEBI. || Material de qualidade e produto prático, só deixa a desejar por ser uma espécie de manta a ser colocada sobre o sofá -- não tem encaixes nem amarrações que deixem a capa firme no móvel. || Achei a capa muito fina e com caimento simples. Pela foto achei que fosse mais acolchoada a capa e não é. || Recebi a mercadoria, a capa protetora veio dentro das medidas que comprei ótimo acabamento e se ajustou bem ao meu sofá. Excelente produto para proteção do seu sofá. || ainda esperando!!! || Ótimo produto. De acordo com o anúncio. Entrega no prazo descrito.  || Recebi o produto no prazo certo e estou super satisfeita . Era realmente o que eu esperava .  || deu certinho no meu sofá, e olha que ele é bem alto o encosto e grande
gostei muito","capa, produto, recebi, por ser, recebi produto, que, satisfação, ao",True,True,True,neutral,0.3967698812484741,,,,
867dda95bbba37fe56fa288449fa122f,"Recebi antes da data, porém não recomendo o produto por ser de pouca qualidade.  || Produto  || Produto  || SOMENTE 1 PRODUTO MEU CHEGOU GOSTARIA DE SABER DO OUTRO
 || Comprei dois e só veio um. O material é ruim, tranparente e amarrota demais.  || Comprei dois e só veio um. O material é ruim, tranparente e amarrota demais.  || O produto é muito bom. || Entrega perfeita. Porém produto sem qualidade, material parece até TNT. || Pano muito fino, seria mais digino colocar lençol na descrição do produto || Pano muito fino, seria mais digino colocar lençol na descrição do produto || Mercadoria de pessima qualidade não tem nada a ver com a foto não indico. || Péssima qualidade do produto
 || produto foi entregue dentro do prazo","seria mais, produto, lençol, descrição do, fino, na descrição, material, só veio",True,True,False,negative,0.6777617335319519,,,,
87283a98b24f9f1ac3a31b631073cf47,"Não recomendo a referida loja || Chegou antes do previsto, muito bom! || Eu recomendo lojas lannister  || Poderia ser melhor apenas na questão de pagamento tivemos um imprevisto que demoraram duas semanas para identificar minha transferência bancária, mas tudo resolvido. || Entregou bem antes do prazo. Muito satisfeita. || Loja excelente. Muito Bom, Obrigada || Tudo recebido no tempo esperado. || Não me atentei as medidas dela realmente, mas achava improvável uma carteira não ter nenhum compartimento onde caiba o documento de identidade...  || Prestativo || Sem comentários || entregue corretamente || Muito bom || Produto ótimo, só que pequeno a carteira  || Produto ótimo recomendo || Produto ótimo  || Chegou certinho do jeito que eu precisava. Satisfeito! || Boa compra || Boa compra","carteira, produto ótimo, ótimo, ser melhor, questão, resolvido, entregue corretamente, chegou certinho",True,True,False,positive,0.5916523933410645,,,,
87a71ae93900ab55fcf685c8040769b3,"Muito frágil, mas funciona certinho. || PRODUTO DE QUALIDADE 
ATENDEU A NECESSIDADE
RECOMENDO. || Muito bom || Parabéns, chegou antes do previsto! || Recomendo. || comprei (02)Duas unidades e recebi apenas 01 || comprei (02)Duas unidades e recebi apenas 01 || Barato é funciona.  || Falta entregar um dos produtos  || otimo || olá boa noite! estou muito satisfeito com a entrega e o produto  || Meu pedido veio faltando 1 controle forao pedidos 2  || Meu pedido veio faltando 1 controle forao pedidos 2  || Produto muito bom, dentro do prometido! || Fiz um compra de três produtos e só chegou dois o que vcs vão fazer. || Fiz um compra de três produtos e só chegou dois o que vcs vão fazer. || Fiz um compra de três produtos e só chegou dois o que vcs vão fazer. || O controle não funciona. Algumas teclas tem que apertar várias vezes para funcionar. Outras nem funcionan.  || Ainda não recebi a mercadoria! mas como preciso do produto estou esperando que o problema se resolva. || Não recebi e não tive ainda uma solução do problema. Preciso do produto e hoje é o segundo dia fora do prazo final de vcs. Como recomendar dessa forma? Só se for negativamente. ","fiz um, produtos só, vão, controle, vcs, só chegou, três, compra de",True,True,True,neutral,0.4535790979862213,,,,
87cb507e0daa37bbf34956fd59eba832,"Tudo certo, ótimo produto || A loja é muito boa, porem neste caso, só recebi um dos itens do pedido e ainda não tive resposta da loja || Superou minhas expectativas. Feliz pelo produto adquirido || Compro com uma boa frequência, e desta vez, chegou um dos produtos, porém o outro não chegou. Preciso saber qual procedimento faço para receber o produto ou ser ressarcida? || entrega super rápida e produto maravilhoso. adorei !!!! ||  a targaryen apenas me entregou um dos produtos ficando o outro sem entrega ... o que está faltando é relogio feminino corrente dourada casual ... gostaria de saber o que está acontecendo e porque a Amer || Bem embalados e até antes do prazo  || Gostei de ter feito essas compras por esse site. Obrigada! || produto ótimo custo beneficio e agradável p presente || Deixou muito a desejar porque ainda.nao recebi o produto. || Bonitinho! || Gostei produto veio bem embalado e de qualidade modelo certo . || Horrível muito pequeno nada a ver não recomendo o produto ","um dos, que está, produto, dos produtos, dos, porque, saber, me entregou",True,True,True,neutral,0.42249032855033875,,,,
880be32f4db1d9f6e2bec38fb6ac23ab,"Gostei muito do produto era exatamente boque eu esperava, entrega dentro do prazo, parabéns recomendo a loja || Muito Boa podemos comprar a vontade que é confiável || Excelente atendimento || Só demorou um pouco por conta do correio, mas foi tranquilo, recomendo! || Chegou antes do esperado  || muito boa a compra || Veio muito rápido! Não consegui preencher esta avaliação antes!!! || estou aguardando || Comprei três produtos que poderiam ser enviados dentro de um pacote só e assim talvez poderia economizar no frete.. achei um absurdo pagar no frete quase metade do valor em si..  || Veio no prazo, o cubo já veio lubrificado e ajustado  || Cumpriu tudo que foi acordadeo. || Muito bom! || Estou surpreso por ainda não ter ainda recebido o produto. Porém, acredito na Boa Fé dos negócios praticados pela loja lannister.com.
Suponho que tenha havia algum problema independente da vontade.
 || Produto de qualidade. || Excelente trabalho do stark.  || Ótima loja realmente recomendo  || Muito bom! Recebi o produto até mesmo antes do prazo. Mtuio obrigado!!! || Infelizmente não recebi o produto, por falha de informações com empresa de entrega; recebi aviso do correio após o produto ter voltado à empresa, não podendo retirar. || Não recebi, pedi reembolso e o crédito não entrou na conta  || foi uma entrega muita rápida, mais do que podia imaginar. O produto chegou em boas qualidade. melhor compra já feita ","do, conta, produto, muito boa, muito, não, correio, boa",True,True,True,neutral,0.39792928099632263,,,,
88dd63919fc9ab693803578a04a20209,"super recomendo o produto que é muito bom! || Produto de acordo com o esperado e entrega antes do prazo previsto. Adorei! || produto recebido e funcionando, muito bom. || Produto chegou antes do prazo e funciona perfeitamente.  || Este produto foi entregue correto, mas ainda não avalie sobre sua funcionalidade. || Produto bom, cumpre o que promete!! Entrega muito rápida!! Recomendo || Produto excelente e entrega rápida, apesar do valor cobrado pelo frete..  || Loja boa , porem entrega bem demorada por um produto São Paulo || Entrega rápida, pra configurar o WiFi Repeater é complicado só com auxílio de um técnico!!! || Entrega rápida, pra configurar o WiFi Repeater é complicado só com auxílio de um técnico!!! || Eu comprei 2 itens mas só chegou 1! E estou pagando por 2! || Eu comprei 2 itens mas só chegou 1! E estou pagando por 2! || Ainda nao usei. Ativarei o produto somente apos 02.01.18 e, por essa razão, ainda nao posso dar a resposta final. || recebi o produto no prazo e bem embalado. || Entrega muito rápida || Depois de uma semana o produto produto parou de funciona simplesmente parou de transmitir sinal, espero que a loja conserte ou troque, por que o produto e muito útil e simples.... || Tudo conforme o anunciado. || o produto falha muito, cai direto e as vezes nao funciona e nao reseta! || lannister como sempre ótima, com entrega antes do prazo. || Comprei repetidores de sinal pelo stark.com e recebi apenas um. Somaram o valor dos três e atribuíram a somente ele na nota fiscal. Exijo os outros dois ou meu dinheiro de volta.","produto, funciona, rápida, comprei itens, mas só, por, entrega, de",True,True,True,neutral,0.43726012110710144,,,,
89321f94e35fc6d7903d36f74e351d40,"Produto muito chegou bem antes do prazo estipulado, recomendo. || Eu indico a todos a comprarem pelo site lannister pois recebi meu pedido antes do combinado cinco dias antes vcs estão de parabéns mercadoria realmente boa nota 1000 || Produto entregue adequadamente e muito rápido, gostei muito do serviço. || Muito bom chegou antes do prazo
Muito satisfeito 
 || O produto está OK. pena que o CD veio quebrado.  || Faltou um dos itens || Faltou um dos itens || Muito bom, chegou rápido. Já fiz alguns testes e funcionou muito bem || Vamos aguardar a entrega do mesmo.  || Não recebi o produto, porem no site consta como entregue. || Resolveu pra mim || pago na terça e entregue na quinta. || ok || Compra muito segura e foi entregue antes do prazo de entrega!
Parabéns a todos! || Setup é chines não funciona corretamente. || Cumpro com aquilo que promete... funciona perfeitamente no gol g3 1.0 16V... O consumo de combustível instantâneo funciona perfeitamente.  || O produto foi entregue e atende ao prometido. || Recomendo || Passou do prazo. || Passei e-mail solicitando suporte para fazer o produto funciona","funciona, faltou um, dos itens, muito, perfeitamente, itens, faltou, bom chegou",True,True,False,neutral,0.40974608063697815,,,,
89b121bee266dcd25688a1ba72eefb61,"Produto não recomendo não ler em nenhum dispositivo || O produto pode estar com mal funcionamento.
Ou o meu telefone não está conseguindo fazer a leitura. || Infelizmente o produto veio com defeito, a mídia esta corrompida....Perdi a troca pois inutilizei a embalagem sem antes testar, o que me deixa incapacitado de trocar... || Produto não funciona aparentemente o produto não é original. || Produto enviado é falaificado || Recebi um produto diferente do que foi requisitado. A imagem do anúncio não condiz com o produto recebido. || O produto chegou antes do prazo estipulado mas não veio conforme anuncio e não funcionou. || O produto anunciado é um e o produto entregue é outro e de baixissima qualidade. Inadimissivel esse tipo de atitude que fere o codigo de defesa do consumidor, entregar produto diferente do anunciado || O cartão que recebi é falso.
Começou com a cor do cartão que não era a mesma da foto site. o celular e Pc não reconheceram o cartão. por fim, descobri que a sigla do prodt. É para uma capacidade meno || Comprei o produto dia 15/05...Dia 21/05 Já recebi....qualidade e rapidez...top || Comprei o produto dia 15/05...Dia 21/05 Já recebi....qualidade e rapidez...top || Produto da foto não era igual ao que recebi. Veio com defeito. Perdi dados ao transferir. Não consigo acessar micros. Solicito informações para devolução e crédito em vale-compra.
 || Atraso na entrega(a qual já possuía um prazo mais do que suficiente), logo não consigo avaliá-lo positivamente, muito menos opinar a favor da transportadora. || Cartão Micro SDClasse10Com Adap64GB Sandisk , rec. dif. do anunciado não funciona parece prod. paralelo reportei no site das lannister o ocorrido em 17/05/18 até o momento não tive nenhum retorno || O pedido foi realizado dia 18/04. O prazo de entrega era dia 10/05 e até hoje, dia 14/05 o produto não chegou.  || Quero devolver o cartão está com problema, não aparece nos meus pedidos esse cartao || Produto não funciona. || o cartao do memoria nao funciona corretamente, perdi os arquivos que coloquei no mesmo... preciso fazer a devolucao || Muito bom SUPER INDICO! || COMPREI UM CARTAO MAS NAO FUNCIONOU E DEU ERRO E ATRAVES DE APLICATIVO ACUSOU SER FALSO","05, cartão, não, cartao, produto, dia, funciona, não funciona",True,True,False,negative,0.616155743598938,,,,
8aa6223e400af9c97b07c75993142721,"Produto entregue, para os leigos como eu: as peças vêm desmontadas e devemos montar, algumas, tal qual a biciclieta, necessitam de cola para permanecer de pé: melhor opção é a cola madeira.  || Estou muito satisfeita  || Lindas peças, porém muito frágeis.  || Gostei do atendimento e também da rapidez da entrega,tambem gostei das mercadorias.muito obrigada || Produto entregue no prazo || Veio todos os produtos no prazo certo mais veio uma peça Errada... || Muito bom o produto
Superou nossas expectativas  || Gostei || Não recebi os buchinhos só veio a nota fiscal em um carta  || Para recomendar preciso ter 99% de certeza. Não recebi o produto até hoje. Vocês não sanaram meu problema. Atendimento confuso a resposta de vocês a minha solicitação não foi precisa, e até hoje nada. || O produto poderia ser melhor .Os encaixe não afirma, poderia ser melhor pintado. A entrega veio antes. || Muito bom produto entregue certinho qualidade excelente || Adorei o produto, estou muito satisfeita, foi entregue antes do prazo!!😉 || O produto correto chegou com uma semana de antecedência.. Só não fiquei plenamente satisfeita pq a pintura, por ser recente e não estar completamente seca e se soltou em alguns lugares. || Produto muito bom,superou minhas expectativas.","ser melhor, produto, melhor, poderia ser, peças, muito, satisfeita, os",True,True,False,neutral,0.4646531343460083,,,,
8c292ca193d326152e335d77176746f0,"Nao compro mais na lannister. Se é parceiro da lannister ou não essa targaryen jamais uso novamente. Quando eu ler que é dessa empresa saio correndo. Um absurdo. Quase um mês para entregar. Extra.com ok || Chegou antes do prazo! || O produto nao foi entregue. || Gostei muito do atendimento prestado || entrga rapida || muito bom || Muita demora para a entrega. || Chegou no tempo certo || Foi muito fácil e rápida a compra e entrega. || Muito bom recomendo comprar nesse site || boa compra, agora só acompanhar os resultados || Produto chegou antes do prazo. || Muito bom || produto entregue antes do prazo!!! || É medicamento requer tempo pra saber ainda || O produto não foi entregue na data prevista e o vendedor não me informou os motivos da demora para a entrega. || Ainda não recebi o produto. Preciso dele com urgência || não tem como dar opinião por enquanto porque o produto ainda não teve tempo de ver o efeito se realmente adianta mas espero que sim || Excelente produto, correto, bem embalado mas com entrega excessivamente demorada, considerando que o mesmo é um medicamento. || Produto entregue antes do prazo.","tempo, produto, para entrega, demora, não, entregue, muito, entregue antes",True,True,False,neutral,0.44921910762786865,,,,
8c5876b1c7768217964f353bc7e64393,"Couro sintético de qualidade bem razoável. Produto cumpre o papel, que é basicamente dar uma proteção ao tablet, mas não tem a qualidade de capas Targus que você encontra no ML, por exemplo. || Pois por baratheon é mais rápido. 
Por exemplo 
Na compra no baratheon agente compra hoje. 
Exemplo. 

Na sexta-feira chega o produto que agente comprou de
Essa loja chegou faiz na data que foi co || Produto muito bom!!! || É realmente o prometido! Parabéns ao vendedor! || Chegou no prazo e corretamente || ÓTIMO !!!! || Como faço para devolver o produto,  || Ótima vendedor muito bom OBG. || Recebi antes do prazo, e o produto exatamente como descrito. || Entrega antes do previsto. Produto atende a expectativa. || Muito bom o produto recomendo || Produto de boa qualidade!! || Produto entregue no prazo. || Produto perfeito! Deixa o tablet seguro e bem protegido! Feito de ótimo material. Recomendo! || Comprei na quinta e chegou na segunda || Comprei 2 itens, um rosa e outro preto mas recebi os 2 pretos. || O serviço do site dessa vez foi otimo. 
Em relação ao produto + o frete = não tem uma boa relação custo benefício, pelo preço poderia ser melhor acabado, sporte tem apenas dois níveis de inclinação. || O serviço do site dessa vez foi otimo. 
Em relação ao produto + o frete = não tem uma boa relação custo benefício, pelo preço poderia ser melhor acabado, sporte tem apenas dois níveis de inclinação. || Bom de confiança, produto de qualidade. || Dentro do prazo, tudo certo com o produto!","relação, produto, tem, tablet, não tem, ser melhor, ao, de",True,True,True,neutral,0.46219396591186523,,,,
8c591ab0ca519558779df02023177f44,"Sem pontualidade não da satisfação ao cliente. || Foi entregue somente um dos transformadores, entregue o de 3500 va e falta o transformafor de 5000va || Recomendo mas precisa melhorar o rastreamento dos produtos || A Reclamação é que demorou para entregarem o produto, comprei com quase 2 meses de antecedência, totalizando 3 meses para entrega do mesmo. Data não condiz com a entrega verdadeira. Lamentável.  || Produto correto e bem embalado. Chegou antes do prazo previsto. Recomendo! || Ótimo produto, mais ainda não testei. || excelente || Melhor do q eu esperava muito bom  || Boa Tarde.

Produto entregue ANTES do prazo estipulado, com qualidade e segurança. || Como estou acostumada a comprar pelo baratheon .. achei a entrega de seu parceiro muito demorada .  || recomendo, entrega no prazo,tudo ok || Loja bem sincera nas vendas. Na minha opinião eu recomendo.
 || Um ótimo auto transformador, serve para muitas e muitas utilidades.
Ótimo, recomendo.
Foi entregue tudo certo, valeu. || . || Excelente || Muito boa || Excelente e rápido  || Ok, produto de qualidade recomendo. || Foi a segunda vez comprando o mesmo produto, sendo que na primeira o produto foi extraviado pelos correios e na segunda houve problemas com erro de informação no rastreio. || Fiz a compra em 07/12/17, ja passou o prazo de entrega, e aonde esta meu produto? Ficam pondo a culpa no correio, sendo que quem faz a minha entrega é uma pessoa conhecida, e ele me disse que não cheg","meses, segunda, produto, recomendo, de, sendo que, entrega, sendo",True,True,False,neutral,0.3910888135433197,,,,
8ed094bfe076c568f6bb10feada3f75d,"Muito bom a entrega e estava dentro do prazo. Alias foi entregue antes, sem nenhum defeito. || Superior as minhas expectativas  || tudo certo, produto dentro do padrao. || tudo certo, produto dentro do padrao. || Produto chegou antes do prazo, muito bonita. Atende minhas necessidades. || Produto chegou antes do prazo, muito bonita. Atende minhas necessidades. || Chegou muito antes do previsto,recomendo super || Ainda não recebi o produto. Sendo assim, não posso opinar sobre ele. Quanto a loja, deixa a desejar quanto aos prazos. || BOA TARDE, FALTA ENTREGAR UMA CADEIRA DO MEU PEDIDO, O QUE ACONTECEU? || BOA TARDE, FALTA ENTREGAR UMA CADEIRA DO MEU PEDIDO, O QUE ACONTECEU? || BOA TARDE, FALTA ENTREGAR UMA CADEIRA DO MEU PEDIDO, O QUE ACONTECEU? || Sistema péssimo para fazer perguntas... Nada de atualização sobre o produto que você comprou e não foi entregue na transportadora. || COMPREI 2 PRODUTOS E SÓ ME ENTREGARAM ATE AGORA NÃO TIVE RESPOSTA SOBRE O OUTRO PRODUTO! || COMPREI 2 PRODUTOS E SÓ ME ENTREGARAM ATE AGORA NÃO TIVE RESPOSTA SOBRE O OUTRO PRODUTO! || OK || OK || OK || OK || OK || OK","ok ok, uma cadeira, pedido que, ok, que aconteceu, sobre, cadeira, aconteceu",True,True,False,neutral,0.4766186773777008,,,,
8fa67e5cb309b9cd7b4438e15948bdb2,"Entrega no tempo previsto,tudo conforme combinado. || comprei liquido e veio comprimidos || Um dos produtos veio com o lacre violado, vazado, as embalagens muito toda suja. 

Não recomendo... || Um dos produtos veio com o lacre violado, vazado, as embalagens muito toda suja. 

Não recomendo... || Fora do prazo combinado.... Não compro mais nesta empresa, e nem indicarei para terceiros... || Fora do prazo combinado.... Não compro mais nesta empresa, e nem indicarei para terceiros... || Fora do prazo combinado.... Não compro mais nesta empresa, e nem indicarei para terceiros... || Recebi o produto errado,pedi gotas e veio comprimido || Recebi o produto no prazo combinado e de ótima 
qualidade recomendo a todos. || O produto chegou antes do prazo previsto, || Minha prima que indicou o produto, ela gostou, estou usando agora, vou vê se gosto || Minha prima que indicou o produto, ela gostou, estou usando agora, vou vê se gosto","prazo combinado, combinado, fora do, nesta, embalagens, fora, usando, gostou",True,True,False,neutral,0.4228147864341736,,,,
914c9e9af640dd56f48764a225b00f89,"prazo foi estendido,porém entregue no prazo divulgado na propaganda. Cadeira conforme foto, vem para montar, mais fácil e linda || liguei nesta data pra central pois desse pedido ainda nao recebi a cadeira de escritorio e acompanhando meus pedidos esta como entregue || Só acuso o recebimento de uma cadeira, sendo que eu comprei duas || Só acuso o recebimento de uma cadeira, sendo que eu comprei duas || Assento plástico veio fora de geometria e furos de alojamento dos parafusos fixação não coincidem com furos da estrutura metálica. || Assento plástico veio fora de geometria e furos de alojamento dos parafusos fixação não coincidem com furos da estrutura metálica. || Satisfeita || Comprei a cadeira com a previsão de entrega de 2 semanas, já fazem mas de 30 dias e nada da cadeira. Comprei a mesma cadeira em outro site para uma amiga, ela recebeu com 20 dias e eu a minha nada || Ja paguei as parcelas e ainda não recebi meu produto. Vou pro Procon! || Tive problema com algumas peças e estou aguardando reparo da loja! || Deu tudo certo , gostei e recomendo, produto bom e perfeito ","cadeira, de, uma cadeira, parafusos, recebimento, plástico, comprei duas, sendo que",True,True,False,neutral,0.46994638442993164,,,,
91b08d34d0ba4db44da2dc382867ba49,"Já recebi, só que o LG k10 esta demorando, estou na espera do mesmo... pois comprei antes da pelicula. Valeuuu || entrega feita antes da data prevista. || FOI ENTREGUE ANTES DO PRAZO || Parabens pela qualidade e o otimo atendimento || Otima || produto entregue no prazo e intacto. Obrigado mais uma vez || o película que recebi apesar de vir identificada a ""caneta"" como sendo para um CELULAR LG K10 - é inadequada para o modelo por ser pequena, não a instalei pois ficaria rídicula. || tudo ok || tudo ok || Otimo || Show de bola chegou antes do prazo e o aparelho e otimo || Produto chegou conforme o anunciado e antes do prazo, super recomendo || a entrega foi antes do prazo determinado e tudo estava bem embalado e perfeito estado || Muito bom, parabéns continuem assim!
 || Muito bom, parabéns continuem assim!
 || A película ficou bem menor que a tela do celular  || baratheon arrasou novamente, entrega produtos excelentes , de qualidade e dentro do prazo.","continuem, película, celular, otimo, do, antes, prazo, tudo ok",True,True,False,positive,0.5095933675765991,,,,
91c82ace62e0ca1b69b1a45bcc214b45,"Boa noite, 
Fui verificar o andamento do produto e visualizei no email que o produto havia sido entregue, sendo que não recebi nada.
Aguardo resposta.
O que está havendo afinal ? || Muito Bom! || Relógio muito bonito, chegou antes do prazo, bem embalado, bom custo benefício || Ótimo produto da marca Casio, mto fácil de manusear e configurar, chegou embalado tudo certinho, veio dentro do prazo, mas considero o prazo é extenso. || Muito rápido na entrega  || Recomendo sim essa loja, veio td corretamente até td que comprei aqui, pois a concorrente de vcs pisaram na bola e não compro mais nela... || nada contra || Sensacional  || Gostaria de ter falado com atendente para esclarecer uma duvida . só dava a secretaria eletrônica, enviei e-mail mas nada o objeto chegou e nem resposta tive.

  || Me surpreendi. Estava com medo de comprar por causa da má fama da lannister.com

Agora voltarei a comprar no site.  || Top essa loja","td, essa loja, nada, resposta, essa, embalado, por causa, verificar",True,True,True,neutral,0.425779789686203,,,,
921d31a1daa51460b7a95ea5f3ab64d5,"Continuem assim, com essa responsabilidade com o consumidor, tanto no produto, quanto no prazo de entrega. Primeira vez que compro e vou comprar muitas. Obrigado. || Produto top || Muito bom mesmo!!! || apesar da confusão com a entrega, produto foi entregue. Agradeço || ótimo atendimento e produto. || Top  || Fiz o pedido de duas unidades e me entregaram apenas uma  || Fiz o pedido de duas unidades e me entregaram apenas uma  || Apesar da compra ter sido efetuada no carnaval chegou super rápido! || otimo site || Demora muito pra chegar || ainda nao testei mais irei fazer o teste do produto,tenho boas recomendacoes sobre o tal. || otimo","de duas, entregaram apenas, apesar da, top, fiz pedido, duas unidades, pedido de, apenas uma",True,True,False,positive,0.5227074027061462,,,,
928e52a9ad53a294fdcc91bcf59d1751,"Gostei muito! Linda! 
Ainda não usei... não posso avaliar se mantem gelado legal.  || Exelente produto  || Comprei 3 unidades..
Somente foi entregue 1
 || Comprei 3 unidades..
Somente foi entregue 1
 || Comprei 3 unidades..
Somente foi entregue 1
 || Meu pedido chegou faltando um item. || Meu pedido chegou faltando um item. || Meu pedido chegou faltando um item. || Meu pedido chegou faltando um item. || Meu pedido chegou faltando um item. || A entrega veio dividida, sendo a primeira com nf do total, gerando dúvida, nos casos de dividir a entrega o ideal é avisar ao cliente || A entrega veio dividida, sendo a primeira com nf do total, gerando dúvida, nos casos de dividir a entrega o ideal é avisar ao cliente || PRODUTO DE QUALIDADE. || gostei recomendo || O correio só fez uma tentativa de entrega e o produto ficou somente 7 dias no correio, depois foi devolvido, o que está causando bastante stress.  || gostei muito recomendo... || Super recomendo || Produto frágil || Produto frágil || Já fiz várias compras com as lojas lannister, e nunca tive nenhum tipo de problema, meus produtos chegaram até 4 dias antes do prazo estipulado para a entrega.","faltando um, um item, pedido chegou, item, comprei unidades, faltando, meu pedido, somente",True,True,False,neutral,0.4985787868499756,,,,
93a12c289ca2b78e7069e469f5053ef2,"nnnn || Os cartuchos não funcionaram na minha impressora HP3050. || A impressora acusa como cartuchos falsificados, mas a impressão está normal.Não sei se realmente são originais. || Tudo de bom! || a falta de respeito e considderação para com os clientes, essa perceira da das lannister, sempre comprei com as lannister, mais ultimentente não recomendo.
 || Sempre compro nas lannister || Sempre compro nas lannister || Recebido conforme anunciado. Preço bem atrativo, produto original || 01 kit foi entregue. Falta o outro.
A tinta preta do kit não funciona. Gostaria de trocá-la. Obrigado. || 01 kit foi entregue. Falta o outro.
A tinta preta do kit não funciona. Gostaria de trocá-la. Obrigado. || Venda de cartuchos falsificados/usados (mensagem da minha impressora HP quando tentei instalar os cartuchos). Providências somente sob pressão. Enorme perda de tempo com todo o processo.  || O produto não chegou danificado mas a caixa já estava prejudicada. poderia ser melhor embalado. Como sei que isso depende do cuidado dos correios dei 5 estrelas. De resto tudo certo. Produto e prazo || Tudo bem! Obrigado! || Produto original, funciona, veio fora do prazo, mas só com um dia a mais além do prazo, não mais q isso. É ungido! || Abri a embalagem do cartucho colorido e instalei na minha impressora. Ela mostrou a presente de que o produto é falsificado ou foi usado. Solicitei a devolução. || o produto é incompativel com a impresso deskjet 2050, apesar da numeração do cartucho estar correto, é produto de origem duvidosa. || Boa tarde!
Apesar de marcar sim, achei estranho o envelope estar rasgado, parecendo violado.
Só vou ter certeza do produto quando usar. || Melhor preço e entrega antes de prazo. Mais uma para a minha lista de lojas confiáveis. Grata! || Demora demasiada na entrega || Tudo muito ruim, não tem ninguém com possamos fazer reclamação pela não entrega do do produto. Não tem ouvidoria, para reclamações. Não tem nenhum pessypara informar o por que da demora da entrega. ","impressora, cartuchos, kit, de, não, os cartuchos, funciona, não tem",True,True,True,negative,0.5203641653060913,,,,
93c902b021a9e594f658ab1b0351602a,"Muito bom recomendo || Produto atendido conforme divulgado.  || Tudo certo. Entrega ágil || Estou ha mais de 1 mes esperando meu produto, e se quer tem um número pra falar com um atendente das lannister!! Só gravação 
NUNCA MAIS || Ótimo.
Deram 19 dias úteis e me entregaram em 3 || Foi feita entrega parcial, falta dois suoortes tv e um leitor óptico.  || Foi feita entrega parcial, falta dois suoortes tv e um leitor óptico.  || Foi feita entrega parcial, falta dois suoortes tv e um leitor óptico.  || Foi feita entrega parcial, falta dois suoortes tv e um leitor óptico.  || Eficientes || Boa || Meu produto nao foi entregue || Bom produto || Recebi bem antes do prazo || Adorei o produto!! || Produto muito bom e entrega rápida! || Entrega no prazo e produto conforme especificações. || Entregue bem antes da data!!  || Foram pedidos 2(dois) suportes para duas TVs e somente veio 1(um).
Aguardo o segundo suporte.
 || Foram pedidos 2(dois) suportes para duas TVs e somente veio 1(um).
Aguardo o segundo suporte.
","tv, parcial, foi feita, dois, feita, falta, um, suporte",True,True,False,neutral,0.47075438499450684,,,,
94475071013412139f862c0bd7e3bb37,"que bom que tem empresa séria nesse brasil,
e temos que confiar que o brasil tem jeito sim!
é como empresas tipo lannister que nos orgulhamos de ser brasileiro. eu a recomendo. || rapido e eficas  || O produto não funciona. || Tem um bom aumento, mas ainda não é o que procuro pois, vc tem que ficar muito próximo, tem que quase encostar no objeto que observa. || muito bom || Gostei do produto era o que estava precisando. || Até o momento não recebi o produto ( Oculos Lupa Cabeça 8 Lentes 2 Leds Alto Brilho para Ourives. || Demorou um mês para a entrega. Não é normal este prazo.  || Recomendo e se precisar voltarei à comprar. || Recomendo e se precisar voltarei à comprar. || Produto chegou dentro do prazo estimado, mas essa lente não atendeu a nossa expectativa, ela foi desenvolvida p ourives. || perspectiva de nova compra || O produto não correspondeu ao desjado.
","tem, que, brasil, voltarei comprar, voltarei, tem que, não, não atendeu",True,True,False,neutral,0.428196519613266,,,,
952670bc019a73f0933157ec82ff6e4f,"ótimo vendedor || Muito satisfeita || Estou muito satisfeita com a lannister e com o meu produto.... meu tapete simples e bonito, obrigada! || Sim eu recebi o produto, porém não retirei da embalagem pois minha casa está em reforma e não quero sujar. :) || lindooo || O tapete é muito lindo e de ótima qualidade || Entrega antes do prazo. || Deveria colocar mais detalhes do produto no site... Eu comprei pensando que o tapete era daquele tradicional, não parecendo um cobertor... Não tinha foto da parte de trás do tapete no site...  || Eu não compro mais || Comprei duas cortinas e recebi apenas uma.
Era pra dar de presente,infelizmente não deu certo. || ótima loja || Lindo amei o tapete recomendo !!! || O tapete é bonito, a entrega foi dentro do prazo, mas não tem 4 cm de pelo. || Chegou antes do prazo || Ponto positivo foi a entrega. 
Muitíssimo rápido.
Ponto negativo da negociação, para mim seria o principal, comprei o tapete bege mesclado, ele veio um bege próximo de um amarelo. || O tapete é lindo ... recomendo!!! || Gostoso...macio || Nas fotos do produto não tinha mostrando a parte de trás do tapete.. Eu comprei pensando que era o tapete com as costas tradicional...  || Achei o tapete muito fino...não gostei  || Recebi, porém o tamanho veio menor e ainda tive que ir até os correios retirar pois não entregaram na minha casa, além disso a cor é bem mais escura do que consta no site.","tapete, não, pensando, lindo, não tinha, do, minha casa, no site",True,True,False,neutral,0.43780088424682617,,,,
9545d45c37449ccbc376de3a04c66e71,"O produto é otimo, mas a lannister deixa muito a desejar. O produto chegou dentro do prazo, mas era 16 dias de prazo, muito tempo de espera e tambem uns dos produtos veio ERRADO. || tudo certo || O produto chegou bem antes do prazo previsto e da maneira que pedi. || O produto chegou bem antes do prazo previsto e da maneira que pedi. || Demora do meus produtos já paguei parcela e nada de chegar  || Ainda não usei o produto, mas a entrega gastou 17 dias para chegar! Ja comprei na lannister e chegou super rápido esse achei que demorou! || Não recebi o produto || Produtos entregues no prazo , corretamente. Certamente comprarei mais vezes. || RECOMENDO || Os produtos chegaram dentro do prazo recomendado. Já usei e adorei.  || Muito bom o produto || No site o shampoo esta como 500ml e chegou um de 300ml... Isso e propagana enganosa || SUPER RECOMENDO || Recebi tudo certo em bom estado de uso  || Bom || 👍🏻👌🏻👏🏻","produtos, usei, produto, prazo, prazo previsto, pedi, chegar, chegou",True,True,False,neutral,0.4649839997291565,,,,
962a6951154f98f2c8e9a5b8b2bcf4a9,"entrega rapida || Produto mal feito, torto, com as soldas mal feitas. || É de se chatear, você compra a mercadoria, paga o frete e tem que se aventurar para retirar sua mercadoria. Você vai porque precisa do produto porque a vontade é de desistir da compra.  || Lindo minha cozinha e sala ficaram lindos  || Na descrição do produto dizia que a base do pendente também era na cor cobre. Mas os 5 que recebi a base é cor preta.  || Na descrição do produto dizia que a base do pendente também era na cor cobre. Mas os 5 que recebi a base é cor preta.  || Na descrição do produto dizia que a base do pendente também era na cor cobre. Mas os 5 que recebi a base é cor preta.  || Na descrição do produto dizia que a base do pendente também era na cor cobre. Mas os 5 que recebi a base é cor preta.  || Na descrição do produto dizia que a base do pendente também era na cor cobre. Mas os 5 que recebi a base é cor preta.  || Na descrição do produto dizia que a base do pendente também era na cor cobre. Mas os 5 que recebi a base é cor preta.  || Comprei dois lustres conforme o pedido e paguei o valor de dois, mas só recebi 1. Preciso receber o outro. || Comprei dois lustres conforme o pedido e paguei o valor de dois, mas só recebi 1. Preciso receber o outro. || tudo dentro da normalidade de venda, compra e entrega. || Lustre lindo, com preço ótimo! Super recomendo! Ainda nao instalei, mas acredito que esteja em perfeitas condições.  || Produto de boa qualidade, entregue antes do prazo. || Na descrição do produto a base do pendente era cobre e veio com a base preta.  || Na descrição do produto a base do pendente era cobre e veio com a base preta.  || Na descrição do produto a base do pendente era cobre e veio com a base preta.  || Na descrição do produto a base do pendente era cobre e veio com a base preta.  || Na descrição do produto a base do pendente era cobre e veio com a base preta. ","base, do pendente, base do, preta na, cobre, pendente, descrição do, na descrição",True,True,True,neutral,0.4521632194519043,,,,
97017430754804328eb9597b7f85da03,"A pelicula de protecao da tela veio quebrada ao meio || Uma entrega bem menos do que foi estipulado.Muito satisfeito,tanto com relação ao produto,quanto a entrega || Otimo produto, chegou antes do esperado. || SIM REFERENTE AOS CELULARES E A CAPA EM COURO ATENDEU MINHAS EXPECTATIVAS, MAS A PELÍCULA VEIO ERRADA MEU LG É O K10 PRO TELA 5,7MM, A PELÍCULA VEIO PRO K10 NOVO 5,3MM  || A entrega poderia ser mais rapida || recomendo || A entrega foi muito rápida || O pedido chegou no prazo, tudo conforme a descrição. Adorei!! || O produto nao corresponde ao modelo || veio tudo sertinho bem imbalado tudo ok || O produto veio com defeito enviei email e nao obtive resposta || Sempre comprei com o baratheon, e continuarei comprando. ||  Ótimo produto e o prazo de entrega foi cumprido, recomendo || gostei muito || Otimo || Ótimo || ÓTIMO PRODUTO....SUPER RECOMENDO . || Recebi o meu produto antes do prazo de entrga, otima lija! || Recebi o meu produto antes do prazo de entrga, otima lija! || Gostei da eficiência da entrega.","pro, tela, película, produto, prazo de, produto antes, veio, ao",True,True,False,neutral,0.46003618836402893,,,,
98a8c2fa16d7239c606640f5555768e4,"Pode ter ocorrido falha no sistema mas, até a presente data, meu produto não foi entregue; embora conste o contrário no sistema de rastreamento. || produto bom e entrega antes do prazo. || A entrega foi muito rápida. || Ótimo produto entrega super rápida || Comprei o produto anunciado e me entregaram outro. Aguardando correção por parte da loja. || Acredito que poderia ser melhor embalado, produto chegou com riscos, devido a falta de plastico bolha envolvendo a cuba. Optei por não devolver. Transporte e prazo ok. || No frete econômico o prazo poderia ser mais rápido e nos principalmente. || Prazo bom. Exatamente como ve vê na foto. || Ameiiii !!! excelente produto...excelente qualidade, entregue muito bom antes do prazo, obrigada || Estou tentando contato com o site e não consigo. || Estou tentando contato com o site e não consigo. || Pedi duas cubas so recebi uma estou aguardando resposta de como posso resolver isso no mais a entrega foi no prazo e a que recebi e de boa qualidade  || Cuba impressionante de bela, nas lojas aqui custam cerca de 220,00, vale muito a pena!!! || Produto chegou bem antes do prazo. Tudo certo. || Produto chegou bem antes do prazo. Tudo certo. ||  cuba chegou aqui toda quebrada, numa cx de papelao fininha sem proteçao Nao foi entregue por transport e sim pelo carteiro que nem sabia que era algo frágil, terrível. Nao comprem, baixa qualidade || Lindo o produto é de boa qualidade, e a entrega foi super rápida. || Lindo o produto é de boa qualidade, e a entrega foi super rápida. || Além de linda chegou com uma semana, bem antes do prazo estipulado para entrega.  || Perfeito ","cuba, entrega foi, de, produto, sistema, estou tentando, prazo, super rápida",True,True,False,negative,0.4465077519416809,,,,
98d61056e0568ba048e5d78038790e77,"Comprei dois pneus, paguei dois pneus, pedido efetuado e pago de dois pneus. Recebi em casa nota fiscal referente aos dois pneus, mas só um pneu dentro da embalagem.
Aguardo posicionamento à respeito || excelente || Excelente custo benefício! || Comprei dois pneus ( dianteiro e traseiro ) mas so recebi o traseiro. || Muito bom o preço e ótimo prazo de entrega. Parabens e Recomendo.
Já instalei na Moto. || Um ótimo produto gostei muito || Gostei e recomendo. || Produto não entregue no prazo e nenhuma satisfação nem do vendedor e nem só site, um absurdo pois já paguei a fatura do cartão e meu produto não chegou ainda, estou precisando do mesmo, insatisfeito. || Nota 10 || Bom preço e bom prazo || ótimo fornecedor, ótima aquisição. || Recebi mercadoria dentro do prazo combinado, atendentes muuito atenciosos. || Prefiro nem comentários  || Entrega antes do prazo limite e em conformidade. || Chegou antes do previsto,parabens pelos responsáveis pela logística da entrega. || Tudo conforme combinado!! Exelente negócio!! recomendo!!! || Até agora sem novidade, chegou bem antes do prazo de entrega até. ","pneus, dois, bom preço, parabens, nem, do, comprei dois, combinado",True,True,True,neutral,0.48110827803611755,,,,
99a4788cb24856965c36a24e339b6058,"Gostei muito do jogo de banho.A estampa florida, o bordado, tudo muito bonito. Ótimo produto. || Muito bom || ainda não recebi o produto || Não recebi o jogo na cor tabaco. Só o vermelho.  || Esperava mais, as toalhas poderiam ser mais grossas. || NÃO RECEBI O PRODUTO, O PRODUTO CONSTA COMO ENVIADO PARA O CORREIO DE RIBEIRÃO PRETO. O CORREIO NÃO RECEBEU O PRODUTO. ENVIE VARIAS MENSAGEM PARA A targaryen E NÃO OBTIVE. ESTA targaryen ESTA SUJANDO SEU NOME || Chegou dentro do prazo. Muito bonito. Valeu. || recomendo a loa pois cumpriu o prazo certinho mas o produto é muito ruim...pessima qualidade. || Sou cliente baratheon, adorooooooo, e realmente recomendo || Mercadoria chegou antes do prazo,não tive o menor problema cliente satisfeita  || Joia || Sempre compro com baratheon e sempre vem na datas certa. || eu super recomendo gostei muito este produto e igual a o que visualizei na internet, amei, recomendo, e a propaganda e verdadeira alem da qualidade.. || recomendo || Já sou cliente a um bom tempo e entendo o atraso mais esse deveria ser o diferencial os produtos já sabemos da qualidade exelente... || realizei a compra e no site tinha uma data para entrega só que essa data não foi cumprida  || EXCELENTE || adoro fazer comprar pelo sai-te  || adoro fazer comprar pelo sai-te  || Super macia, adorei recomendo sim ","te, da qualidade, cliente, sou cliente, jogo, adoro, sou, recomendo",True,True,False,neutral,0.4074845314025879,,,,
9ad75bd7267e5c724cb42c71ac56ca72,"simplesmente entregaram nos correios para eu ir retirar e nem me informaram disso. resultado? o produto foi devolvido para a loja. CANCELEI! || Pontualidade || É a primeira vez que um entrega do baratheon não é entregue dentro do prazo.Não sei se foi a transportadora que atrasou e também não importa, comprei do baratheon e a empresa que é responsável. || Sem surpresas, tudo foi entregue dentro do prazo e como encomendado. Faltou um ítem que faltou no estoque mas esta dentro do prazo. ||  Neste pedido veio faltando o jogo de lençóis conforme email enviado em 13.12.2017 || período muito longo para a entrega. || recebi uma parte do produto a outra não liguei para o distribuidor e ele disse que iriaa em duaas vezes só que até agora não recebi || otimo || Estou muito chateado com a minha última compra no site,hoje já é dia 26 e ainda não recebi meu produto. || Estou muito chateado com a minha última compra no site,hoje já é dia 26 e ainda não recebi meu produto. || Os produtos vendidos e entregues diretamente pelo baratheon são sempre entregues antes do prazo estimado.
Este pedido está sendo uma exceção. || Fiz a compra de 2 conjuntos de cama, somente o vendido pela Shop Time chegou. || o pedido eram dois jogos de casais e só veio um dentro do pacote.
Além de nao entregar no prazo ainda entrega o pedido pela metade.
Peço providencias urgentes.  || Gostaria de aber o que houve com a entrega do kit do jogo de lençol, pois ainda não recebi, foi entregue apenas o kit cobre leito. Desta forma, gostaria de saber o que aconteceu com o jogo de lençol? || A entrega de produtos de parceiros deveria ser baratheon . Correios é complicado, detona um nome bem construído. || Produto não chegou || Ja tive problema com uma maquina Nespresso que comprei e depois me disseram que o parceiro de vcs nao tinha. Agora com o conjunto de lencol no qual nao recebi. E ainda tem muitos produtos que comprei  || produto de média qualidade  || Comprei dois lençóis e só recebi um!  || Bom Dia até o momento o jogo de lençol casal nao chegou na minha residencia. No site está como produto entregue mas ate o momento nada. Todos os produtos que comprei pela baratheon já chegaram","jogo de, jogo, baratheon, de, lençol, que, do, compra no",True,True,False,negative,0.4571070969104767,,,,
9b9d1c4bd979b93c138044e032f99780,"Produto chegou dentro do prazo. Atende pelo custo benefício, porém a bolsa não é forrada e a alça é de plástico. Estou satisfeita. || As bolsas são lindas por fora, a cor é bem próxima da foto, mas por dentro não tem o forro da descrição e o acabamento deixou um pouco a desejar, no mais a entrega foi super rápida  || Veio mais linda que na foto e chegou 10 dias antes do prazo
Amei, super indico 👏👏👏 || Rapidez é a alma do negocio || Entrega bem antes do esperado 
Gostei! || adorei muito linda e pratica . recomendo!!
 || Amei a bolsa. Recebi no prazo combinado || Só recebi abolça o kit berco não  || O compra veio pela metade não recebi meu cobertor microfribra de berço rosa. 
A bolça vermelha veio.  || Só pediria que na foto parecesse que na alça tem plástico para segurar. Pois confesso que não gostei dessa parte.  || Bom dia, sempre comprei pela loja online e é nunca tive problema,mas até hoje não entregaram minha última compra || excelente





 || Bolsas lindas eu amei e a entrega em dia.Eu recomendo para quem não quer bolsas muito grande.","que na, bolsas, lindas, foto, bolsa, plástico, amei, não",True,True,True,neutral,0.43864724040031433,,,,
9bb8ca338e5588c361e34eae02e8fad6,"Dos dois produtos comprados, foi entregue apenas um! || Produto original, entrega rápida e bom preço!!! || ADOREI COMPRAR AI, COMPREI 3 PRODUTOS, UM CHEGOU, AGORA ESPERANDO OS OUTROS. || Pessima entrega demora um século pra entregar  || Um década pra entregar o produto. Horrível a entrega. || Meus produtos nao vieram completos comprei 3 produtos e vieram somente um e estou aguardando uma resposta do stark sobre o ocorrido quero saber se vao devolver meu dinheiro ou mandar os produtos  || Recebi apenas o shampoo, está faltando o condicionador. Gostaria de saber o que aconteceu || O produto chegou correto e antes do prazo !  || aguardo providencias || aguardo providencias || Meu produto foi entregue incompleto. eu comprei dois shampoos e só recebi um. || Meu produto foi entregue incompleto. eu comprei dois shampoos e só recebi um. || Amei!!! || o produto veio correto dentro do prazo tudo ok || Estou esperando a mercadoria, que saiu dia 27/02 do RJ e até momento não chegou. Ao rastrear identifico que a mercadoria esta em transporte faz 26 dias e não chegou ao local indicado no rastreamento.","pra entregar, produtos, um, comprei produtos, incompleto, dois, vieram, esperando",True,True,True,neutral,0.4661213159561157,,,,
9d32095f76b97762307e86cfc18dd7a0,"gostei muito  || produtos de qualidade || O produto não chegou! || Estou satisfeita || comprei dois itens (um jogo de lençol e m matizador) - chegou apenas o jogo de lençol. Não recebi retorno sobre o acontecido. || A entrega foi rápida e o produto veio da forma correta.  || Comprei e não recebi a encomenda. E o pior não estou sendo informada do porquê de não ter recebido o 
produto ainda. Péssimo atendimento. Não comprarei jamais. 

 || Comprei e não recebi a encomenda. E o pior não estou sendo informada do porquê de não ter recebido o 
produto ainda. Péssimo atendimento. Não comprarei jamais. 

 || Bom  || Só não dou 5 estrelas porque ainda não recebi o outro produto q comprei. || éu achei hotimo 
","não, informada, lençol, jogo de, pior, ter recebido, de não, não estou",True,True,False,negative,0.7919394969940186,,,,
9d8a0e115e802d845b4ce1eb794d1260,"Produto entregue antes do prazo! DHEA correspondente ao anúncio. Recomendo! || Produto bom, loja confiavel. || O produto chegou muito rápido pois comprei no domingo e chegou na quarta feira e veio tudo direitinho || Muito boa a atenção do vendedor. || Entrega no prazo. || Produto não entregue, muda constatemente a data da entrega,  || Mandam email informando problemas na entrega e solicitando cancelar ou não o pedido; ao tentar cancelar informam que o produto foi entrgue dia 12, não foi; entregam dia 18/05/2017 || Entrega rápida, o produto chegou corretamente e bem embalado.  || Comprei duas vezes nesse site e sempre me entrgaram antes do previsto
com certeza recomendo || Bom venderdor foi tudo entregue com forme o que eu esperava. || Efetuei uma compra de dois produtos iguais e veio a penas um e até presente data nada foi resolvido || Efetuei uma compra de dois produtos iguais e veio a penas um e até presente data nada foi resolvido || O produto ainda não chegou pra mim esta sendo ruim. || Comprei 2 produtos, só chegou 1. Eu acho que deveria dar como entregue quando chegar os dois. Certo. O suplemento Dhea 50ml chegou, mais a creatina Black skull 300g ainda não chegou. || BOM DIA, NAO RECEBI O DHEA, SOMENTE O RECYCLE, QUAL PROCEDIMENTO PRECISO FAZER? PRECISO RESOLVER ISSO
OBRIGADO || ainda nem recebi o produto, que esta com entrega atrasada. || boa","resolvido, iguais, efetuei, de dois, até presente, uma compra, chegou, cancelar",True,True,False,neutral,0.47661057114601135,,,,
9da950e8c8c482441f1b93955b21c827,"Produto igual a foto super recomendo a entrega achei q iria demorar pela situação atual da falta de gasolina mas me surpreendeu foi rápido todos estão de parabéns as lojas lannister e o fabricante || Recebi o produto muito antes do prazo. Embalado com cuidado. Agora só falta testar. || Excelente!!! || Ainda não recebi  || Até o momento não recebi o produto então não tenho nada a opinar. || Obrigado pelo produto minha mãe gostou MT  || Produto bom já usei e no momento superou as expectativas. || chegou antes do prazo || Até agora não recebi o produto  || Ainda não testei o produto mas o estado do produto está em perfeita condição e não há danos devido o transporte. || Como posso recomendar para alguém se o produto ainda não chegou? || gostei muito sempre vou comprar nesta loja || so posso agradecer pela a entrega vou comprar mais produtos
 || Nota 10","vou comprar, produto, não, posso, produto ainda, falta, ainda não, vou",True,True,False,neutral,0.4253835678100586,,,,
9ecadb84c81da840dbf3564378b586e9,"Comprei dois lustres pendentes, com a parceira targaryen e só me enviaram um lustre. Abri reclamação, mas ainda não recebi resposta. Aguardo solução por parte de Lojas lannister. || Comprei dois lustres pendentes, com a parceira targaryen e só me enviaram um lustre. Abri reclamação, mas ainda não recebi resposta. Aguardo solução por parte de Lojas lannister. || Entrega super rápida. Produto de ótima qualidade. Recomendo. || excelente || Recebi os produtos, são iguais conforme a descrição, mas a cor dos pendentes veio errada... || Recebi os produtos, são iguais conforme a descrição, mas a cor dos pendentes veio errada... || Recebi os produtos, são iguais conforme a descrição, mas a cor dos pendentes veio errada... || Nao recebi o produto || Nao recebi o produto || Bom produto com um bom preço, mas demorou pra postar a mercadoria nos correios (+10 dias), vencendo assim o prazo de entregra, que era para o dia 21/12. Deve levar mais mais 7 dias pra chegar ainda... || Comprei 3 pendentes, 1 veio amassado. Reclamei e até agora não entraram em contato para me informar como vai fazer para me reembolsar. || Comprei 3 pendentes, 1 veio amassado. Reclamei e até agora não entraram em contato para me informar como vai fazer para me reembolsar. || Comprei 3 pendentes, 1 veio amassado. Reclamei e até agora não entraram em contato para me informar como vai fazer para me reembolsar. || Produto muito bom mais o prazo nao.foi cumprido  || a entrega foi demorada, mas o produto é bom. || Recebi antes do prqzo || Recebi antes do prqzo || Amei || Produto lindo, superou as minhas expectativas, tamanho maravilhoso!  || Produto lindo, superou as minhas expectativas, tamanho maravilhoso! ","pendentes, me, contato para, conforme descrição, reclamei, iguais, informar, recebi os",True,True,True,neutral,0.4340173006057739,,,,
9f1c3e71d56894398a42b050b07f1baa,"foda || Por favor preciso que resolva meu problema pq gosto muito dessa loja mais meu pedido veio errado || Por favor preciso que resolva meu problema pq gosto muito dessa loja mais meu pedido veio errado || o áudio dele não é bom, é muito baixo (além de o som parecer estar meio ""tampado""). Você coloca no volume máximo e quase não se escuta direito. Fora a qualidade que fica devendo e muito. || o áudio dele não é bom, é muito baixo (além de o som parecer estar meio ""tampado""). Você coloca no volume máximo e quase não se escuta direito. Fora a qualidade que fica devendo e muito. || Os fones vieram jogados e as caixinhas em cada embalagem individual, nao gostei do produto ,achei de baixa qualidade. || Os fones vieram jogados e as caixinhas em cada embalagem individual, nao gostei do produto ,achei de baixa qualidade. || Os fones vieram jogados e as caixinhas em cada embalagem individual, nao gostei do produto ,achei de baixa qualidade. || Não recomendo esse produto. Ele é simplesmente péssimo ou veio com defeito. É muito frágil e o som é muito baixo. Não gostei. || Não recomendo esse produto. Ele é simplesmente péssimo ou veio com defeito. É muito frágil e o som é muito baixo. Não gostei. || Entregaram antes do prazo recomendo pela agilidade, mas produto não, celular Samsung A5 2016 não aceitou o fone, voz abafada e baixa. || Os dois fones vieram com defeito. Um dos lados não funciona. || Os dois fones vieram com defeito. Um dos lados não funciona. || produto atendeu as expectativas. Recomendo.  || Produto está em conformidade com o esperado e dentro da qualidade","som, baixo, vieram, em cada, baixa, baixa qualidade, com defeito, não",True,True,False,neutral,0.4623592495918274,,,,
a02d0123079f4ae96001ba2010d1a2df,"Gostei muito do produto, tamanho, qualidade,porem a cor interna da luminária não foi conforme descrito, não gostei da cor. || Gostei do serviço e prazo de entrega  || UM DOS PRODUTOS (ENTREGA02) COMPRADOS NESTE PEDIDO NAO RECEBI AINDA E OUTRO (ENTREGA01) RECEBI EMAIL QUE ESTA COM DIFICULDADES NA ENTREGA E NÃO TIVE MAIS NOTICIAS  || Produto dentro das especificações. || Desde o dia 15 de agosto eu solicitei o cancelamento da compra em questão e até a presente data não obtive retorno.  || Recebi o produto na data marcada em perfeita condições. || CHEGOU TUDO OK PRODUTO DE BOA QUALIDADE. || Produto lindo,adorei!! || O produto de boa qualidade, entrega antes do prazo final, mas a pintura interna veio diferente da imagem do produto no site. || produto de qualidade e entrega dentro do prazo || Mais rápido que o previsto. Bem embalado. otima qualidade. || Tudo Ok.
 || Meus pendentes vieram amassados || Recebi o produto dia 01/12/2017, 6ª feira, porém, ao abrir verifiquei que uma das peças estava bem amassada e a outra possuía o acabamento bem ruim na extremidade, não sendo possível sua utilização.  || Comprei lustres que estão ilustrados na foto, preto e dourado,não foi o que recebi, recebi preto e bege. LAMENTÁVEL!! isso e enganar o consumidor. || Produto Bom,porém por falha minha não confirmei as medidas necessárias ;O tamanho menor seria melhor para as minhas necessidades (iluminação da bancada da pia) || Produto com a cor incorreta, entrei em contato com a loja que me disse que produto será trocado. Estou aguardando selo de postagem. || Fiquei muito satisfeita com o produto,fiz um pedido especial para entrega ,e eles acolheram este pedido,que pra mim fez toda a diferença.Muito feliz obrigada nota 10. || Adorei os pendentes veio do jeitinho q.pensei mesmo.Super indico , é fantástico !","produto, cor, pendentes, que, da, preto, qualidade, qualidade entrega",True,True,False,neutral,0.48129168152809143,,,,
a04087ab6a96ffa041f8a2701a72b616,"Impossível avaliar sem o produto em mãos  || Comprei 02 computadores, e um deles veio com defeito.
Mesmo abrindo 02 reclamações, nem a baratheon e nem a targaryen sequer responderam as minhas reclamações || Comprei 02 computadores, e um deles veio com defeito.
Mesmo abrindo 02 reclamações, nem a baratheon e nem a targaryen sequer responderam as minhas reclamações || Era oque eu esperava  || O produto por hora está funcionando bem, a estrega chegou antes do esperado. Parabéns! || Vcs são bons pra. Vender mas não dão suporte nenhum || bom || adorei, para minhas necessidades foi ecxelente!  || recomendo! || Excelente produto recomendo || Excelente produto recomendo","reclamações, 02, nem, comprei 02, minhas, as minhas, produto recomendo, targaryen",True,True,False,neutral,0.37046611309051514,,,,
a0b7d5a992ccda646f2d34e418fff5a0,"Não gostei da qualidade do enchimento das almofadas || A estampa é muito bonita, mas o enchimento é muito ruim . || Adorei || Aprovadissima a compra! Foi entregue antes do prazo estipulado. Super recomendado.  || Comprei a capa de sofá que já foi entregue ( que por sinal é muito bom ) porém ainda não recebi as almofadas . || AINDA NÃO RECEBI O JOGO DE LENÇOL, JÁ FIZ RECLAMAÇÃO E A EMPRESA NÃO ENTRA EM CONTATO || Olá!
Minha queixa é a não entrega na residência. Tive que buscar no correio. Tenho um produto que foi devolvido, e ainda nem sei o que fazer. Talvez um telefonema ajudasse.  || desde pedido não vieram as almofadas ainda || Muito bom || Produto chegou tudo ok, produto excelente  || Amei muito lindas e ótimo material , chegou muito antes do prazo 😍 || Recebi antes do prazo chegou corretamente || Holá!
Não recebi o produto é nem um telefonema referente ao que comprei. || amei.....perfeito || Nas tem zíper pra tirar lavar....chegaram bem sujas ,caixa rasgada...
","não, muito, que, ainda, nem, que fazer, não recebi, ainda muito",True,True,False,neutral,0.4433899521827698,,,,
a12c9204f6f9e90ad1d8ba5571fbfed2,"Ótimo produto e entrega muito rápida. || Otimo cabo tudo certo. || Muito rápido a entrega antes da data prevista. || ok || Produto bom! E a entrega como sempre dentro do prazo! || infelizmente não tem como avaliar,porque não recebi ainda o meu pedido.Enviaram pelo correio e não foi entregue! Está parado nos correios,era para ser entregue até o dia 07/03/2018,mas não entregaram  || Ele é como descrito, boa funcionalidade. Porém tem um cheiro estranho nos primeiros dias  || Só recebi o cabo de rede. O cabo extensor usb ainda não recebi e está previsto só para o dia 23.03.2018, não achei correto. || Muito bom || Produto entregue antes do prazo,recomendo. || Produto de alta qualidade entregue MUITO antes do prazo, grato! || Produto de alta qualidade entregue MUITO antes do prazo, grato!","cabo, 03 2018, alta, qualidade entregue, entregue muito, 2018, 03, entregue",True,True,False,negative,0.5440397262573242,,,,
a19b6951c75da43aad691622dd2f6abe,"Recebi metade do material. || Recebi metade do material. || comprei tres produtos e so chegou dois na minha casa  || comprei tres produtos e so chegou dois na minha casa  || comprei tres produtos e so chegou dois na minha casa  || Conforme descrito  || Conforme descrito  || Conforme descrito  || Comprei 3 luminárias, e recebi apenas 1!
Tive um problema com a compra de um microondas há menos de 3 meses no site lannister, e agora isso com a luminária, agora me pergunto quanto um cliente vale? || Comprei 3 luminárias, e recebi apenas 1!
Tive um problema com a compra de um microondas há menos de 3 meses no site lannister, e agora isso com a luminária, agora me pergunto quanto um cliente vale? || Comprei 3 luminárias, e recebi apenas 1!
Tive um problema com a compra de um microondas há menos de 3 meses no site lannister, e agora isso com a luminária, agora me pergunto quanto um cliente vale? || Fiquei super contente , chegou antes do prazo !!!! || Fiquei super contente , chegou antes do prazo !!!! || Fiquei super contente , chegou antes do prazo !!!! || Produto mais claro do que aparenta, o vermelho é claro, quase laranja || Produto mais claro do que aparenta, o vermelho é claro, quase laranja || Luminárias de excelente qualidade e entrega super rápida  || Luminárias de excelente qualidade e entrega super rápida  || Luminárias de excelente qualidade e entrega super rápida  || O meu pedido veio bem antes do prazo ","luminárias, claro, comprei luminárias, tive um, meses, um problema, contente, luminária",True,True,False,neutral,0.49815863370895386,,,,
a298a105818dce6878b787e4af6cff7d,"Excelente. Recomendo. || atendeu expectativa  || O produto era pra ser entregue dia 24 e hoje é 26 e nenhum parecer... péssimo  || Gostei do produto || Satisfeita com produto e entrega no prazo || Chegou bem rápido  || Entregou antes do prazo muito bom.  || Termômetro fácil de usar e preciso, apenas a bateria que é bem diferente e a reposição deve ser difícil. || Produto muito bom recomendo! || ainda não recebi o produto e nem a devolução do dinheiro || .","produto, do dinheiro, excelente recomendo, 26, produto nem, produto era, 24, ser",True,True,False,positive,0.44395196437835693,,,,
a35a9f46dcee0a67c8c7ad8493eb4135,"Otimo site, bons preços. || Apesar de terem emitido Nfe com dados incorretos, corrigiram e o produto foi entregue, mas fora do prazo. Mesmo assim recomendo!!! || O case para HD, chegou corretamente, mas a capa para notebook não foi entregue, só havia 1 encomenda no pacote. || Tudo certo, no prazo e o produto muito bom tb. || normal || produto bom || Boa || O pedido chegou super rápido, é de ótima qualidade! Fiquei um pouco apreensiva antes da entrega, já que tive problemas com outras lojas parceiras da stark.  || Olá 
Boa Noite
Até o momento nao foi entregue o meu pedido de capa para notebook que estava previsto para ser entregue entre as datas 28/06 e 29/06
Gostaria que verificassem o que aconteceu?
 || Só deveria cumprir com o que está no anuncio...
Veio uma cor bem diferente do anuncio...  || produto igual ao descrito no site - fiquei satisfeita || O produto não tem lá uma qualidade incrível, mas mesmo assim esta bom.  || Não serve em notes de 15.6/pol.
 || Amei o produto. || Produto Demorou um pouco para ser postado, mas, é de salientar que o produto foi entregue dentro do prazo estipulado pela loja. || legal || Chegou o mais rápido que esperava e o produto de qualidade. Achei muito fofo a mensagem para o entregador. Parabens ","notebook, mesmo assim, produto, para, 06, para ser, anuncio, foi entregue",True,True,True,neutral,0.44099050760269165,,,,
a39cc58c1b5926b6f9f378daa89f1315,"Muito bom pois o produto chegou antes do prazo. || Eu recebi somente os quadros, até o momento. Faltam os lustres, mas ainda está dentro do prazo de entrega. || Só veio um dos pendentes , preciso dos outros, conforme a nota  || O produto é lindo e chegou no prazo  || Entregue no prazo! || Só recebi um item || Comprei kit do lustre de diamante veio danificado e amassado , deveriam pensar mais nos clientes em vez de vender produto Danificado  || A entrega foi super rápida e o pendente é lindo! Igual a foto mesmo!  || Produto entregue conforme o descrito e no prazo previsto!! Muito bom!!! || Eu nao recebi ainda || por enquanto, não recebi minha encomenda apesar de estar indicado no rastreio que ja foi entregue. || Que lindo meus lustres...Eu recomendo || Rapidez na entrega , produto exatamente como especificado.","lustres, danificado, lindo, quadros, prazo, no prazo, lustre, produto",True,True,False,neutral,0.4816664755344391,,,,
a4aa7c1427c31344e5f7cc3d839fe562,"O produto cumpre o que promete, mas achei a qualidade inferior a outra capa que comprei em outra loja. As alças para prender no encosto do banco poderiam ser mais resistentes. || Produto correto e entrega super rápida. || Produto chegou antes do previsto, mesmo com a greve, ótima qualidade, e fácil de aplicar. Recomendo. || recebi uma parte da compra,isto é, comprei 2 produtos e so recebi 1,porem a nota fiscal veio discriminando 2 produtos || Comprei uma capa pet para carro e uma guia dupla, recebi apenas a guia dupla!! Estou idignada e chateada!! Que falta de atenção é essa... ja fiz protocolos de reclamação e ninguem me retorna nada. || Melhor loja para se comprar. Produtos em perfeitas condições e chega antes do prazo. || Chegou dentro do prazo e intacto, pelos Correios não teve erro. || Não recebi. || Não recebi o produto ainda!!!  || Muito bom || Demorou muito a entrega e ainda não coloquei no carro  || Compra realizada 40 dias atrás e produto não recebido até hoje.","carro, capa, outra, produtos, recebi, isto, ainda muito, não",True,True,False,negative,0.4355734884738922,,,,
a50acd33ba7a8da8e9db65094fa990a4,"Cumpriu o combinado  || Atendeu minhas expectativas, bom || Muito rápido || Comprei Três pneus para bros; um aro 17 e 2 aro 19 mas até agora só chegaram um aro 17 e um aro 19. Já enviei um e-mail para a loja e estou esperando uma resposta sobre o ocorrido. || Comprei Três pneus para bros; um aro 17 e 2 aro 19 mas até agora só chegaram um aro 17 e um aro 19. Já enviei um e-mail para a loja e estou esperando uma resposta sobre o ocorrido. || Produto ainda não entregue || Tudo transcorreu bem e superou minhas expectativas! || Tudo certo conforme combinado, produto bom recomendo a todos houve uma demora na entrega por motivo dos correios em greve.. || Entrega antes do praso previsto, recomendo muito bom. || Falta de compromisso com o cliente || Até Hoje não encontrei um site tão responsável que cumpre as normas antes mesmo do esperado . || entrega rápida, ótimo produto, recomendo. || Entrega super rápida, produto é bom totalmente satisfeito...recomendo.... || Produto ainda não entregue || Ótimo || Bom || Adorei chegou na data certa! Vou continuar comprando  || Ótimo produto  || Me entregaram o pedido antes do prazo, quando menos esperava ele chega. || nice","aro, 19, 17, um, pneus, já enviei, comprei três, agora só",True,True,False,neutral,0.4567578434944153,,,,
a5341e3f8155dbb3e62323d3ea289729,"Muito bom. Entrega antecipada faz a diferença; || Confiança nesse site || entrega antes d prazo || Recebi apenas uma luminária, quando comprei três. E não recebi a churrasqueira. No momento, não recomendaria a loja. Espero que haja uma solução, então avaliarei novamente. || Recebi o produto como combinado! Produto ja esta em uso .  || Produto melhor do que eu esperava. Chegou antes do prazo, cabe em qualquer lugar, não toma espaço nenhum. Amamos || PRUDUTO BEM PLANEJADO E BEM FEITO, REALMENTE PORTATIL. APARENTA SER SÓLIDO || Entrega super rápida, antes do anunciado!!! || Chato e pagar o frete || PRODUTO CHEGOU CORRETAMENTE, ANTES DO PRAZO || Produto de ótima qualidade, indico. || Total sinceridade com o cliente, entrega muito rápida totalmente satisfeita com produto  || Perfeito! || Bom produto e entrega!
 || O produdo chegou muito bem embalado e protegido e de ótima qualidade e chegou bem rápido. || Muito bom recomendo a todos ! || As lojas lannister até agora foram perfeitas || Recomendo  || Adorei o produto ótimo e recomendo. || Super prática,fácil de limpar e ocupa pouco espaço, recomendo a todos.","produto, recomendo todos, de ótima, bem, ótima qualidade, pagar frete, todos, entrega",True,True,False,neutral,0.4324774742126465,,,,
a59fb60fddcc72a9878b7ed5cb69d8e4,"Produto não é o mesmo mostrado, o fone não é auricular e tem cerca de 30cm, a embalagem veio danificada, rachada e faltando pedaço, o vendedor não retorna o pedido de devolução e ressarcimento. || Recebi o produto e fui testar porém não funcionou, entrei em contato com a empresa e informaram que vão reenviar um novo. No aguardo || muito bom || Esse mp3 é um produto chines da pior qualidade que existe áudio péssimo, bateria dura apenas 50min mesmo trocando fone pra um da JBL o áudio ainda é horrível não recomendo ninguém a compra. || o produto veio com a caixa do mp3 quebrada e sem a parte da caixa que estava quebrada , e com um grande defeito na bateria.
 || Produtos e bom ,porém ainda não consegui acessar ele via pc. || O produto e até bom só não gostei do fone na foto e um e vem um fone de ouvido muito ruim tinha quer um pouco melhor pelo preço sem contar que o fone machuca o olheira  || CONTENTE COM AENTREGA || produto dentro das especificações chegou dentro do prazo pelo preço uma otima aquisição!!! || Muito boa || Não gostei do produto, solicitei a devolução pelo site da lannister, informaram que em 48 horas iriam dar o retorno e até o momento ninguém se manifestou. Quero devolver o produto. || Veio com defeito. Não reconhece em nenhum computador e não funciona. || Chegou bem antes do prazo e em perfeito estado. || MP3 Player muito bom || Produto veio quebrado como fazer a troca ???? || Recebi o MP3 sem o fone de ouvido.","fone, mp3, não, informaram, quebrada, um, produto, bateria",True,True,True,negative,0.5222276449203491,,,,
a5f6ba3fe91a2e73f10b612131cb2404,"Alem do prazo de entrega bem extenso a mercadoria ainda encontra-se retida, sem atualização, completando hoje exatamente 30 dias que comprei a mercadoria. || Recebi o produto mas não consegui usar não liga  || Houve 3 tentativas de entrega mas eu não me encontrava no momento para receber. Aguardo orientação de como proceder para receber o produto ou cancelar a compra || O produto não funciona conforme o esperado. como áudio entre outros. || Recomendo chegou até bem rápido  || Efetuei a compra de dois fones desse modelo mesmo, porém só veio um e o que veio está com defeito. Desejo a devolução e me declaro completamente insatisfeita.  || Efetuei a compra de dois fones desse modelo mesmo, porém só veio um e o que veio está com defeito. Desejo a devolução e me declaro completamente insatisfeita.  || Não foi entregue o meu pedido  || bom produto  || quando comprei, não me atentei que era uma fone apenas, pensei que fosse um par...veio apenas um lado do fone, mas tudo blz.  || falta o segundo produto || produto defeituoso || SUPER RÁPIDO NA ENTREGA. || Comprei um produto como original da Samsung e ao receber, imediatamente pela caixa percebi que se tratava de um produto não original. A qualidade é ruim, alcance fraco, som baixo, ""falas"" em Chinês.","fone, efetuei compra, porém só, efetuei, insatisfeita, de dois, desse, receber",True,True,False,neutral,0.44803330302238464,,,,
a62e25e09e05e6faf31d90c6ec1aa3d1,"So recebemos um relogio pelo correio

att
 || So recebemos um relogio pelo correio

att
 || Recomendo para todos, não tive problema nenhum, mercadoria e prazo ótimos. || Continue assim.o que tiver no site mantenha sempre || nao recebi o relogio de parede || Sem problemas na execução do pedido, satisfação.  || Os relógios eram para serem iguais, vieram de marca e tamanhos diferentes || Os relógios eram para serem iguais, vieram de marca e tamanhos diferentes || OTIMO PRODUTO TUDO DENTRO DO ESPERADO || Amei o produto, chegou bem antes do prazo de entrega. || Compro e recomendo || produto chegou no prazo || Previsão para a entrega do produto até o dia 19/02. Hoje dia 21/02 ainda não recebi. || Bem organizado... Recomento... || Chegou muito rapido, excelente produto || Chegou muito rapido, excelente produto || Chegou muito rapido, excelente produto || bom || Por enquanto o produto adquirido está funcionando muito bem. Recomendo essa loja. || Gostei muito do relógio. Era isso mesmo que eu queria. Somente o manual deixa um pouco a desejar.","muito rapido, relogio, rapido, chegou muito, recebemos, iguais, excelente produto, eram",True,True,False,neutral,0.46310684084892273,,,,
a659cb33082b851fb87a33af8f0fff29,"Foi comprado 02 bico injetor e só chegou 01, ainda está faltando entregar mais um 01 bico da compra realizada || Foi comprado 02 bico injetor e só chegou 01, ainda está faltando entregar mais um 01 bico da compra realizada || Chegou correto. Vou instalar para testar agora! || Chegou correto. Vou instalar para testar agora! || Chegou correto. Vou instalar para testar agora! || Chegou correto. Vou instalar para testar agora! || Bom dia! recebi o pedido pela metade, só me entregaram um bico injetor!
Paguei por 2 unidades e só recebi até agora 1 unidade! Fico no aguardo!
 || Bom dia! recebi o pedido pela metade, só me entregaram um bico injetor!
Paguei por 2 unidades e só recebi até agora 1 unidade! Fico no aguardo!
 || Muito bom || Muito bom || Muito bom || Muito bom","instalar, testar, 01, agora, bom muito, correto, vou, fico no",True,True,False,neutral,0.4959595799446106,,,,
a6ad77b15e566298a4e8ee2011ab1255,"Adorei e lindo 
Recebi ontem dia 29/06 
Ainda não instalei 
Mas de aparecia é muito lindo 
 || Muito satisfeito com a compra e o atendimento || Muito satisfeito com a compra e o atendimento || Muito satisfeito com a compra e o atendimento || Faltou 1 unidade de luminária. || Faltou 1 unidade de luminária. || PENA QUE O FRETE É MUITO SALGADO , POIS AI COMPRARIAMOS MUITO MAIS ! || Acho que deveria enviar o produtos juntos, já que na nota fiscal estavamos juntas e são as mesmas luminarias e não enviar quase uma semana depois de diferenca. || Acho que deveria enviar o produtos juntos, já que na nota fiscal estavamos juntas e são as mesmas luminarias e não enviar quase uma semana depois de diferenca. || Faltou 1 luminária. Estou aguardando o envio. || Faltou 1 luminária. Estou aguardando o envio. || Chegou antes do prazo dado pelo site do stark gostei muito! || tudo certo, dentro do esperado. Recomendo! || tudo certo, dentro do esperado. Recomendo!","enviar, luminária, faltou, com compra, luminarias, satisfeito com, muito satisfeito, que na",True,False,False,neutral,0.3979511559009552,,,,
a703f5ade6e4fae527357132230ea778,A trasação e a entega do produto ocorreram dentro da normalidade || Produto em fase de teste. || Atendimento muito bom.Recebi o produto antes do prazo.Sempre fui bem atendida . || Atendimento excelente. || Já sou cliente antigo e confio da organização || MUITO BOM || Atendido || Parabéns  || chegou antes do prazo || Produto chegou certinho e antes do prazo. || Comprei duas faixas e somente enviaram uma. || Comprei duas faixas e somente enviaram uma. || Sempre compro nas lannister || Otimo,"enviaram, comprei duas, somente, duas, atendimento, uma comprei, chegou certinho, teste",True,True,False,positive,0.6100645065307617,,,,
a92930c327948861c015c919a0bcb4a8,"produto bom gostei muito! || Entrega rápida e produto de qualidade.
Recomendo.  || Produto apresenta clara baixa qualidade do produto. || Alterar a transportadora do Correios, para transportes particulares. || Tudo certo com o produto e entrega.
Entrega realizada antes do prazo previsto!!! || Eu recebi somente o relógio da coruja. Não recebi o relógio preto esportivo. No entanto, o status da entrega consta ""produto entregue"".

Assim, solicito esclarecimentos. || Peço desculpas pela avaliação anterior, onde infomeiuque ainda não havia recebido o produto, na verdade ele estava na portaria do meu prédio. || Tudo direitinho || A única questão que fez com que ele perdesse pontos, foi o fato de ele vir simplesmente embalado em um plástico. Sem caixinha ou algo do tipo. || O relógio é lindo gostei muito. Em relação a embalagem veio muito bem protegido.  || Gostei da rapidez. || O PRODUTO É COMPATIVEL COM O PREÇO. || Lindo, chegou muito antes do prazo. Só não tem nenhum tipo de certificado de garantia. Acho q não é a prova d'água, pois não tem nada dizendo. || Produto do camelô... 100% Paraguai
Pior compra que já fiz na internet.
Anúncio não condiz com o produto.

Quero devolver... || comprei dois relógios e recebi apenas um, como devo proceder || Não recebi o produto, o site poderia mostrar onde o produto está.  || Chegou muito rápido... Produto correto...
Super recomendo!!! || Produto chegou antes do prazo, super recomendo || Ótima compra relógio mto lindo.  || No momento ainda estou aguardando o produto .Ja mandei dois emails e não obtive resposta .Falta de consideração com o cliente .Estou triste porque sou cliente antigo da lannister , ja o parceiro.....","produto, relógio, ele, tipo, lindo, não, do, onde",True,True,True,neutral,0.4901365041732788,,,,
a9516a079e37a9c9c36b9b78b10169e8,"Bom dia! 
Estou insatisfeita com a segunda compra, pois era para ser entregue até 27/04/2017 e até o momento não a recebi. Já terminei de pagar e a mercadoria não me foi entregue. || Os encaixes para o encosto da cadeira estavam desalinhados. Deu trabalho pra encaixar e finalmente montar o produto. || Entregou antes do prazo || PRODUTO ENTREGUE COM AVARIA, SOLICITADO TROCA. || Produto compatível com seu valor, muito bonito e barato, simples, mas um bom custo benefício.  || A entrega foi no prazo e a venda ocorreu muito bem. A qualidade desse produto e que deixou a desejar.  || Uma cadeira veio faltando a parte do encosto. || Uma cadeira veio faltando a parte do encosto. || Não recebi o produto e nem satisfação || Não recebi o produto e nem satisfação || Excelente || Excelente || Produto bom em conforme com o preço  || Ótima loja recomendo || O produto veio sem os suportes laterais, já enviei 3 emails e não recebi nenhum posicionamento até o momento, muito insatisfeito, falta de organização! || GOSTARIA DE UMA SOLUÇÃO, ESTOU PRECISANDO MUITO DO PRODUTO. || GOSTARIA DE UMA SOLUÇÃO, ESTOU PRECISANDO MUITO DO PRODUTO. || A entrega é muito demorada.  || apenas recebi 2 cadeiras e comprei 3, gostaria de saber como faço para receber a terceira || apenas recebi 2 cadeiras e comprei 3, gostaria de saber como faço para receber a terceira","gostaria de, cadeira, gostaria, uma cadeira, produto, parte do, saber como, cadeiras",True,True,True,neutral,0.46447622776031494,,,,
aa280035c50ba62c746480a59045eec4,"Produto de ótima qualidade!! Chegou antes do tempo esperado. Amei <3 || Ótimo, não tive problema s com a compra, o stark sempre me informando a situação do produto por emails, dentro do prazo. || Muito bom produto, recomendo. || produto com aparência de usado, tinta da logo gasta e com alguns arranhões, não tente economizar 5 reais comprando por essa loja. || PRODUTO COM UM OTIMO CUSTO BENEFICIO, INDICO A COMPRA A TODOS || Perfeito para iniciantes.
 || A qualidade do cubo pelo preço me impressionou, recomendo muito || OK || Produto chegou antes do previsto. 
Muito satisfeita.  || produto de excelente qualidade, chegou super rapido.  || BOM || Sempre compro na lannister pela pontualidade na entrega! || O cubo é muito maleável, sua cores são maravilhosas. Recomendo muito. || Gosto || O produto ainda não chegou.  || Produto de ótima qualidade cores com alto contraste perfeito.  || Chegou antes do previsto  || Recomendo a compra do cubro mágico pela targaryen/lannister. Chegou antes do previsto. O produto é ótimo, lindo, de perfeito manuseio.  || Excelente atendimento. || Adquiri dois cubos mágicos profissionais e os produtos foram entregues rapidamente e de acordo com o pedido realizado. Sempre recomendo a lannister.com","cubo, produto, cores, do previsto, do, com, qualidade chegou, chegou antes",True,True,True,neutral,0.43564650416374207,,,,
aa5d6a9bd4be367ae1a3a29c323c7c11,"A demora é grande. || Daqui 30 dias eu posso dar a minha opinião  || Comprei um produto e me entregaram outro e ainda escreveram na nota que a embalagem era nova. || PEDI UMA COISA , MANDARAM OUTRA , AINDA COM VALOR MENOR .ENFIM NEM ME CONSULTARAM SOBRE .... || Recebi o produto dentro do prazo programado, muito bem embalado e na primeira semana de uso já pude perceber os primeiros resultados, estou muito satisfeito. || Entrega realizada.....cliente satisfeito  || Compro há anos e nunca tive problemas.
Eu recomendo...Pena que esse produto aumentou bastante.No mais,sem reclamações. || Compro há anos e nunca tive problemas.
Eu recomendo...Pena que esse produto aumentou bastante.No mais,sem reclamações. || Bom esperar o resultado || Não recebi o produto e continuo sem receber o estorno do valor que paguei pro produto. || Pendências resolvidas.
Só não gostei de "" ficar no escuro"" enquanto eles resolveram a questão...
Obrigado à todos os envolvidos! || Pendências resolvidas.
Só não gostei de "" ficar no escuro"" enquanto eles resolveram a questão...
Obrigado à todos os envolvidos!","reclamações, questão, no mais, anos, esse produto, ficar, enquanto, gostei de",True,True,True,negative,0.4531819522380829,,,,
aa8d88eb4b9cb38894e33fa624c4287f,"falta agora o terceiro e o i ultimo trlogio de 181.40,estou no aguardo || Um produto que satisfaz a necessidade de quem quer um relógio funcionando conforme os padrões da categoria. || Gostei muito do produto || O relógio touch screen é ruim de mexer e muda a hora a todo momento mais no mais TDS os demais estão bem. || excelente produto,ótima qualidade e rapidez na entrega ! recomendo com toda certeza !!! || Até agora não recebi o produto || Amei ! || produto fora da minha expectativa  || Bom relógio! Chegou antes da data prevista || As funções dele é meramente ilustrativa não funcionam apenas a hora || O relogio em si é bom mas, esperava q tivesse os ponteiros no fundo em vez de um adesivo mas ta bom. || O produto não veio funcionando || Achei fraco || recomendo a loja  || O produto pelo valor ok apesar de já no primeiro dia de uso a Correia soltou.....
 || O pedido foi ótimo, a entrega foi rápida, mas não gostei do produto. Obrigado","relógio, hora, produto, funcionando, de, os, tivesse, dia de",True,True,True,neutral,0.4338057339191437,,,,
aadff88486740e0b0ebe2be6c09476ae,"Material de ótima qualidade, chegou antes do prazo. || Tudo ótimo. || Produto muito bom e entrega rápida  || Tudo certo

Acabei nao gostando do cetim, mas tudo certo com a entrega e o produto chegou como o esperado || Adorei comprar na baratheon, recebi o produto no prazo, bem embalado tudo certinho! || Adoreiii8 || Estou muito satisfeita e recomendo. || Comprei dois produtos iguais e acabei recebendo só um. O que devo fazer ? || Satisfeita com o atendimento prestado.  || Adorei o produto, a entrega foi rápida, bem antes do prazo, super recomendo! || MUITO BOM, MACIO, || Veio bem antes do prazo e exatamente como na foto","acabei, tudo, tudo certo, devo fazer, cetim, satisfeita, adorei, só um",True,True,False,positive,0.8056480884552002,,,,
ab1f9387c0627dd24000bfbc54fdeee0,"ENTREGA RAPIDA E OTIMO PRODUTO! || Recomendo || Muito chegou antes do previsto excelente... || Vendedor muito eficiente. Recomendo! || Produto dentro da expectativa || Tudo certo. Antes do prazo. Recomendo. || Produto chegou coreto na 01 dia antes da data combinada. || Tudo de bom o produto chegou até antes da data prevista. 
Indico com certeza pra comprar no site oficial sempre.
Obrigado pelo serviço de vcs  || Tudo de bom o produto chegou até antes da data prevista. 
Indico com certeza pra comprar no site oficial sempre.
Obrigado pelo serviço de vcs  || tudo nos conformes || DEMOROU MUITO A ENTREGA || Mercadoria entregue no prazo como prometido. || Parabens pelo rapidez na entrega. || Parabens pelo rapidez na entrega. || Bom || Gostaria de saber o motivo do NÃO recebimento do produto, visto que fiz uma compra com 4 (quatro) produtos, sendo que três recebi e o controle NÃO. || Produto entregue dentro de embalagem do fornecedor sem os parafusos de fixação das partes. || Tudo excelente!! Entrega, produto, agilidade...Nota 10!!! || recebi conforme solicitado controle de tv sony || Produto chegou dentro do prazo. ","de bom, chegou até, tudo de, da data, antes da, de vcs, comprar no, produto",True,True,False,neutral,0.47820645570755005,,,,
ab9cf155f8280c3739b09fe341a185e8,"Top || algumas informações do site do correio desencontradas diziam que o produto não havia chegado na unidade de minha cidade. || Produto foi entregue no prazo ótima qualidade  || -Entrega rápida || Produto bom. Recomendo. || Compra sem problemas sendo que comprei o celular bem antes até o momento não chegou e tanto a capa quanto a película estão sem utilida de.  || TUDO FOI DENTRO DO ESPERADO. 
RECOMENDO COM PUNHOS HERCÚLEOS A TODOS OS CLIENTES DAS lannister.COM || Ótima loja  || Atendeu às expectativas ||  Top! || Muito bom. Chegou bem antes da data prevista. Recomendo o vendedor.👍 || Muito bom || Produto de ótima qualidade, e chegou dentro do prazo de entrega! Obrigado lojas lannister || Recebi o produto dentro do prazo, bem embalado e de ótima qualidade.","ótima, top, ótima qualidade, de ótima, dentro do, dentro, de, do",True,True,False,neutral,0.4400548040866852,,,,
aba86c093ccdbac75b09111d57e50004,"excelente  || bom!  || Produto bom  || Estou ainda aguardando o produto que estava previsto para ser entregue no dia 22/08/2017 e hoje dia 24/08/2017 não chegou ainda até o presente momento. || mais ou menos o produto veio faltando uma peca || Produto entregue dentro do prazo.  || Ótimo vendedor. Prestativo e atencioso. || Muito bom!! || Muito bom || Produto de boa qualidade a entrega foi antes do prazo estou muita satisfeita. || O produto está em outra cidade. Não tenho como retirar.paguei frete para ser entregue na minha casa. || Bom! || Cumpriu com excelência  || Minha cadeira veio com a roda qurbrada || Conforme a empresa targaryen está de parabéns.falando do produto veio com defeito por isso estou fazendo essa reclamação.


Já solicitei a troca da parte que está danificado que é a ( base estrela) 
 || Gostei muito do serviço prestado... recomendo  || Bom custo x benefício. || Produto fragil, estrutura toda de plastico ressecado, desconfortavel.

Não recomendo o produto.

Mas vale ressaltar o ótimo atendimento da lannister e rapidez na entrega. || O prazo estava para 21 dias úteis de entrega, mas me entregaram em menos de 10 dias uteis, referente a qualidade, ñ tenho nada a reclamar, veio tudo bem embalado e atendendo minhas expectativas .  || A crítica é à entrega, pois por se tratar dos Correios tiveram 3 vezes aqui em casa, sendo que? eu não estava em nenhuma das três, e não me deram a possibilidade de agendar o horário, tive q ir buscar","produto, 08, 2017, para ser, estava, ser entregue, bom, menos",True,True,True,neutral,0.38059234619140625,,,,
abc3432ff825d8e524db1d4eac6d2099,"Produto muito bom, entregue sem problemas, e antes do prazo previsto. Recomendo || Gostei do fone, se cocneta fácil ao celular, bom som. || chegou rapido  || produto atende as expectativas. Muito Bom 
Recomendo ótimo custo benefício. || Não é possível falar com a loja para tirar dúvidas sobre o produto. || Ótimo  || Ótimo custo benefício, funciona bem. || Ótimo custo benefício, funciona bem. || 1 é bastante desconfortável machuca a orelha e não segura
2 os celulares não consegue se conectam com o aparelho
3 ele carregou por 4h e a bateria só durou mais hora || Muito bom esse produto gostei muito mesmo || Td certo || Não é muito bonito, mas de resto, até que esta servindo. || Descarrega rápido , mesmo deixando ele desligado .","ótimo custo, custo benefício, benefício, custo, ótimo, funciona, ele, muito",True,True,True,positive,0.5104057788848877,,,,
ac44def10e24998cdee20a208d691127,"adorei o produto, muito bom || No mesmo dia que usei já encheu de bolinhas, fino demais  || Superou minhas expectativas!!! || É uma loja ótima para se comprar. As compras são entregues perfeitas e antes mesmo do prazo. || Comprei duas unidades, mas na embalagem veio apenas uma, quero saber o que houve, pois paguei dois e recebi apenas um. || Comprei duas unidades, mas na embalagem veio apenas uma, quero saber o que houve, pois paguei dois e recebi apenas um. || Amei o produto. 

 || Atendeu às expectativas || Adorei! || Achei a qualidade do produto muito inferior ao que detalhava nas informações. A qualidade do tecido não me agradou. || Sempre cumprem os prazos. Muito bom. || produto lindo igual a foto , ótimas medidas ,vale muito a pena , adorei  || Não recebi o produto até hoje dia 28-03-18. Mais fico aguardando uma solução. Não sei se houve algum problema na entrega, ou nos Correios  || Sempre recebo no dia e certinho.","houve, na embalagem, veio apenas, saber que, apenas, quero saber, que houve, duas unidades",True,True,False,neutral,0.45078566670417786,,,,
aca2eb7d00ea1a7b8ebd4e68314663af,"quanto ao site não tenho o que questionar! sempre cumprem super o combinado ... recomendo sempre! mas o produto é fraco..  || Produto de fácil montagem e atende perfeitamente ao propósito para otimizar espaço. || Produto de fácil montagem e atende perfeitamente ao propósito para otimizar espaço. || Produto muito bom, simples de montar e super prático com essas rodinhas! || Muito o produto... Apenas veio um trincado na parte plástica aonde emenda ... Mas tudo bem || O equipamento vendido foi bem inferior ao que comprei em 2017. Pelas fotos não tive noção da diferença, achando que se tratava de uma oportunidade de preço melhor, e não de equipamento inferior  || O equipamento vendido foi bem inferior ao que comprei em 2017. Pelas fotos não tive noção da diferença, achando que se tratava de uma oportunidade de preço melhor, e não de equipamento inferior  || O produto é excelente e a entrega foi muito rápida, em três dias já estava com meu produto, além disso, ele é muito fácil de montar e bem prático || Entregue antes do prazo || produto adequado às minhas necessidades e fácil de montar. || Otimo produto || veio so a matade da compra,entro em contato com quem? || veio so a matade da compra,entro em contato com quem? || Olá,

Faltou uma peça, identificada no manual de montagem como B - Hanging Rail. Veio apenas uma. Vocês pode providenciar? Aguardo. || Comprei 2 unidades e chegou somente 1. || Comprei 2 unidades e chegou somente 1. || nao gostei do produto, mas ele foi entregue || Produto veio faltando peças, solicito outro com urgência pois já realizei o pagamento!
Gostaria do contato, com urgência.  || Produto veio faltando peças, solicito outro com urgência pois já realizei o pagamento!
Gostaria do contato, com urgência.  || dentro do prazo,bem embalado, valeu a pena comprar.","com urgência, urgência, inferior, montagem, contato com, montar, fácil, de",True,True,True,neutral,0.4669353663921356,,,,
acc444eb5ad26f79d5a11baa6a03c439,"chegou super antes do dia previsto, otimo produto e facil instalação, so nao vem parafuso mas isso é o de menos produto muito bom mesmo. || Demorou um mês pra chegar! Produto qualidade e acabamento bem inferiores! É bem grande! Bem maior que os modelos que tinha visto! Enfim não gostei! || Eu pedi 6 trios de pendentes e vcs só M entregaram 6 unidades este não foi meu pedido nem meu pagamento || Eu pedi 6 trios de pendentes e vcs só M entregaram 6 unidades este não foi meu pedido nem meu pagamento || Eu pedi 6 trios de pendentes e vcs só M entregaram 6 unidades este não foi meu pedido nem meu pagamento || Eu pedi 6 trios de pendentes e vcs só M entregaram 6 unidades este não foi meu pedido nem meu pagamento || Eu pedi 6 trios de pendentes e vcs só M entregaram 6 unidades este não foi meu pedido nem meu pagamento || Eu pedi 6 trios de pendentes e vcs só M entregaram 6 unidades este não foi meu pedido nem meu pagamento || Entrega foi bem antes do Plazo,e o produto foi o e que eu pedi || COMPREI 2 KITS DESSES PEDENTES E RECEBI SOMENTE 01 KIT.
TEM COMO VCS VERIFICAR COM A TRANSPORTADORA PRA MIM? || COMPREI 2 KITS DESSES PEDENTES E RECEBI SOMENTE 01 KIT.
TEM COMO VCS VERIFICAR COM A TRANSPORTADORA PRA MIM? || O unico problema e que tive que retirar no correio sendo que paguei pelo frete","só entregaram, eu pedi, pendentes, vcs, pagamento, pedi, meu, este",True,True,False,neutral,0.44781163334846497,,,,
ace5d86cf1ac63cdb76f49e5cd23d2f8,"AS CORES DA ESTAMPA NÃO SÃO VIBRANTES COMO NA FOTO DO SITE. É MEIO DESBOTADO E FICA MEIO DESFOCASO. || Ótimo produto
 || Ótima  || Amei a cortina superou minhas expectativas, muito linda, excelente material.. || Odorei o produto, obg || LOJISTA OTIMO, PRODUTO ENTREGUE BEM ANTES DO PRAZO E MERCADORIA TAMBEM DE OTIMA QUALIDADE. || Material de péssima qualidade, os iloes rasgados. Preciso de troca ou reembolso. || Comprei duas cortinas e recebi apenas uma.
Era pra dar de presente,infelizmente não deu certo. || O produto chegou corretamente, do jeito que encomendei.  || Recebi antes do prazo.  || Lindo,fácil de limpar, ótimo custo benefício. || O esperado pelo valor ","meio, material, de, infelizmente não, encomendei, preciso de, cores, pelo valor",True,True,True,negative,0.45906999707221985,,,,
ad2037645597db38527fe3afbe226af2,"bom produto || Tudo nos conformes recebido direito  || Sem nenhum problema. || Gostei muito do atendimento || O produto chegou no prazo e em perfeitas condições. Muito melhor e eficiente do que eu esperava. Apesar de ser da lannister.com. || Ñão recebi o produto adquirido || Os frascos do produto vieram com manchas escuras, com uma apresentação de falta de cuidado no armazenamento. || Mto bom recomendo,recebi dentro do prazo. || Serviços de entrega rápido e perfeito.  || RECEBI DIREITINHO E RAPIDO. COMPRAREI NOVAMENTE. || Ainda está dentro do prazo estipulado, como também acabei de receber outro produto(TV) antes do prazo. || Loja muito boa no atendimento e rápida na entrega do produto || Muito bom produto atendeu minhas expectativas.","do, produto, de, tv, atendimento, frascos, direito, recebi dentro",True,True,False,positive,0.4780649244785309,,,,
ad4b5def91ac7c575dbdf65b5be311f4,"Recebi o produto errado. Comprei original e recebi produtos paralelos. Reciclados. Picareta  || Recebi o produto errado. Comprei original e recebi produtos paralelos. Reciclados. Picareta  || Recebi o produto errado. Comprei original e recebi produtos paralelos. Reciclados. Picareta  || Produto ainda não foi entregue, mas deixo essa opinião aqui como uma observação até a expiração da data. || Produto ainda não foi entregue, mas deixo essa opinião aqui como uma observação até a expiração da data. || Produto ainda não foi entregue, mas deixo essa opinião aqui como uma observação até a expiração da data. || Chegaram pra mim 2 cartuchos piratas. Um inclusdive sem nota fiscal. Fora da caixa, sem o nome da marca HP. Quero devolver este produto que é inclusive ilegal, mas especialmente: NÃO É O QUE COMPREI. || Adquiri no site lannister os Cartuchos 933XL Cian e 932XL Preto, ambos originais HP nos descritivos, 03 unidades de cada cor. Recebi 2 pacotes, contendo 01(um) cartucho cian em cada e não originais. || Adquiri no site lannister os Cartuchos 933XL Cian e 932XL Preto, ambos originais HP nos descritivos, 03 unidades de cada cor. Recebi 2 pacotes, contendo 01(um) cartucho cian em cada e não originais. || Adquiri no site lannister os Cartuchos 933XL Cian e 932XL Preto, ambos originais HP nos descritivos, 03 unidades de cada cor. Recebi 2 pacotes, contendo 01(um) cartucho cian em cada e não originais. || Péssimo || Péssimo || Péssimo || Péssimo || Gostaria que o produto fosse mais específico quando e original ou paralelo so isso mais a entrega foi rapida obrigado
","cian, originais, cada, hp, 933xl, cartuchos, em cada, 01 um",True,False,False,neutral,0.48265403509140015,,,,
ae52eeb8383b94455f0a08b1f88ad002,"Comprei o produto em 25/]01/2018 e até hoje 26/02/2018 ainda não recebi. || Comprei quantidade (2) e recebi qty(1). Quando vou receber o outro cartucho? || Comprei quantidade (2) e recebi qty(1). Quando vou receber o outro cartucho? || entregue dentro do prazo fiquei sastifeita || Mesmo recomendando, o produto demorou muito a chegar. || NÃO RECEBI NENHUMA INFORMAÇÃO POR EMAIL SOBRE STATUS DO PEDIDO || Seriedade com todo o processo! || Apesar de dentro do prazo, achei a entrega bastante demorada. || Tudo em ordem, apenas como das vezes anteriores recomendaria embalagem mais amigável com menos fita plástica. || Demorou muito pra chegar. || foi entregue o produto em bom estado e no prazo. || O produto estava previsto para ser entregue até dia 27/03 e até hoje dia 03/04 não recebi. || Minha compra chegou bem antes do esperado e em perfeitas condições.","quantidade, demorou muito, cartucho, 2018, produto em, 03, até hoje, hoje",True,True,False,neutral,0.48903077840805054,,,,
aef8207c2e91f4fcdbc0824737abf358,"Boa Tarde . Comprei uma Máquina de cortar cabelo com SEIS pentes, recebi uma máquina com QUATRO pentes. O atendimento foi rápido. Entrega ANTECIPADA. Apenas uma falha, eu espero.  || Otima loja,, recomendo,... || Recomendo produto de ótima qualidade || Produto chegou, parece muito bom, mas só tem um porem, na foto do anúncio mostrava seis pentes e só viram 4. Em nenhuma parte dizia que a foto era meramente ilustrativa e também vi outros anúncio do m || Gostei produto entregue bem antes da data marcada  || O produto veio como descrito na página e chegou bem antes do prazo determinado. Recomendo! || O produto estava com a embalagem violada, porém, testei e não tinha nenhum item faltando no conteúdo.  || A única coisa é q eu paguei o frete e não estragaram em minha residência, gostaria de resolver isso reembolso do frete q foi pago dos dois produtos q eu comprei no site de vcs e foi cobrado o frete  || Gostaria de saber somente na imagem ilustrativa do produto está com 6 pentes para corte na máquina da wahl e só veio 4 pentes essa é a minha dúvida se vcs vão envia o restante dos pentes  || chegou antes do prazo, porém tive que retirar no correio, mesmo no ato da compra tendo optado pela entrega na minha residencia. || boa","frete, na, gostaria de, anúncio, vcs, do, gostaria, produto",True,True,False,neutral,0.4857541024684906,,,,
af51d485dc5255ba2e18b21b550156e6,"Gostei muito do que comprei com vcs muito obrigada breve farei outras compras vanda || produto muito bom, com material resistente.  || Ótima malas bem reforçadas recomendaria  || Estou satisfeita || Ótimo produto pode compra que é seguro  || RECEBI O PRODUTO NO PRAZO,COM QUALIDADE E BOM PREÇO. || BOM PRODUTO || Muito bom a entrega , super rápido !! Dentro do prazo é bem antes !!  || Fui muito satisfeita, entrega rápida ,como precisava.Nota 10 pra baratheon
 || lannister se superando como sempre || Entrega foi super rápida, recomendo! || Eu não gostei demorou muito passou do prazo é o produto não chegou e por isso tou cancelando o pedid5 || Muito bom , chegou super rápido. || s || Preço justo qualidade ótima. Recomendo","super rápido, muito, bom, super, preço, satisfeita, produto, produto muito",True,True,True,positive,0.5387295484542847,,,,
afeeea6271148ee1bb15173b8187c431,"Ótimo produto e chegou bem rápido. || As compras que fiz no site das lannister, sempre deram certo. 





















 || Satisfatória, é a palavra que define minha experiência de compra com essa loja. obrigado pelo atendimento. Pode atuar no mercado com esse nível de compromisso. || Superou minhas expectativas. || Chegou tudo conforme esperado. O que mais surpreendeu foi a velocidade na entrega.
Muito obrigado. || O produto atende as necessidades. Produto fácil de manuseio.  || Estou tentando ver se os parceiros da stark continuem com seus compromissos aos seus clientes. E pontualidade 
 || O produto chegou em perfeito estado, no momento está funcionando bem. A única observação é para a bateria que descarrega rápido. A entrega foi super rápida e me surpreendeu || Muito bom comprar por lannister || Produto ok || Produto ok || Amei || muito bom || Nem acreditei quando conferi o produto, chegou muito rápido || Demora pra entregar. || Foi postado os três aparelhos com códigos diferentes e no site da loja lannister foi informado apenas um código para os três aparelhos.  || Foi postado os três aparelhos com códigos diferentes e no site da loja lannister foi informado apenas um código para os três aparelhos.  || Foi postado os três aparelhos com códigos diferentes e no site da loja lannister foi informado apenas um código para os três aparelhos.  || recomendo a todos || Ótimo produto, se vc quiser presentear o seu pequeno e não quer gastar muito recomendo. ","aparelhos, três, loja lannister, para os, código, os, diferentes, site da",True,True,False,neutral,0.43540245294570923,,,,
b0961721fd839e9982420e807758a2a6,"15 Antes dias antes do prazo!!! Peça impecável sem defeitos. Bem embalado. || Ótimo produto, bons preços e entrega rápida.  || Fornecedor deve ter agido de ma fé, pois comprei duas unidades e só chegou uma.
 || Fornecedor deve ter agido de ma fé, pois comprei duas unidades e só chegou uma.
 || HOJE, dia 02/08/2017- quarta feira, Informo que ainda NÃO recebi 02 Lustres Pendente Meia Lua Meia Bola Esfera Alumínio 34cm escovado, O Correios só entregou até agora 4 dos 6 Lustres que comprei.... || HOJE, dia 02/08/2017- quarta feira, Informo que ainda NÃO recebi 02 Lustres Pendente Meia Lua Meia Bola Esfera Alumínio 34cm escovado, O Correios só entregou até agora 4 dos 6 Lustres que comprei.... || lindo produto, superou minhas expectativas, ótimo acabamento. || otimo produto, otimo empresa de venda || o produto superou minha expectativa....muito lindo!!
 || o produto superou minha expectativa....muito lindo!!
 || PENDENTE LINDO! TA DE PARABÈNS AS lannister POR VENDER UM PRODUTO COM O PREÇO JUSTO E DE UMA BOA QUALIDADE , SIMPLESMENTE AMEI FICOU LINDO NA MINHA SALA.
 || Excelente produto e vendedor recomendo a todos. || No momento não recomendo p ninguém, estou chateada , mais espero receber os produtos ok ! || No momento não recomendo p ninguém, estou chateada , mais espero receber os produtos ok ! || entrega foi rapida || Demorou um pouco pra chegar, mas dentro do prazo. O produto é lindo e pelo preco ainda melhor. || Ainda não instalei, mas na aparência ele é bem bonito. || Estou aguardando uma luminária que não chegou, só veio uma na caixa que recebi, só veio uma luminária dentro.
Não obtive retorno sobre a minha reclamação. || Estou aguardando uma luminária que não chegou, só veio uma na caixa que recebi, só veio uma luminária dentro.
Não obtive retorno sobre a minha reclamação. || A rapidez na entrega superou minhas expectativas.","veio uma, meia, lustres, luminária, lindo, só veio, superou, pendente",True,True,True,neutral,0.4293592572212219,,,,
b0c89945c034268074f5f80b362bda34,"Muita demora na entrega || Produto muito bom. Recomendo || Produto muito bom. Recomendo || Bons produtos e a entrega fantástica || Chegou antes do prazo tudo certo como descrevia o anúncio!  || Fiz quatro pedidos, só recebi um, pois os demais foram cancelados,no entanto o valor do boleto veio no total da compra.1.293,38,comprado 30/04/18.Estou aguardando envio do boleto no valor 179,40 obrig || Fiquei muito satisfeita com as mercadorias recebidas. || Fiquei muito satisfeita com as mercadorias recebidas. || Fiquei muito satisfeita com as mercadorias recebidas. || Fiquei muito satisfeita com as mercadorias recebidas. || RECEBI OS PRODUTOS, POREM NÃO VEIO COMO PEDI. PEDI LENÇOL DE ALGODAO, 170 FIOS, E CHEGOU 100% POLYESTER || Ok || Comprei o produto na black friday e até hoje não recebi!","mercadorias, fiquei muito, com as, satisfeita com, muito satisfeita, fiquei, satisfeita, as",True,True,True,neutral,0.44647717475891113,,,,
b114bf337c0626166abe574eee9e3f32,"comprei nove cadeiras e chegou só 7 cade o restante? || comprei nove cadeiras e chegou só 7 cade o restante? || comprei nove cadeiras e chegou só 7 cade o restante? || não me foi informado que produto viria desmontado || não me foi informado que produto viria desmontado || otimo || Tive que ir no correio buscar a mercadoria, além de ter pago o frete para receber em minha residência. || cadeira boa! || A cadeira que eu comprei não chegou, me enviaram outra, além de esperar quase 1 mês o prazo de entrega do produto ainda recebemos errado. || Parabéns  || a base da cadeira não encachava no acento

deixou a desejar || rever o prazo de entrega, || rever o prazo de entrega, || rever o prazo de entrega, || rever o prazo de entrega, || rever o prazo de entrega, || lannister.com compra segura pela web! || Boa tarde,
Os produtos foram entregues ontem em pleno domingo, no qual nao haviam pessoas responsáveis pelo recebimento de mercadorias, o qual ficaram faltando 4 cadeiras. || Boa tarde,
Os produtos foram entregues ontem em pleno domingo, no qual nao haviam pessoas responsáveis pelo recebimento de mercadorias, o qual ficaram faltando 4 cadeiras. || Boa tarde,
Os produtos foram entregues ontem em pleno domingo, no qual nao haviam pessoas responsáveis pelo recebimento de mercadorias, o qual ficaram faltando 4 cadeiras.","cadeiras, qual, prazo de, restante, pessoas, de entrega, ontem, foram entregues",True,False,False,neutral,0.4826493561267853,,,,
b192be433004cc1f10b467c0e9ea309b,"muito eficiente ,entrega feita 12 dias antes da data prevista || Não recomendo a loja, estão anunciando tinta original Epson e não é. Uma falsificação quase perfeita. Revoltado devido a tentativa de ludibriar o consumidor.  || Não recomendo a loja, estão anunciando tinta original Epson e não é. Uma falsificação quase perfeita. Revoltado devido a tentativa de ludibriar o consumidor.  || Não recomendo a loja, estão anunciando tinta original Epson e não é. Uma falsificação quase perfeita. Revoltado devido a tentativa de ludibriar o consumidor.  || Gosto muito de Comprar nas lannister, pela qualidade na entrega dos produtos, recomendo pode confiar || Os produtos são de boa qualidade e o preço que adquiri foi excelente.  || Superou minhas expectativas no prazo de entrega. Super recomendo lojas lannister toppp || Recomendo pelo prazo de entrega e valor. 
Mas o adesivo do produto não veio com o selo 'camaleão', como alguns que já comprei, deixando margem quanto à qualidade final. || Produto de ótima qualidade e recomendo a todos. || O serviço como um toi foi bom. || Comprei 4 kits e só recebi, por enquanto, apenas 01(um). Por isso minha avaliação de que ""o produto não foi entregue"". Penso que deveriam inf na compra q viria em partes e não td de uma vez. Aguardo. || Comprei 4 kits e só recebi, por enquanto, apenas 01(um). Por isso minha avaliação de que ""o produto não foi entregue"". Penso que deveriam inf na compra q viria em partes e não td de uma vez. Aguardo. || Comprei 4 kits e só recebi, por enquanto, apenas 01(um). Por isso minha avaliação de que ""o produto não foi entregue"". Penso que deveriam inf na compra q viria em partes e não td de uma vez. Aguardo. || Comprei 4 kits e só recebi, por enquanto, apenas 01(um). Por isso minha avaliação de que ""o produto não foi entregue"". Penso que deveriam inf na compra q viria em partes e não td de uma vez. Aguardo. || ótimo atendimento, prazo de entrega perfeito. Recomendo || nada a acrecentar","01 um, minha avaliação, comprei kits, de que, apenas 01, kits, partes, uma vez",True,True,True,negative,0.4874674379825592,,,,
b1acb7e8152c90c9619897753a75c973,"Amei a tesoura com corte preciso recomendo para quem quer uma tesoura de qualidade entrega rapida || O produto atende para o que foi designado, porem o acabamento dourado arranha com facilidade voltando a cor original. || Estou satisfeita 
 || Produto de excelente qualidade, empresa top entrega antes do prazo , recomendo || Muito rápido  || Tudo maravilhoso || Recebi o produto diferente do que foi anunciado e comprado. || Ótimos produtos, chegou bem antes do esperado, loja atenciosa mandou emails a cada passo do produto. Super recomendo. || Produto muito bom || Produto entregue no prazo em ótimas condições e sem nenhum problema.  || Gostei muito do produto , e da rapidez da entrega. || Muito bom  || Aconselho a comprar nessa loja deu um prazo de entregar em 20 dias e entregou em menos de 10 dias  || Tudo dentro dos conformes. || Esta faltando parte do pedido!!!!! Veio o navalhete mas não chegou as tesouras!!!! || Boa || Mais rápido que o imaginado. 
Não tem frescura de entregar na favela
 || Gostei do produto, de acordo com o que eu esperava, muito bom, o prazo de entrega nem se fala, dentro do tempo.  || Pedi uma navalha dourada e veio outra. A nota fiscal é do produto certo. || Estou satisfeito com a compra.","do, produto, do produto, de, que foi, entregar, muito, prazo de",True,True,False,positive,0.43680083751678467,,,,
b1d207586fca400a2370d50a9ba1da98,"Produto não corresponde a imagem de venda  || Comprei um relógio Oakley Minute Machine e chegou relógio falsificado da pior qualidade e com a nota fiscal em nome de outra pessoa.

Vou entrar na justiça contra vocês. || Loja vendê produto como original e é réplica. E das piores. || Não recomendo a compra desse produto entrega muito demorada  || Comprei uma coisa e recebi uma falsificação. Cancelei o pedido e msm assim foi entregue como se não ouvesse o cancelamento. || o relogio ja veio danificado e eu ja entrei em contato para a devolução do mesmo || O produto nao e original nao fala se e replica ou original...comprei na certeza achando que seria..relogio nem e aprova dagua..achei que lannister nao trabalhava com esse tipo de mercadoria... || O produto nao e original nao fala se e replica ou original...comprei na certeza achando que seria..relogio nem e aprova dagua..achei que lannister nao trabalhava com esse tipo de mercadoria... || O produto nao e original nao fala se e replica ou original...comprei na certeza achando que seria..relogio nem e aprova dagua..achei que lannister nao trabalhava com esse tipo de mercadoria... || O produto nao e original nao fala se e replica ou original...comprei na certeza achando que seria..relogio nem e aprova dagua..achei que lannister nao trabalhava com esse tipo de mercadoria... || O produto nao e original nao fala se e replica ou original...comprei na certeza achando que seria..relogio nem e aprova dagua..achei que lannister nao trabalhava com esse tipo de mercadoria... || Me senti lesada , o produto vendido é réplica e das piores. Estou aguardando para mandar produto de volta. || Recebi mais não está funcionando || Eu indicaria a loja americana, não a targaryen, por ter me vendido um relógio totalmente diferente do qual eu escolhi.  || Me manda um relógio Oakley tank falso,tentei entrar em contato com a empresa e não obtive sucesso.  || O produto foi entregue antes do prazo, porém não site não fala sobre a qualidade do produto que é bem baixa...  || Creio que as lannister não deva ter culpa disso, produto de péssima qualidade, vou devolver || Produto falso! Veio em uma caixinha completamente nada a ver com o produto. || Mostra uma foto do relatório original e quando chega, chega um falso e muito falso, comprei dois e só recebi um e no outro dia chegou o outro e eu me recusei a receber, vou querer o meu dinheiro de vo || Mostra uma foto do relatório original e quando chega, chega um falso e muito falso, comprei dois e só recebi um e no outro dia chegou o outro e eu me recusei a receber, vou querer o meu dinheiro de vo","original, nao, falso, replica, esse tipo, relogio, que seria, tipo de",True,True,False,negative,0.4779738783836365,,,,
b24af8bca8813bcde4140ff8562f5e47,"Estou tentando o reembolso da compra, uma vez que tentei realizar o cancelamento da compra e o site não permitiu. Já devolvi o produto conforme orientação e não recebi nenhum retorno.  || entrega rapida e dentro do prazo || O produto é exatamente o apresentado no site. || RECEBI O PRODUTO DE BOA QUALIDADE , MAS COMPREI NO TAMANHO ERRADO, VOU DEVOLVER O PRODUTO POIS NÃO CANE NO MEU CELULAR || Muito bom chegou antes da data prevista  || Produto bom  || Deveria se um porco mais rápido jogue paguei pelo frete  || Fui taxado com frete e o produto não foi entregue por transportadora, foi enviado para o correio e o mesmo não está entregue na região que moro em nenhum bairro.  || Satisfeito com a capinha, chegou antes do prazo. Espero que dure bastante tempo, pois ela é de couro né. || Produto aparentemente de ótima qualidade, apenas a película não serviu para o aparelho. || O vendedor entregou o produto correto e mais de uma semana antes do prazo. Muito satisfeita. || Nao creio que essa capa vá durar, material mole e de aparência frágil, pelo preço deveria ser melhor || Produto muito bom recomendo..... || Recebi o produto incorreto... A capa que comprei é de couro, mas recebi outro modelo de ""plastico""!  || Como a entrega esta muito atrasada não vou fazer nenhuma avaliação  || Veio tudo bem embrulhado, chegou no dia informado, ótimo produto . Recomendo! ","produto, não, capa, de, deveria, da compra, nenhum, vou",True,True,True,neutral,0.4653351604938507,,,,
b36f3c918c91478c4559160022d3f14e,"O relógio chegou sem funcionar, e não é original Oakley.  || Gostaria de saber quando vou receber meu relogio || Não recebi o produto || Relógio bonito, mas não é o mesmo da foto. o da foto tinha calendário o que me foi entregue não tinha e veio com o ponteiro quebrado! || O produto é um lixo, já chegou descascando, além de ser falsificado  || produto diferente da foto anunciada e entrega feita de maneira ridícula, sem proteção o produto ficava solto dentro da caixa. Parece que nem trabalham no ramo kkkk amadores. || Comprei um produto confiando na idoneidade das Lojas lannister e recebi um produto pirata. Liguei pra comunicar o ocorrido e fui ignorado! Vou procurar meus direitos!!! || O produto não é original trata-se de uma réplica.. estou me sentindo um trouxa pq confiei no nome da loja e me dei mal || Loja de confiança e entrega dentro do prazo porém por falta de um SAC fica complicado de resolver alguns assuntos,em relação a mercadoria fiquei um pouco frustrado por ser um produto de baixa qualidad || Não entregaram na data prevista || A entrega não foi concluída e não tive uma posição da loja ainda, até o momento aguardo respostas do fornecedor. || O prazo para receber o produto era no dia 19/02, mas até hoje nem sinal do mesmo, já fazia dias que eu tentava entrar em contato, ontem recebi uma ligação da empresa falando para aguardar. Vamos ver","da foto, da, um, um produto, produto, não original, foto, não",True,True,False,negative,0.5147656798362732,,,,
b3e40ff639c185b9d726b4b19c17e6cd,"Gostei || cc || Meu produto ainda não foi entregue, comprei à um mês e ainda nada. || Demora para resolver meu problema pois meu pedido foi roubado dos correios e ainda hoje espero alguma solução mais se parece que resolver com o cliente vai ser uma das últimas prioridade...estou agua || as bolsas são de otima qualidade e um bom material || Só achei q o urso da bolsa era desenhos na própria bolsa não tecido colado. Pq.olhando no saite parece ser do próprio coro || O abajur veio certinho, porém o ki bolsa, a pequena veio rasgada e agora a troca é uma burocracia. Difícil o pós venda. || o produto chegou antes do prazo e tal qual estava no anúncio.
 || Excelente || Recebi apenas um item desse pedido. Recebimento incompleto.  || Mercadoria queimada no centro de distribuição em Fortaleza-CE. Cancelei a compra para ressarcimento do valor pago. || Gostei entregaram meu produto antes do prazo Obrigado  || muito bom, chegou muito antes do esperado , produto lindo de boa qualidade. || bom","bolsa, resolver, meu, parece, do, um item, meu produto, bolsas",True,True,True,neutral,0.4393863081932068,,,,
b4b817e5f2c4efc8253b4b679c653847,"Produto de qualidade. || Péssima loja || Na verdade eu esperava que a qualidade fosse melhor...São bem finas. Esperava q fossem mais macias. Mas tá bom. Obrigada. || Muito fraquinha essas toalhas...não gostei
nao recomendo....
 || comprei 2 quite e so recebi 1 estou aguardando o outro || comprei 2 quite e so recebi 1 estou aguardando o outro || Até agora não recebi, tem coisas que chega atrasada. Outras chegam no prazo certo. As toalhas estão atrasada. || Gostei das toalhas, tamanho bom , cores vivas. Recomendo  || Entrega feita normalmente. Produto de boa qualidade. || Comprei 8 toalhas pois cada uma seria de uma pessoa diferenciando pela cor , assim como dizia no anúncio que seriam 8 toalhas de 8 cores diferentes e recebi 8 toalhas com 4 cores diferentes. || Bom || Péssimo material , falta de respeito com consumidor, mandam as cores q bem entendem","toalhas, cores, atrasada, so recebi, diferentes, esperava, estou aguardando, so",True,True,False,negative,0.42334485054016113,,,,
b532349fe46b38fbc7bb3914c1bdae07,"Nem ratrear estou conseguindo:( || É de se chatear, você compra a mercadoria, paga o frete e tem que se aventurar para retirar sua mercadoria. Você vai porque precisa do produto porque a vontade é de desistir da compra.  || É de se chatear, você compra a mercadoria, paga o frete e tem que se aventurar para retirar sua mercadoria. Você vai porque precisa do produto porque a vontade é de desistir da compra.  || Produto entregue no no prazo e com qualidade! || Produto entregue no no prazo e com qualidade! || Efetuei a compra de 3 peças , conforme descrito na nota fiscal, mas ontem recebi apenas 2. Está faltando 1 peça, entrei em contato imediatamente com o site e informei o ocorrido e ainda não respondera || Efetuei a compra de 3 peças , conforme descrito na nota fiscal, mas ontem recebi apenas 2. Está faltando 1 peça, entrei em contato imediatamente com o site e informei o ocorrido e ainda não respondera || Efetuei a compra de 3 peças , conforme descrito na nota fiscal, mas ontem recebi apenas 2. Está faltando 1 peça, entrei em contato imediatamente com o site e informei o ocorrido e ainda não respondera || Entrega antes do prazo .... SHOWWWWWW  || Entrega antes do prazo .... SHOWWWWWW  || Super indico  || muito grande nao dar pra coçar em ambientes pequeno.
 || Comprei 4 luminárias e até o momento, recebi 3.
Já liguei para a empresa responsávelpela entrega e fui informada que devo receber logo a luminária que falta || Comprei 4 luminárias e até o momento, recebi 3.
Já liguei para a empresa responsávelpela entrega e fui informada que devo receber logo a luminária que falta || Comprei 4 luminárias e até o momento, recebi 3.
Já liguei para a empresa responsávelpela entrega e fui informada que devo receber logo a luminária que falta || Comprei 4 luminárias e até o momento, recebi 3.
Já liguei para a empresa responsávelpela entrega e fui informada que devo receber logo a luminária que falta || BOM ATENDIMENTO, FACIL DE COMPRAR ENTREGA RAPIDA. || BOM ATENDIMENTO, FACIL DE COMPRAR ENTREGA RAPIDA. || BOM ATENDIMENTO, FACIL DE COMPRAR ENTREGA RAPIDA. || Pedi 3 luminárias e recebi até o momento somente 2. Já reclamei para o entregador, porém não recebi ainda a luminária que está faltando. ","luminárias, luminária, comprei luminárias, liguei para, recebi já, informada, está faltando, você",True,True,False,neutral,0.48060575127601624,,,,
b5e13c9a353102f79c6206ff5cb61a50,"BOM PRODUTO, ENTREGA RÁPIDA! || Comprei o produto em dezembro e ate agora nao chegou. || O produto enviado não condiz com o visto nas fotos da propaganda. É de péssima qualidade, não atende as expectativas e não serve para o fim que foi adquirido, além do atraso na entrega.Quero devolver || Pedir skate masculino veio feminino  || Comprei a mochila e recebi a sacola. || Olha pelo que eu vi e uma ótima empresa porém só não me agradou o fato da entrega que se prorrogou mais do que eu esperava  || Estou indignada. É o presente de natal do eu filho ,comprei com antecedência e não chegou.  ||  EU NÃO GOSTEI DO ATRASO PORQUE ERA PRESENTE DO NATAL || NÃO GOSTEI DA DEMORA
 || estou tentando trocar este produto a qualidade é péssima..o kit segurança é para 14 anos..e indica que é infantil..meus filhos tem 6 anos..a estampa veio diferente do que mostra a imagem. || estou tentando trocar este produto a qualidade é péssima..o kit segurança é para 14 anos..e indica que é infantil..meus filhos tem 6 anos..a estampa veio diferente do que mostra a imagem. || Recebi o skate com duas avarias.
O kit de segurança é de má qualidade e todo desbotado, além de o skate ser com personagem para meninos e o kit de segurança ser rosa.....
Estou muito descontente.  || Entrega dentro do prazo. || Não gostei muito ruim não compro mais nessa loja. || Não tenho como avaliar se ainda não estou de posse do produto. Qual a previsão de chegada? || O produto parece ser outro pela foto  || O produto parece ser outro pela foto  || falta a capa do celular, o skate chegou || Entrega no prazo e em perfeito estado...parabéns. || comprei um conjunto de skate infantil masculino como na descrição. O skate veio de uma cor, o capacete totalmente diferente sem contar que é de isopor. E o kit de proteção veio rosa.","kit, anos, kit de, de, péssima, não, do, estou tentando",True,True,False,negative,0.43925654888153076,,,,
b623b7cb05ee3248fbe4a6ecbeed79a4,"Comprei duas bonecas baby kiss Sid nil dia 07/12/17 e eles entregaram somente 1 boneca ,não veio junto nota fiscal,caixa amassada e também não consigo contato com a lannister o telefone só da ocupado || Comprei duas bonecas baby kiss Sid nil dia 07/12/17 e eles entregaram somente 1 boneca ,não veio junto nota fiscal,caixa amassada e também não consigo contato com a lannister o telefone só da ocupado || Não tô satisfeita ,o prazo era até dia 02 de janeiro é não chegou até hj ,um absurdo vc paga frete para isso || Não tô satisfeita ,o prazo era até dia 02 de janeiro é não chegou até hj ,um absurdo vc paga frete para isso || Estou muito satisfeita com a loja, obrigada!!!! || Até agora não recebi o produto que foi comprado para dar e Natal Natal minha filha, quando ligo ninguém sabe me dar uma posição e fqyei no prejuízo. || Realizei a compra de duas bonecas e recebi somente uma, só que a nota fiscal veio com o valor da duas e ainda não recebi a outra. || Realizei a compra de duas bonecas e recebi somente uma, só que a nota fiscal veio com o valor da duas e ainda não recebi a outra. || gostei do produto estou muito satisfeita parabèns || Boa tarde,

Entrega realizada antes do prazo mencionado. || A boneca é linda !! vou comprar outra pra minha criança e ficar com essa pra mim kkkk || A Entrega chegou bem antes do prazo...
Parabéns pela agilidade. 
 || rapidissima entrega, além das expectativas || boneca muito bonita minha filha amou || Não recebi os produtos corretamente faltou uma boneca pois comprei duas  || Não recebi os produtos corretamente faltou uma boneca pois comprei duas  ||  Tive que retirar no correio, não achei certo,pois paguei o frete.
 Gostaria de saber se vou receber o dinheiro do frete de volta? || Super recomendo o aplicativo lannister.com || Pensei q fosse mais bonita . || á comprei várias vezes e nunca aconteceu atraso, agora foi esse problema,essa boneca foi comprada para uma menina deficiente, que chora todos os dias, pois era para ser entregue dia 17, qu","boneca, duas, não, comprei duas, nota fiscal, 17, fiscal, somente",True,False,True,neutral,0.5141425132751465,,,,
b84520a57891e7a8ae2c68741dcc7146,"O relógio é lindo, minha esposa adorou. || Produto veio perfeito e antes do prazo de entrega. || Meu relógio veio funcionando sem travar e faltou uma caixinha pra mas segurança.  || Muito inferior este produto Não gostei  || Entrega foi antes do prazo produto é como imaginei lindo recomendo  || Ótimo  || Recebi o relógio e adorei,mas ele veio com defeito.Ponteiro quebrado😡 || Produto muito fraco  || Gostei e chegou no prazo,mas ,ruim que eu não olhei que marca era o produto e me surpreendi pela qualidade. Pois pelo valor poderia ter uma qualidade melhor. || Produtos chegaram muito rápido. || Meu relogio nao chegou || Produto de boa qualidade. || Relógio veio danificado e não é original ","relógio, produto, veio, lindo, gostei chegou, pelo valor, imaginei, recomendo ótimo",True,True,True,neutral,0.42319250106811523,,,,
b8a0d73b2a06e7910d9864dccdb0cda2,"Entrega muito antes do prazo! Perfeito, comprarei mais || O PRODUTO AINDA NÃO FOI ENTREGUE NO PRAZO. O QUE EU FAÇO??? || Compra segura || Super Recomento, meu produto chegou no dia seguinte da comprar super bem embalado. Parabéns!! || Super Recomento, meu produto chegou no dia seguinte da comprar super bem embalado. Parabéns!! || Eu quero o meu produto ou meu dinheiro de volta!!! || O pedido foi entregue parcial e o vendedor não entrou em contato comigo. Estou aguardando resposta da pág seguro || Eu fiz um pedido de dois itens, 1 shampoo da L?Oréal e um Condicionador Joico, só recebi o condicionador. Quando receberei o shampoo? Obrigada! Adriana  || Recebi apenas o shampoo, está faltando o condicionador. Gostaria de saber o que aconteceu || Olá,
Estou aguardando a entrega do meu produto. || A mercadoria não foi entrega por causa dos correios que enviou a mesma paraum local de retirada de dificil acesso.Em outra cidade. || Recebi o produto corretamente, || Recebi o produto corretamente, || O produto ainda não chegou || A entrega foi dentro do prazo, bem embalada e a empresa comunicou todos os passos da compra e entrega do produto","meu produto, recomento, produto corretamente, super bem, produto, meu, super, da",True,False,False,neutral,0.48939481377601624,,,,
b8b426747049f2d3d6e00b486d47dedb,"O prazo máximo de entrega seria dia 27 de abril, e até a presente data não recebi o produto. || Loja correta, séria. Entregador não respeitou prazo por causa da greve, mais não somente...precisei reclamar para acelerar a entrega. Loja = ok, produto = ok, entrega...👎👎👎👎 || Otimo  || Amei, produto de qualidade e chegou antes do prazo previsto !!!! Recomendo a quem quiser , superou as expectativas !  || Entregaram muito rápido,amei!
O produto certo do jeito que eu queria. || O produto chegou com a caixa amaçada... Como se tivessem colocado algo em cima dela. No entanto, sem avarias, mas negligência com o produto. || E muito bom || Produto excelente e entregue no prazo certo. || Excelente compra || Excelente compra || Conprei um de 220v e quando chegou era 110v || Pedi para que trocassem o produto por causa da voltagem e ainda não ganhei retorno  || Gostei muito, entrega antes do prazo estipulado. Produto correto, sem avarias. Recomendarei com certeza. || Recebi meu produto porem com certo atraso. || Assim que fiz a compra e efetuei o pagamento, logo autorizaram a compra e emitiram a nota fiscal, em poucos dias minha mercadoria já estava sendo entregue. Chegou sem defeito e em perfeito estético.","por causa, produto, causa, amei produto, certo, sem, compra, excelente",True,True,False,neutral,0.43339699506759644,,,,
b92a7304ebad1ca5b393b53b2de5c70a,"A cadeira é linda e confortável,mas não compraria novamente.  || Muito bom. || tirando o detalhe de a cadeira vir com algumas manchas, tanto na parte branca como na rosa manchada de preto, o material é um pouco mais fragil. mas mt bonita, vale pra quem quer mesmo com esse estilo ||  SATISFEITO COM O PRODUTO || Compra tranquila, produto entregue no prazo estimado. || Foi entregue antes do prazo e o produto é de ótima qualidade || boa || A base da cadeira veio quebrada. Podem me mandar outra base?
Fiquei aborrecido nem quero comprar mais pela internet
 || Tudo certinho 👏🏻👏🏻👏🏻 || Não comprem esse produto, muito mal acabado, veio acabamento com furos no pé da cadeira, acabamento das costas com furos errados e mal cortado alem da fragilidade do encosto. Não Recomendo. || Nao recomendo pessima qualidade,ja veio com o assento rasgado a parte branca encardida de tao empuerada que veio paguei o frete caro e nao recebi em casa tive que ir busca. || Produto bom,de qualidade,chegou no prazo, em perfeita ordem indico a todos || Estou achando muito demorado há entrega, ficaram de me entregar até o dia 02/02/18 e até hoje não chegou  || muita espera || Ficou lindo no quarto da minha filha. || A cadeira é linda porém desconfortável e veio descolado uma parte também achei que veio suja o branco dela","cadeira, branca, parte, base, veio, mal, que veio, linda",True,True,True,neutral,0.4243464171886444,,,,
b99e4f4fa3f421e0ffbd512d9f152dec,"Gostei de comprar nas lannister, envio rápido e sem problemas || Muito bom || Muito bom || Muito bom || recomendo a todos || Produto atendeu perfeitamente minhas expectativas. Entregue no prazo, como sempre. Parabens Lojas lannister || loja mto boa de comprar || Paguei passagem para retirar o produto nos Correios quero o ressarcimento do frete ,se até o dia 1 não me derem uma resposta no dia 2 irei ao Procon.  || muito bom tudo certinho || Chegou certinho e no prazo , parabéns || muito bom. gostei.","bom muito, de comprar, muito bom, bom, certinho, muito, parabéns muito, chegou certinho",True,True,False,positive,0.7513006925582886,,,,
ba4a91633739ceceb2b73b627e2cfbc3,"recebi no prazo || Recebi o produto corretamente. Entrega rápida. Recomendo!! || Produto chegou com um pequeno defeito. || O produto não apresenta boa qualidade e veio faltando os parafusos para fixação do encosto. Ainda terei que buscar no.mercado o parafuso específico para poder usar a cadeira. Não recomendo. || Ainda nao recebi minha mercadoria. || O produto poderia ser embalado as partes estofadas brancas vem sem nenhuma proteçao ou embalagem soltas com ums papelao. || Não chegou tudo o que eu pedi e consta como se estivesse entregue  || O produto veio bem embalado, em perfeito estado.
É um pouco complicado de montar. || Tive que pegar nos correios, e na caixa só havia uma cadeira sendo que eu comprei duas!!! Vou processar! || Tive que pegar nos correios, e na caixa só havia uma cadeira sendo que eu comprei duas!!! Vou processar! || Adorei a cadeira, bonita, confortável e fácil de montar. Eu mesma montei.
Obrigada!","cadeira, uma cadeira, montar, na caixa, havia, que eu, comprei duas, nos correios",True,True,False,neutral,0.47073671221733093,,,,
ba80c9f47a84d1e08465f72e22930c83,"Quero cancelar este pedido  || Muito bom o atendimento a entrega foi rápida e o produto foi entregue. || Chegou muito bem embalado e dentro do prazo. || Chegou muito bem embalado e dentro do prazo. || O PRODUTO CHEGOU NO PRAZO, PORÉM, NO ÚLTIMO DIA DO PRAZO. DEMOROU MUITO, PODERIA SER MAIS RÁPIDO. || O PRODUTO CHEGOU NO PRAZO, PORÉM, NO ÚLTIMO DIA DO PRAZO. DEMOROU MUITO, PODERIA SER MAIS RÁPIDO. || Foi ótimo o preco mas o prazo de entrega demorou quase 18 dias  || Foi ótimo o preco mas o prazo de entrega demorou quase 18 dias  || O produto chegou antes do prazo, processo ok! || O produto chegou antes do prazo, processo ok! || Até agora, não consegui entrar em contacto para resolver meu problema, e o telefone de sac só com secretária eletrônica e que não dispõe de mecanismos que levem a falar diretamente com um atendente  || Comprei 2 remedios e me entregaram apenas o1. Preciso dos remedios || Comprei 2 remedios e me entregaram apenas o1. Preciso dos remedios || demoraram a colocar nos correios, mas depois foi rápido, mas atrasou ! || demoraram a colocar nos correios, mas depois foi rápido, mas atrasou ! || ok ok || ok ok || ok ok","ok ok, ok, demorou, prazo, entregaram apenas, foi ótimo, atrasou, rápido",True,True,False,neutral,0.4667879045009613,,,,
bb42f37fc3d9130e4a4339d24a47dd7c,"Produto foi entregue parcialmente
não recebi o que comprei  || O produto chegou no prazo, foi entregue o produto correto, porem o produto chegou incompleto, pois era pra vir quatros produtos e foi entregue só dois. E a nota fiscal esta incorreta. || Prazo de entrega, produto especificado, com qualidade || ainda não usei, mas chegou tudo certo || Recebi corretamente e no prazo || Recebi corretamente e no prazo || A qualidade do cetim poderia ser melhor, mas de modo geral o produto é bom.  || Recebi muito rápido, produto perfeito!! || Recebi o produto antes do que esperava. Vcs são incríveis!  || Entrega rápida
Tudo perfeito
Nota 10 👍 || Gostei muito do produto || Fronha de má qualidade, costuras pareciam mal feitas. || Excelente || Não recebi meu produto. ","produto, recebi, corretamente, foi entregue, no prazo, cetim, ser melhor, parcialmente",True,True,False,neutral,0.461370050907135,,,,
bb50f2e236e5eea0100680137654686c,"Entrega muita rápida e produto em ótimo estado. || não recebi meu produto e não obtive nenhuma resposta ainda || Incrível trabalho que foi feita, produto entregue muito rápido, em uma semana já estava na minha casa, recomendo a todos, vale a pena. || O produto chegou em 3 dias. || Recebi antes do prazo previsto, é ótimo e vai me ajudar muito na prática clinica. Recomendo! ||  Estou a dias esperando a mercadoria , já fui no correios , e não deixaram retirar !!!  || chegou antes do previsto. produto de qualidade || Não recebi a mercadoria e não tive retorno do stark. Péssimo suporte. || Recebi o produto corretamente, antes do prazo e sem nenhuma divergência. || bom || gostei de tudo || Muito bom, super recomendo 😍 || Recebi antes do prazo .Muito Bom!! || A entrega ocorreu até mesmo antes do prazo, nota 100, porém o produto (aparelho) veio com o adesivo das medidas descolado, achei bem sensível esse produto pelo valor pago.  || Todas as expectativas foram atendidas. || Bom || Produto chegou antes do previsto. 
Impecável!
Recomendo. || Estou esperando o meu produto já tem mais de 10 dias e ainda não chegou na distruidora de Juiz de Fora.  || entre em contato com a lannister e estou no aguardo de uma resposta o mais breve possivel sobre pravisão de chegada do produto || O PRODUTO CHEGOU ANTES DO PRAZO.","produto, do, antes do, antes, de, esperando, recebi antes, previsto",True,True,True,neutral,0.43570348620414734,,,,
bbaef2eadf31fe3ea6702077398be06c,"Os pincéis vieram amassados, não condiz com algumas fotos, mas condiz com a descrição. São fracos, não cabem na case e um veio descolado  || Pinceis não atendeu minha expectativas.. || Pinceis não atendeu minha expectativas.. || Produto veio com defeito || Muito boa qualidade,mas teve um pincel que veio solto mais eu encaixei. || Recomendo a todos! || Revomendo pois acredito que o ocorrido não seja culpa da loja || um pincel o de boca, veio com defeito || Recebi o produdo, infelizmente nao era o que eu esperava e os pincéis estão soltando as cerdas || Um dos pincéis veio duplicado e outro faltando, e alguns pincéis estava com as pontas amassadas, de forma que não retornará ao formato original.  || Péssimo produto! Os que são vendidos nas lojinhas de 1.99 talvez seja mais satisfatório! E ainda veio um quebrado, mesmo estando bem embalado, ou seja dá pra pensar que já foi armazenado quebrado  || Meu produto tá a mostrando que ainda estar em transporte. || Adoro comprar nas lojas lannister, tem tudo q eu preciso.adoro || EXCELENTE PRODUTO, ENTEGUE NO PRAZO ESTIPULADO E ÓTIMA QUALIDADE || Meu produto veio errado, pedi um estojo de pincéis com 12, e veio um estojo de tesoura no nome de Gabriel Leão  || Meu pedido não foi entregue no prazo que seria até 06/06/2017 e hoje 08/06/2017 e nada do meu produto ,e tive que abre um ocorrência na lannister.

Para verificar o motivo . 
 || Adoreei...Recomendo!!! || Amei?? || produto otimo || Prazo de entrega muito extenso","pincéis, 06, veio, pinceis, um, seja, não atendeu, que",True,True,False,negative,0.42154979705810547,,,,
bd6e6fce9ada76ea2db0f1912e8e478f,"meu mosquiteiro veio com dois furos na parte superior e pedir um mosquiteiro King porem nao veio Kiung e sim QUEEM || Muito bom o produto e entrega no prazo. Obrigada || Produto conforme o anuncio, envio rapido e embalagem otima. || Entrega rápida.Recomendo  || Entrega rápida.Recomendo  || Eu encomendei 2 mosquiteiros de solteiro Elegance e 1 queen. Chegaram 3 mosqueteiros de solteiro e nenhum queen. As 3 notas fiscais que vieram descrevem outros produtos, não os encomendados. || O Produto é bom, mas não deveria ter espaços tão grandes nos buracos, muriçocas podem atravessa-los, embora, com dificuldade. E só por isso não dei 5 estrelas. || não gostei do acabamento produto de péssima qualidade  || Muito satisfeita! Excelente produto! || Muito satisfeita! Excelente produto! || O mosquiteiro deveria ser tamanho unico e colocar o tamanho com a metragem. 
Eu queria q fosse king e nao e especificamente. O produto ""atende"" .
 || Muito bom . || Achei o produto pequeno para uma cama king ou até mesmo queen || O produto que recebi veio diferente do anunciado o do anúncio não tinha elástico o que recebi veio cim elástico fiz uma.a nova compra de um patins e espero receber corretamente  ||  Todas as vezes que comprei com vocês, obtive sucesso. || Eu comprei para chegar na minha casa e não no correio.O problema é os parceiros da baratheon.minha avaliação é ruim, porque os parceiros da baratheon não está cumprindo a entrega no prazo.
 || Produto que eu havia vizualizado e pedido ele não tinha elástico na barra e o que recebi tm elastico na barra || Produto é de primeira qualidade a loja é show de bola || Otimo || Boa experiência. ","king, que recebi, produto, parceiros, não tinha, não, rápida recomendo, deveria",True,True,False,neutral,0.37163278460502625,,,,
bdb4be6ce2f7f2b5be0a16088028c7fc,"Entrega rapidíssima, foi comprado e no dia seguinte já estava disponível, show  || Compra fácil e entrega no prazo  || entrega rápida || Tudo ótimo. || Gostei muito do produto e a entrega me surpreendeu, 10 dias antes do prazo. Aprovado. || Estava atrás desse produto a muito tempo, consegui com o preço bem mais barato do que pedido por outros meios, chegaram super rápido, antes das festas do fim de ano. || Estava atrás desse produto a muito tempo, consegui com o preço bem mais barato do que pedido por outros meios, chegaram super rápido, antes das festas do fim de ano. || Bom dia! Fiz a compra de 2 peças e recebi apenas uma delas. Como devo proceder para regularização?
at.,
João Luiz || Bom dia! Fiz a compra de 2 peças e recebi apenas uma delas. Como devo proceder para regularização?
at.,
João Luiz || Entrega rápida e produto embalado perfeitamente pra não ser danificado. || Entrega rápida e produto embalado perfeitamente pra não ser danificado. || O produto tem uma medida(tamanho) diferente do site  || Produto muito bom. Loja como sempre surpreendendo pelo OTIMO ATENDIMENTO  || Goste e comprei mais duas pra organizar meus Vinhos.","mais barato, proceder para, devo proceder, atrás, com preço, como devo, danificado, barato",True,True,True,neutral,0.5025675296783447,,,,
bdc3291ab242ec1effc8eb0987850268,"muito bom e rapido quando vi ja tinha chegado || muito bom e rapido quando vi ja tinha chegado || Tudo conforme o combinado. || ENTREGA DENTRO DO PRAZO..RECOMENDO! || Entreguei antes do prazo recomendo o produto. || otimo || Produto de fácil instalação. Chegou em 3 dias. || A empreza e otima pessimo e a transportadora correios que retem o produto 4 dias parado sem rastreio
 || Melhor suporte nessa faixa de preço. É a segunda vez que compro, as duas vezes usei com tvs de 43"". Ele deixa pouco espaço na parte traseira, então é bom ver o posicionamento das entradas da tv. || Recomendo  || Recomendo  || EU NÃO RECEBI O PRODUTO POIS O VENDEDOR NÃO PODE FATURAR EM NOME DA EMPRESA COM O CNPJ. SOLICITEI CANCELAMENTO DA COMPRA. || Produtos ok, conforme descrição. || Produtos ok, conforme descrição. || Produtos ok, conforme descrição. || A entrega foi rápida, mas temos que melhorar no rastreamento, pois a gente quase não consegui rastrear.","conforme descrição, descrição, chegado, conforme, vi, ok, prazo recomendo, rapido",True,True,True,neutral,0.45592331886291504,,,,
bdcf6a834e8faa30dac3886c7a58e92e,Produto condiz com as especificações! || Apesar do produto não vir ao identico da compra realizada pq tenho o print da balança eu recomendo a loja mais agora com um pé atras || Não foi entregue || Faz um mês que comprei o produto e o mesmo não foi entregue. Mesmo depois de uma semana após o prazo da entrega. || Recomendo a todos. Ótimo serviço. || Bom  || Ótimo custo x benefício. || Produto chegou em menos de 24 horas. || Só tem um problema. Ela está marcando errado || Recomendo  || Produto entregue em ótimo estado e a entrega super rápida. || O produto chegou e estragou sozinho || Comprei duas balanças e so entregaram uma!! || Comprei duas balanças e so entregaram uma!!,"comprei duas, produto, so, duas, entregaram, ótimo, não foi, um problema",True,True,True,neutral,0.4583134353160858,,,,
be0dbdc3d67d55727a65d4cd696ca73c,"Comprei 6 cartuchos, recebi apenas 4 unidades após o prazo de entrega, e ate hoje estou tentando entrar em contato para uma solução, mas sem sucesso.  || Comprei 6 cartuchos, recebi apenas 4 unidades após o prazo de entrega, e ate hoje estou tentando entrar em contato para uma solução, mas sem sucesso.  || Comprei 6 cartuchos, recebi apenas 4 unidades após o prazo de entrega, e ate hoje estou tentando entrar em contato para uma solução, mas sem sucesso.  || Comprei 6 cartuchos, recebi apenas 4 unidades após o prazo de entrega, e ate hoje estou tentando entrar em contato para uma solução, mas sem sucesso.  || Comprei 6 cartuchos, recebi apenas 4 unidades após o prazo de entrega, e ate hoje estou tentando entrar em contato para uma solução, mas sem sucesso.  || Comprei 6 cartuchos, recebi apenas 4 unidades após o prazo de entrega, e ate hoje estou tentando entrar em contato para uma solução, mas sem sucesso.  || Otimo || Paguei o frete e tive que retirar no correio , falta de respeito com o consumidor. || Bom dia, Não recomendo está loja, pois a mesmo demorou entregar, entregou faltando itens e com a nota fiscal emitida errada! || Bom dia, Não recomendo está loja, pois a mesmo demorou entregar, entregou faltando itens e com a nota fiscal emitida errada! || Bom dia, Não recomendo está loja, pois a mesmo demorou entregar, entregou faltando itens e com a nota fiscal emitida errada!","tentando entrar, comprei cartuchos, apenas unidades, ate hoje, contato para, estou tentando, para uma, uma solução",True,True,False,neutral,0.49962317943573,,,,
be837f2e0152a208d4386f4126d5bd7c,"Gostei muito recomento todos comprar || Produto como anunciado. Entrega rápida. || Tudo conforme anunciado, produto ótimo, venda OK!
 || Pelo preço, mercadoria compatível. || Parabéns . Chegou antes do prazo ,mercadoria ótima surpreendeu minhas expectativas. Ótima pro dia a dia.  || Maravilha  || Chego muito rápido perfeito eu recomendo || Não recebi minha mercadoria ainda. Pois o prazo já passou e não recebi. || entrega antes do prazo e material de boa qualidade || Mostrou c grande quando chegou pequenas de mas 'fragia' || Entregue no prazo. Mercadorias conforme anunciadas. OK. || Entregue no prazo. Mercadorias conforme anunciadas. OK. || Gostei muito do atendimento nessa minha primeira compra voltarei a comprar mais vezes || Entrega rápida e ainda aguardando testar o produto  || ótima ferramenta para serviços caseiros || Fiquei satisfeito com a logística e o produto conforme o valor o valor do anúncio. || Inclusive recebi bem antes do prazo de entrega  || O produto foi entregue muito bem embalado e chegou bem antes do prazo .
Indico para todos. || Boa loja","mercadorias, conforme, mercadoria, prazo, ok, ótima, anunciado, do",True,True,True,neutral,0.4722229838371277,,,,
bee2e070c39f3dd2f6883a17a5f0da45,"Produto incompleto || Produto incompleto || Na minha opinião, esse vendedor corresponde às expectativas do cliente. Eu recomendo, nota 10 || Tudo ok || Tudo ok || Meu pedido foi entregue antes do prazo,excelente produto. || americana sempre entrega rapida e tudo certo agadeço e parabens pela competencia || CORREIO TA UMA DROGA || Rapidez e eficiência.Produto entregue no prazo correto. || Adoro comprar na lannister.com. Nunca tive problema com as compras.  || Entrega rápida e produto de qualidade || Empresa targaryen, vende o produto e não entende nada sobre ele.Manda procurar uma fonoaudióloga. || Indico a loja excelente produto , entrega super rápida  || poderia ser mais discreto sem aquele anel dourado. || produto entregue no prazo. condiz com o anúncio. || produto entregue no prazo. condiz com o anúncio. || Parabéns pelo atendimento! || gostei muito do meu pedido o aparelho de ouvido falta o meu telefone., estou aguardando, este pedido que chegou foi feito por ultimo. Obrigada! aguardo o outro. || Enviei um comunicado para as lannister sobre o produto que me foi entregue faltando um dos pedidos!
Até agora aguardo retorno!
Vou acionar a policia caso não seja enviada uma resposta sobre a regul || Enviei um comunicado para as lannister sobre o produto que me foi entregue faltando um dos pedidos!
Até agora aguardo retorno!
Vou acionar a policia caso não seja enviada uma resposta sobre a regul","sobre, produto, faltando um, caso, aguardo retorno, as lannister, incompleto, aguardo",True,True,False,neutral,0.4710116982460022,,,,
bfc0d01be79d9038c7720f983bf954e0,"Sempre compro pela Internet e a entrega ocorre antes do prazo combinado, que acredito ser o prazo máximo. No stark o prazo máximo já se esgotou e ainda não recebi o produto. || De fácil manuseio, até o presente atende as expectativas.  || otimo relogio,mas gostariade saber se tem como diminuir a luminosidade? || nao cunpre oque promete
 || Amei o produto. Se ñ der problema.  || O produto chegou no prazo certo. || SATISFEITO || O produto foi entregue dentro do prazo. || A caixa não veio em bom estado, o produto teve que ser limpo, mas está funcionando. || estou no aguardo do produto e até agora não tive nenhum retorno. || FICO MUITO FELIZ E SATISFEITO EM COMPRAR NO APLICATIVO PELA INTERNET DA LOJAS lannister. || Bom atendimento estou satisfeito e eu recomendo esta loja OK","máximo, pela internet, internet, satisfeito, se, produto, prazo, pela",True,True,False,neutral,0.43964341282844543,,,,
c1488892604e4ba5cff5b4eb4d595400,"Produto ótimo recomendo para quem for comprar  || Produto ótimo recomendo para quem for comprar  || Comprei vai fazer dois meses, paguei o frete e não entregaram, vou no Procon.... não é a primeira vez que vc fazem isso, nunca mas compro nesse sait || Comprei vai fazer dois meses, paguei o frete e não entregaram, vou no Procon.... não é a primeira vez que vc fazem isso, nunca mas compro nesse sait || Ótimos produtos! Entrega rápida.Produto chegou antes do previsto.Muito bom  || Ótimo produto, qualidade ótima também adorei || tudo 100% correto || Produto chegou no prazo como combinado, e sem problemas ou avarias.
Eficiente. || Excelente produto.
Obrigada || Eu recomendo muito o produto, além de tudo a entrega foi muito rápida. || Sempre satisfeito  || Já comprei no stark e nunca atrasou essa é a primeira vez que tá tendo atraso , mas justificaram o porquê, mas ainda não chegou, no aguardo!! || Tudo ok || 1 mes de atraso na entrega !!! ultima compra q faço || Excelente produto.
Vendedor nota 1000 || Excelente!Fui atendida antes do prazo estipulado e pude acompanhar pela internet por onde estava o produto e recebi embalado em perfeito estado. || Estou aguardando o produto ","primeira vez, vez que, primeira, produto, for, meses, nesse, nunca",True,True,False,neutral,0.46146705746650696,,,,
c1617123e66d2491ca93ceadfd36203e,"Ótima cortina, pano muito bom superou minhas expectativas.vou comprar outras com certeza || Gostei do produto! || Correu tudo bem com a minha compra, portanto estou satisfeita! Gosto muito de comprar nas lojas lannister! || Chegou dentrou do prazo, porem a cortina estava um pouco torta na parte inferior, achei a parte em pvc ""fina"", frete caro. || A cortina é muito bonita,perfeitas condições,chegou certinho conforme descrito.
A cortina nem parece tafetá,lembra um cetim,ficou muito bonita no quarto da minha filha,escureceu bem pois atras do taf || Eu recomendo a empresa || Gostei do produto, o prazo foi exato e o preço ,muito bom.
Comparei sempre || Meio demorado mas dented do prazo, ou seja prazo longo... Mas veio TD certinho || Muito Bom || Cortina linda e de boa qualidade, ainda não estalei, mas ja vi que vai resolver meu problema com a luz do brindex. || Chegou antes do previsto ....ótimo produto. || Muito bom","cortina, muito bonita, muito, bonita, do, parte, gostei do, muito bom",True,True,True,positive,0.41805675625801086,,,,
c1f5307decb89342351bec53668cffd9,"Produto entregue corretamente, porém achei que demorou!  || Produto de ótima qualidade, só acho que a entrega deveria ser mais rápida. || Comprometimento
 || Um dos itens do kit está incorreto. || Não recomendo, pois recebi algo que não foi o que comprei  || O produto chegou danificado... A película q comprei totalmente quebrada
 || loja cumpri o prazo  || Fiz uma compra na loja paguei pelo frete para receber o produto na minha casa, e não ter que pegar nos correios, se eu quisesse buscar o produto compraria em uma loja física || Produto atendeu minha expectativa é chegou bem rápido. || Primeira vez que comprei nas lannister, não gostei. Demorou muito pra entregar o produto, já estava desistindo.  || Ok tudo certo obg.
 || Adorei! Entrega super rápida! Estão de parabéns!  || Apenas um detalhe, a película de vidro não é recomendada para o Xperia XA1 pois a sua tela é abaulada e a película não adere nas margens. A película recomendada é de Gel.  || Até o momento não recebi a mercadoria, o prazo já excedido e muito!  || Só achei a película um pouco pequena em relação ao tamanho da tela, na largura. Se tivesse 2mm a mais acho que ficaria melhor.  || Foram comprados dois produtos, na nota fiscal que veio com a encomenda constam os dois produtos, mas na caixa da encomenda só havia um dos produtos adquiridos!  || Razoável  || A entrega veio faltando um dos produtos. Só foi entregue um produto de 2. || Falta de respeito com cliente","película, um dos, tela, que, um, produto, produtos, encomenda",True,True,False,negative,0.4314288794994354,,,,
c20a3f598c16d77249da67e81caa8317,"Produto muito frágil || Comprei duas unidades do produto só recebi uma. Aguardo o envio ou informações sobre a segunda.. || Comprei duas unidades do produto só recebi uma. Aguardo o envio ou informações sobre a segunda.. || Exelente || A entrega foi feita no prazo, porem foi entregue somente um moedor de café e nao dois cono feito no pedido, aguardo retorno || A entrega foi feita no prazo, porem foi entregue somente um moedor de café e nao dois cono feito no pedido, aguardo retorno || Entregue dentro do prazo e inteiro  || Tudo normal. De acordo com o contratado.  || Está perdido nos Correios.  || recebi um email das lannister informando que haviam problemas na distribuicao, e agora outro perguntando se recebi a compra o que ate o momento nao aconteceu, nao sei o que aconteceu ou a que atribu || A quantidade entregue não foi a comprada.
Recebi apenas 1 unidade. || A quantidade entregue não foi a comprada.
Recebi apenas 1 unidade. || A quantidade entregue não foi a comprada.
Recebi apenas 1 unidade. || A quantidade entregue não foi a comprada.
Recebi apenas 1 unidade. || bom || Muito bom , entrega foi rápida. || Até o momento não te hoje informação do produto e TB sem resposta dos e-mails que passri || boa opção para compra || Meu produto estava previsto para entrega até dia 04/04, mas até hoje meu produto nem chegar no Rio de Janeiro chegou! || Ótimo","comprada, quantidade, entregue não, unidade, recebi apenas, aguardo, foi, unidades do",True,True,False,neutral,0.5336567163467407,,,,
c230b471b7e21ff9060e68ee154afd70,"Relógio que comprei foi uma replica do original.  || Relógio que comprei foi uma replica do original.  || Relógio que comprei foi uma replica do original.  || Relógio que comprei foi uma replica do original.  ||  pensei que era um relógio casio original e chegou um similar com qualidade totalmente inferior .
Pedir para devolver esta em processo || Recebi um produto falsificado e estou esperando o retorno do email que eu mandei.  || O relógio não era original e a foto do anuncio não batia com o qual recebi. Produto de pessima qualidade.  || Produto diferente do oferecido, e cheio de defeitos. || Meu produto não foi entregue. Já mandei várias mensagens e não obtive nenhum retorno. Quero meu dinheiro de volta || Comprei um produto que é uma REPLICA que esta sendo vendida como original!!
Não acompanha caixa original,manual ou garantia!!!
produto com aspecto de usado,todo arranhado!!
e desejo cancelar o pedi || Comprei um produto que é uma REPLICA que esta sendo vendida como original!!
Não acompanha caixa original,manual ou garantia!!!
produto com aspecto de usado,todo arranhado!!
e desejo cancelar o pedi || Na imagem o produto parecia maior, a qualidade e péssima, ja tem arranhões, e não gostei em, nada!
estou devolvendo. || O relógio que recebi é uma falsificação da marca Casio, não veio em uma embalagem apropriada, não tem manual e ainda por cima parece usado. || Comprei pensando que era um Casio de verdade, era um relógio pirata e ainda de mostruário, todo riscado. Golpe. ","replica, original, relógio, relógio que, foi uma, usado, casio, que",True,True,False,neutral,0.474527508020401,,,,
c2a1ff8408a1c857c8730e4d12da714e,"Eu gostei muito dos meus produto || Hh || Hh || O problema são os correios que não cumpre o prometido na entrega. || Não solicitei cancelamento de pedido, queriam entregar o produto nos correios, mas paguei frete para receber em casa. Recebi vários email que não correspondem à verdade dos fatos. || Ótimo produto.chegou dentro do prazo.  || O produto chegou em perfeitas condições e muito antes do prazo esperado.muito obrigado. || Ainda não consegui usar pois o Manual veio em inglês. || A entrega foi feita na casa de uma vizinha e o correio nao avisou. || Recomendo produto entregue na data antes do previsto adorei || Em relação a loja que vendeu entregou tudo direitinho e rápido. Ainda não testei o produto, mas em relação a compra e entrega recomendo. || Veio faltando duas peças. || MUITO BOM ,chegou antes do prazo ","em relação, relação, em, casa, que não, produto, não, correios",True,True,False,neutral,0.46134376525878906,,,,
c2ece64199af7a53793ed9612a89a8cd,"fiquei muito satisfeita o produto e bom excelente qualidade ... ficou lindo no quarto de meu filho . || ok || chegou tudo certo || Chegou antes do prazo, certinho.Eu recomendo!! || Meu pedido continha dois produtos comercializados pela targaryen. Apenas o saca-rolhas chegou. As prateleiras para livros infantis Quarto Bebê-60 cm - 2 peças ainda não chegaram. || O produto atende realmente o que mosta, bom acabamento, entregue antes do tempo. || Custo benefício ótimo. O tamanho e a qualidade são execelentes || Produto muito bom e de acordo com as especificações. Chegou dentro do prazo. || Chegou antes do prazo dado, as prateleiras são lindas e bem acabadas. Recomendo!  || Somente as prateleiras foram entregues 
A mesa e a cadeira não  || Recebi ate agora só um item, e são dois...  || Gostei.  || Só recebi a cortina, as prateleiras ainda não.","quarto, as, são, chegou, 60, mesa, bebê, agora só",True,True,True,neutral,0.42562296986579895,,,,
c3ba4e8d3cb30049213b682e751e9d00,"bom tmb || Veio um relógio feminino no lugar do relógio masculino que eu pedi, fiz o cancelamento e a devolução do que eu recebi e também sobre o estorno e não recebi nenhuma resposta. || Chegou certinho antes prazo || Bom dia.
O produto que recebi é diferente do que a loja mostra como foto.
Gostaria de devolver o mesmo e estornar o valor do cartão.
Muito obrigado.
Att.
 || excelente || Conforme combinado  || Nota 10 pela entrega.
O produto não tem a cor exatamente preta, está mais para chumbo cobreado... || Ótimo  || Otimo produto chegou até antes do prazo venho perfeitamente pode confiar loja de confiança || Produto veio com defeito, a caixa do relógio solta,sem parafusos. Quero devolução!! || Contrariando código de defesa do consumidor. (Lei 8.078. Art.31 ) O relógio não vem com manual em Portugues.Veio em ingles um Xerox meio apagado. Recorri ao You Tube ,onde há demonstrações em espanhol || nunca comprei produtos pela internet essa foi a primeira vez e vou recomendar para os amigos e familiares muito grato || Excelente!! || Meu esposo amou o relógio. Teve um problema na primeira tentativa de entrega. Mais a loja targaryen resolveu td. Estão de parabéns 👏👏👏👏👏👏👏👏👏👏👏 || A película veio completamente destruida. || Não posso avaliar, pois ainda não recebi o produto. || No geral eu gostei, porem o produto não veio exatamente na cor que aparece no site e ele veio enrolado em plástico bolha sem caixa própria do Relório || Produto é razoável  || Sempre comprei na lannister, porém, não recebi meus produtos em tempo hábil. || Gostei otimo produto
","relógio, do relógio, veio, do, produto, não, em, otimo produto",True,True,True,neutral,0.49380382895469666,,,,
c3f6113d5b61bc95468432072b27e23d,"Atendeu minha necessidade || detesto receber mercadorias pelo correio, pois acabo perdendo tempo em ter que ir ate a agencia retirar, porque o correio não tem logística de entrega domiciliar, e todo lugar e área de risco || Produto corretamente embalado, chegou no prazo e atendeu totalmente as expectativas.  || Produto corretamente embalado, chegou no prazo e atendeu totalmente as expectativas.  || Produto corretamente embalado, chegou no prazo e atendeu totalmente as expectativas.  || Minha opinião, como consumidora esperando o produto, para uso de trabalho, a resposta foi nenhuma dos correios quando entrei com o protocolo dos senhores não havia entreg, depois área de risco simples || Apesar do modelo ser compatível com a impressora, a mesma não aceita o tonner. Realizei um teste com o tonner que comprei em outro lugar, este também, phaser 3040, e a impressora leu normalmente. || Comprei um toner, mas, não funciona. Exijo que seja feita a troca || Produto parece ser bom, não usei ainda, mas pecou na entrega. || Não chegou. Nada a declarar. || Foi enviado cartucho incompatível com minha impressora. ","produto corretamente, impressora, atendeu, totalmente, área, área de, as expectativas, risco",True,True,False,neutral,0.4311598539352417,,,,
c403e106353e1aa40efe783ecb39ed7a,"Foi me enviado apenas um dos itens. A colcha Fantasy roxa não foi enviada. || otimo de se comprar  || Nao recebi o produto,ja liguei varias vezes estou apreensiva || Realizei a compra de 2 colchas de solteiro e só recebi 1 produto.
E até agora não recebi a outra colcha. || Realizei a compra de 2 colchas de solteiro e só recebi 1 produto.
E até agora não recebi a outra colcha. || entrega na data prevista,somente a qualidade do material não é o mesmo que eu pensava mas pelo preço ta valido || Não gostei da colcha, material muito fraco. Na foto estava linda, mas quando chegou fiquei triste, acabendo muito 
mau feito.Mas isso acontece com quem compra na internet || Comprei três colchas no mesmo pedido, chegou apenas uma. Não tem um canal de apoio ao cliente adequado. || Não recebemos a mercadoria até hoje || Não recebemos a mercadoria até hoje || Não recebemos a mercadoria até hoje || Enviaram as colchas separadas, tive q abrir reclamaçao porque chegou 1 nota fiscal c o valor das 2,contudo só chegou 1.Depois de 2 dias entregaram a segunda, ou seja, não faz sentido. || Enviaram as colchas separadas, tive q abrir reclamaçao porque chegou 1 nota fiscal c o valor das 2,contudo só chegou 1.Depois de 2 dias entregaram a segunda, ou seja, não faz sentido. || Muito linda tecido excelente recomendado.
A única coisa que não gostei foi do valor dos fretes. Podia ser frete único e mais em conta. || Não chegou minha colcha || Produto de péssima qualidade.no site é uma coisa quando recebi era outra. || Nao recebi as duas colchas estou sem a colcha fantasy","colcha, recebemos, não, até hoje, realizei compra, abrir, de, hoje",True,True,True,neutral,0.44249337911605835,,,,
c4baedd846ed09b85f78a781b522f126,"Gostei muito,chegou tudo certinho até antes do prazo de entrega. || Não entendi o que houve. No site consta que meu pedido foi entregue, porém, não chegou a minha casa. || ok || Muito rápido na entrega!!!! || Ótimo site para comprar muito confiável || Tudo em ordem , posso confiar. || Muito satisfeito || Adorei a competência da empresa || Tudo como o esperado || Muito rápido na entrega. Produto bem embalado e de acordo com o anúncio. || comprei dois produtos há mais de um mês e não recebi nenhum || O produto foi entregue no prazo e funcionando perfeitamente, detalhe apenas do longo prazo de entrega para certas cidades de interior, mas recomendo a loja! || ótimo produto entrega no prazo recomendo || Responsabilidade cem por cento. || Produto entregue antes do prazo, como sempre, adoro comprar aqui. || gostei muito parabéns || Bom entregou no domingo || No geral ocorreu tudo bem!  || Dei 3 Estrelas pois, Ainda não usei o produto mais em breve digo algo sobre isso! || Gosto de comprar sempre aí....vez em quando os preços são salgados
.kkk","comprar, muito, tudo, muito rápido, de, no, entrega, na entrega",True,True,True,positive,0.42873987555503845,,,,
c50ca07e9e4db9ea5011f06802c0aea0,"Tudo certp || Tudo certp || Produto chegou em ordem, vendedor cumpriu o anúncio. Muito agradecido || Entrega super rápida, muito acima de minhas expectativas. Parabéns! || Entrega dentro do prazo || Entrega dentro do prazo || Entrega realizada dentro do prazo como sempre ! || Entrega realizada dentro do prazo como sempre ! || BOA || BOA || Muito bom || Gostei de comprar com vcs  || Recebi o produto nas condições e prazo combin ado.Recomendo esse fornecedor. || dentro do prazo","dentro do, dentro, entrega realizada, prazo como, prazo entrega, como sempre, realizada, entrega dentro",True,True,False,positive,0.8363322615623474,,,,
c6336fa91fbd87c359e44f5dca5a90ed,"gostei de comprar recebi o produto antes do prazo e de boa qualidade. recomendo. || O produto chegou dentro do prazo. || Comprei pela primeira vez e fiquei satisfeito || O produto até agora não fez efeito espero que faça nos próximos dias || Tudo perfeito. || Muito bom || Muito ótimo  || Excelente produto entregado no prazo obrigado || Tudo certo conforme descrito  || Muito prático, desde a escolha do produto pelo cliente ,na pagina da loja , e ágio, a entrega do produto...... || Comprei mei produto dia 28 e até hoje nao foi entregue  || O produto foi entregue em 4 dias, o fornecedor inspira a minha confiança eu o recomendo.  || Empresas idôneas que sempre cumprem o que prometem. || Bom dia!?!
Recomendo sim.
Foi um excelente negócio.
Confiança total. || fis uma execenti conpra muito bem atendido valeu  || CHEGOU ANTES DO PRAZO || sem comentarios lannister uma das melhores lojas da internet || nao recebi o produto || O produto não foi entregue totalmente, Cobraram 4 embalagens e só entregaram duas. Valor cobrado no cartão 4x61,13 || O produto não foi entregue totalmente, Cobraram 4 embalagens e só entregaram duas. Valor cobrado no cartão 4x61,13","produto, só entregaram, embalagens, cobrado, 13, confiança, cartão, foi entregue",True,True,True,positive,0.4754795432090759,,,,
c6dd917a0be2a704582055949915ab32,"No dia 19 de maio usei e a à alça quebrou sem muito peso  || Adorei, compro novamente! || nota 10 para a loja, produto e para a entrega... || A loja cumpriu com o prazo bem antes da data estipulada. O único problema como sempre é o correios do RJ que vacila nas entregas, pura preguiça de trabalhar.

Indico a loja sim!!! || Linda bolsa  || Gostamos muito do produto,veio exatamente como consta no anuncio,chegou no prazo ,cor exata azul marinho,custo beneficio maravilhoso, excelente!!!!! Recomendamos simmmm😍😍😍 || Ainda não recebo e não sei o motivo || Estou satisfeita  || Por mais que na descrição do produto houvesse o tamanho e o material, a aparência dele na foto digamos que seja nota 10 e o produto ao vivo aberto da embalagem nota 9 || Não gostei não véi igual da foto é o material e muito ruim e também veio com defeito mal custura || Bom || Chegou no prazo e conforme anunciado! || Ótimo produto;produto entregue no prazo  || Eu recomendo essa loja recebi meu produto antes do tempo e veio direitinho.. estão de parabéns

 ||  Vale a pena comprar na lannister..  || Recebi um email relatando que o produto teria sido extraviado e fiz o cancelamento pois era a bolsa de um bebê 
Comprei outra e agora recebi a que comprei com vcs agora estou com duas mercadorias || Além do produto chegar antes do previsto, a qualidade do mesmo tbm me surpreendeu! Adorei! || Muito bom a baratheon  || Produto chegou antes do prazo.  || Produto otimo so demorou chegar...","produto, bolsa, do, nota 10, nota, loja, no, chegar",True,True,True,neutral,0.4240567684173584,,,,
c6ea63369936552872ae890c82175b4b,"Recebi o produto errado em minha casa. Já entrei em contato com a baratheon para fazer a troca do produto, a qual falou que em 48h a loja entraria em contato e amanhã vence as 48h  || Chegou antes do prazo, produto exatamente como esperava. || Comprei o tapete para presente e infelizmente veio menor do que o anunciado || nunca tive reclamacao da shooptime. apenas esta compra que efetuei agora e nao me avisaram que estava no correio. || produto muito bom. superou minhas expectativas. Parabéns à baratheon.  || Tapete top  || Tudo que pedi chegou no prazo , até antes,o tapete e super macio. baratheon muito eficiente. || Produto dentro do esperado
Boa embalagem
Excelente atendimento || Que tapete mais liiiindoo!!! Perfeito. Leve e lindo demais. Felpudo!!! || Tapete Lindo , grande , de boa qualidade e super felpudo. Recomendo. || Lindo , super macio e bem leve,e antiderrapante ... ainda nao lavei , parece ser bem fácil pra lavar  || chegou bem antes do prazo estipulado. || Adorei o produto 
Entregue antes do prazo
Satisfeita com a compra
 || Entrega bem antes do prazo. Produto de acordo às especificações.
 || foi muito bom fiquei feliz com o produto valeu || Sempre pontuais. || Adorei o tapete, muito lindo!  || acho que a cor veio errada || essa e a segunda fez que fiz compra e sempre fui bem atendido fico muito grato pelo atendimento abrigado. || FALTOU UM TAPETE, PEDIDO ERAM DOIS,.RECEBI SÓ UM","tapete, lindo, baratheon, leve, que, produto, bem, do",True,True,False,neutral,0.409712016582489,,,,
c73628b1c3144b2e0c9c88072f21a213,"tudo certo || gostei, recomendo. || Mercadoria entregue , conforme prazos e regras acordados. Recomendo.  || tudo dez
 || Chegou bem rápido || uma bosta || Bom produto, ótima loja. Tudo certo. || com a loja tudo certo mas problema com aparelho || produto foi para assistência dentro da garantia e voltou não funcionando e agora nem as Lojas lannister nem o fabricante me dão retorno, satisfação. A justiça e as redes sociais serão NECESSÁRIOS? || Recomendo excelente  || Muito bom || otimo
 || entregou antes do prazo produto bom. Poden comprar .  || A entrega foi realizada antes do esperado. Produto de excelente qualidade.","tudo certo, certo, tudo, nem, certo com, recomendo tudo, produto ótima, as lojas",True,True,False,positive,0.5393876433372498,,,,
c7b3cf9de7be95b3e09e7a63315685eb,"O produto é bom pelo custo - benefício, só tive que pedir a troca por conta do tamanho que está descrito errado. O correto seria 56x40x26cm (AxLxP) contando com as rodas, só a mala de 20cm de profund. || O produto é bom pelo custo - benefício, só tive que pedir a troca por conta do tamanho que está descrito errado. O correto seria 56x40x26cm (AxLxP) contando com as rodas, só a mala de 20cm de profund. || Produto de boa qualidade e chegou antes do prazo previsto. || Gostei por ter receibido antes do prazo máximo previsto. Previsão que estimei muito longa.
Obrigada || Produto dentro do esperado || Entregue em 5 dias até antes do prazo || Recebi o produto no prazo certo e recomendo o vendedor. || Chegou bem antes do prazo de entrega. Muito bom gostei. || Chegou bem antes do prazo de entrega. Muito bom gostei. || Muito bom o atendimento da loja. Recebi o produto antes do prazo.  || Chegou antes do prazo, super recomendo.  || Entrega muito rápida! Super satisfeita!  || Produto muito bom, entrega antes do esperado.
Muito bom || O produto é bom. Só o acabamento que não é tão bom,mas pelo preço vale a pena. E o tamanho me surpreendeu, muito bom. || Foram atenciosos e a entrega super rápida. || Muito bom, produto entregue no prazo, embalado direitinho, tudo certo","bom, do, mala, muito bom, antes do, entrega muito, tamanho, muito",True,True,True,neutral,0.47735852003097534,,,,
c7fd13b5e515bffdab855d0812842edb,"Eu só recebi um lustre e comprei dois anota veio dois e só recebi um  || Eu só recebi um lustre e comprei dois anota veio dois e só recebi um  || Muito Show, tamanho muito bom pra bancada de divisão de ambiente. Super recomendo.  || Muito Show, tamanho muito bom pra bancada de divisão de ambiente. Super recomendo.  || Empresa de confiança, mais q indicado. || Empresa de confiança, mais q indicado. || recomendo, produto entregue no prazo, de boa qualidade, sem avarias || Produto igual da foto!! Recomendo! Entrega bem antes do previsto!! || Produto igual da foto!! Recomendo! Entrega bem antes do previsto!! || a melhor entrega de todos os produtos que já comprei no site, muito eficiente. Produto chegou rápido com tudo certinho.  || Pendente muito bacana ! Bonito, muito bem feito ! Recomendo! || Muito bom e bonito, produto de boa qualidade. || recebi apenas uma unidade e compramos duas || recebi apenas uma unidade e compramos duas || Encomendei duas unidades do produto e recebi apenas uma. || Encomendei duas unidades do produto e recebi apenas uma. || veio um lustre totalmente diferente do solicitado.

","apenas uma, lustre, recebi apenas, recebi um, só recebi, duas, encomendei, unidades do",True,True,False,positive,0.41976892948150635,,,,
c857b96593773e940454e76efa8eabb3,"Sempre entrega dentro do prazo  || Gostei muito, chegou bem rápido , o produto é ainda melhor que eu esperava. || 10 || Eu recomendo || Eu recomendo || Muito bonita, amei recomendo. || Adorei a cortina || Estou muito de saco cheio minhas cortinas não foram entregues até agora ..dia 22/05/2017 recebi um comunicado que minha área de entrega era área de risco ..mas isso pq eu fui atrás para saber . || Estou muito de saco cheio minhas cortinas não foram entregues até agora ..dia 22/05/2017 recebi um comunicado que minha área de entrega era área de risco ..mas isso pq eu fui atrás para saber . || Não foi o que eu esperava o produto e baixa qualidade  || Entrega rápida e cortina linda.  || Comprei uma curtina q veio toda torta na costura da parte de baixo fiquei muito chatiada. || Entregou antes do prazo valeu ótimo produto amei || Então realizei a compra toda nunta e apenas chegou 1 item sendo que comprei 4 itens! || Então realizei a compra toda nunta e apenas chegou 1 item sendo que comprei 4 itens! || O produto não é entregue no prazo.  || Adorei a cortina muito linda || Ótimo produto nota 10 do jeito que eu queria fiquei muito satisfeito tá de parabéns o baratheon entregou antes do prazo valeu  || Amei meu produto chegou antes do prazo || Achei que a cortina e muito fina ,ela é tudo junto achei que fosse 4 partes ela é transparente. Não compraria novamente ","área, área de, cortina, toda, eu, risco, comprei itens, atrás",True,True,False,neutral,0.46388310194015503,,,,
c92f0e7b9d49a9543558d6532772441b,"Gostei do produto chegou no tempo certo os vendedores estão de parabéns || Muito fácil e rápido. Tempo de entrega no menor prazo.. Mas, o produto é muito inferior. Obrigada. || Muito fácil e rápido. Tempo de entrega no menor prazo.. Mas, o produto é muito inferior. Obrigada. || Comprei duas malas para viagem e só foi entregue uma mala no dia 19/03. Já mandei um email solicitando o porquê que não foi entregue também a outra mala, mais até agora nenhuma resposta.  || Comprei duas malas para viagem e só foi entregue uma mala no dia 19/03. Já mandei um email solicitando o porquê que não foi entregue também a outra mala, mais até agora nenhuma resposta.  || Não usei o produto ainda, mas pareceu um pouco frágil. || a loja em si não apresentou problemas porém houve um imprevisto com a entregadora (correios) que atrasou a entrega e acabei por pedir o cancelamento do produto por motivos pessoais || Grande , cabe bastante coisa! || ótima sempre volto a comprar  || 10 || Compra perfeita,entregue qantes do prazo,baratheon melhor loja Virtual do pais || Fiz minha compra no dia 08/05 e a previsao de entrega era para 
31/05 mas chegou bem antes dia 22/05 e a qualidade é excelente, para quem quer uma mala grande e espaçosa essa é a melhor opção! || O zíper veio com defeito. || muito bom || Produtos de qualidade,ótimos prazos de entrega! || Eu recomendo rápido prático muito bom || Produto bom e foi entregue antes do prazo estipulado.","mala, 05, no dia, muito fácil, dia 19, solicitando, um email, foi entregue",True,True,False,neutral,0.4824347496032715,,,,
c94d19d021d4a8fbae5a45f904aeea90,"Recebi hoje e ainda não montei as estantes, mas as caixas estão íntegras, com aparência de transporte cuidadoso. Recebi bem antes do prazo. Super recomendo a loja! || Recebi hoje e ainda não montei as estantes, mas as caixas estão íntegras, com aparência de transporte cuidadoso. Recebi bem antes do prazo. Super recomendo a loja! || Satisfeita com atendimento e entrega. Não montei ainda pra ver a qualidade do produto. || Tudo correu dentro do prometido. || Produto muito bom, fácil montagem, recomendo || Produto entregue fora do prazo previsto. E com medidas diferentes da descrição da pagina na web. || Efetuei a compra de suas estantes, no entanto, apesar da rapidez na entrega, somente recebi uma delas. 
Requeiro pelo presente a entrega do segundo produto.  || Efetuei a compra de suas estantes, no entanto, apesar da rapidez na entrega, somente recebi uma delas. 
Requeiro pelo presente a entrega do segundo produto.  || Gostei muito, recomendo! || A estante veio com duas bandejas amassadas  || Estas empresas que mandam os produtos desmontados, mandam com o numero ""exato"" de peças, o problema quando falta... faltou uma porca","caixas, efetuei compra, efetuei, transporte, apesar da, no entanto, entanto, segundo",True,True,False,neutral,0.4517125189304352,,,,
c9c6fde711572c1ad99ca12728c6af00,"Entrega antes do prazo, recomendo essa loja. || A capa é muito boa para o celular mas e película inclusa é de muita péssima qualidade. || Somente um adentro o terminal do carregador não é compatível com as tomadas de uso atualmente, sendo necessário um adaptador. Solicito que encaminhe um conector compatível. 
Abraços  || Recomendo à todos || Bom || Entrega super rapida e produto muito bem embalado! || Encaixa perfeitamente  || Tudo ok || a compra chegou parcialmente, as capinhas dos celulares nao vieram junto com o restante do pedido, aguardando para ver se estao vindo separadamente. || a compra chegou parcialmente, as capinhas dos celulares nao vieram junto com o restante do pedido, aguardando para ver se estao vindo separadamente. || Recebido as películas mas não a capa  || Paguei a mais por que queria dar um prsente ao meu filho, um rapaz.. Quando entregaram lá foi na cor dourada que no dia em que comprei era de +ou - R$ 100,00 mais barato e não era a cor que escolhi. || A capa vendida não é igual à apresentada na foto... Tudo diferente... Furação, textura, acabamento, forma/design...
É lamentável como a turma aqui nesse país gosta de passar a perna... || Produto vendido de baixa qualidade. Película nova já não aderiu por completo, a borda não ""cola"" bem no display.  || Entrega bem rápida, confiael, excelente. || Produto correspondeu à expectativa.
Entrega antes do prazo previsto. || Quando eu receber dou notas melhor || Produto muito bom || Já comprei várias vezes e recomendo. É confiável || A PELICULA ANUNCIADA É DE VIDRO E VEIO DE SILICONED","capa, vindo, separadamente, restante, parcialmente, compra chegou, compatível, junto",True,True,True,neutral,0.4582583010196686,,,,
ca5c923962558430573f83661dbe36d6,"Facilidade para uso do app, facilidade de pagamento, produto chegou antes do prazo. || Muito rapido, muito pratico, sempre recebi os produtos exatamente como foram divulgados e ainda antes do prazo.  || 10 || Produto bom || Ótimo vendedor, recebi o produto no prazo combinado. 
Ótimo produto . || Capa grossa, fácil de dobrar para guardar, material bom, conforme as fotos. || Entrega antes do prazo, produto exatamente como está na foto, de qualidade, recomendo. || O produto para carro pequeno || Produto atendeu as expectativas || Produto entregue dentro do prazo e a qualidade do produto parece muito boa! || Eu só acho que deveria ter data certa para entrega do produto, não ficar esperando dias para receber o produto. 
Ex. O meu produto chegou dia 8 de março, Mas a informação era até o dia 19 de março  || As compras demoram muito para serem entregues  || recebi o produto com sucesso. || Realmente o produto é o q promete e chegou antes do prazo","produto, para, do, exatamente como, exatamente, prazo, do prazo, as",True,True,False,neutral,0.5611848831176758,,,,
cac52d956eff0cacf32f4b0f0f3aac5c,"Tudo perfeito! || Tudo perfeito! || Tudo perfeito! || O produto é legal mas bem mal acabado. A xícara é fantástica. A base de madeira é bem feinha, mas no custo beneficio valeu apena. || gostei muito || gostei muito || gostei muito || gostei muito || gostei muito || Produto com madeira rustica, mal acabada, veio descolada do suporte, não foi lixada nem envernizada. O coador veio com aro menor que o aro do suporte. || A solda de uma das hastes metálicas se desfez enquanto eu desembalava o produto. Estou aguardando orientação para devolução.","gostei muito, tudo perfeito, aro, suporte, gostei, mal, perfeito, muito",False,False,True,positive,0.5251230597496033,,,,
cac9e5692471a0700418aa3400b9b2b1,"Os produtos chegaram certinho no prazo estou muito satisfeita muito obrigado vcs estão de parabéns || o melhor site para comprar. || Adorei... || sim eu recomendo, chegou no prazo. || Gosto muito de compra na loja pois Sempre chegar certo bom atendimento obrigada pelo caminho || Agradeço pelo comprometimento o produto veio em ótimo estado e bem embalado.. || Veio tudo certinho e a entrega foi bem antes do prazo. || Veio tudo certinho e a entrega foi bem antes do prazo. || excelente mamadeira! 
entrega super rápida! ! || Recebi só as mamadeiras mandei email questionando a entrega da capa do colchão mas não recebi retorno  || Não recebi meu produto  || Quanto ao produto, nada a reclamar, mas a targaryen que entrega demorou bastante em seu procedimento de separação e entrega do produto, comprei outro produto junto de outra empresa e chegou bem antes! || Excelente produto. || Só foi entregue pelo correio o kit com as 3 mamadeiras, a saia do berço realeza não foi entregue até o momento. Já tive problema com este parceiro targaryen, nas compras que fiz pelas lojas lannister.  || Eu não recebi a chupeta  || Produto bom , e com o preço maravilhoso || SUPER RECOMENDO || As mamadeiras Philips Avent são ótimas, fortes e resistentes. Recomendo a todos os papais e mamães com seus filhos! Produto entregue antes so prazo e em perfeito estado! || Recebi 12 dias antes do prazo, e muito bem empacotado. 
 || Ainda não recebi meu produto e quero ele.
Espero que o baratheon tome uma providência urgente, vez que foi o site intermediário da negociação. ","veio tudo, certinho, produto, foi bem, tudo certinho, bem, não recebi, recebi",True,True,True,positive,0.43603911995887756,,,,
cb81df0e3ccece253557f2a07df4727e,"Produto entregue  || Produto entregue  || Deu tudo certo  || Gostei muito da rapidez na entrega || não posso falar se o produto é bom ao fim a que se destina pq nunca tinha usado antes ainda. Mas chegou ok e bem embalado. ;)  || tudo ótimo || chegou dentro do prazo e bem embalado || Foi uma ótima compra. || Não recebi || entrega foi super rápida! || Chegou antes que o previsto, tudo certo. || Paguei dois frascos, na nota constam dois e dentro da caixa veio apenas um. Trata_sr de medicamentos e não posso ficar sem. || Paguei dois frascos, na nota constam dois e dentro da caixa veio apenas um. Trata_sr de medicamentos e não posso ficar sem. || Tempo de entrega dentro do prazo, porém muito longo.
Daria mais estrelas se a entrega fosse mais rápida.","não posso, posso, frascos, dois, da caixa, veio apenas, dentro da, ficar",True,True,False,neutral,0.4428800046443939,,,,
cc971e0365873137b8bef2ebad633e6f,"produto de otima qualidade chegou rapido || ótimo produto, recebi em uma semana. || Amei! Lindas bolsas, bem reforçadas e espaçosas. Adorei! || A bolsa é ótima. Atendeu as minhas necessidades. || Pensei que viria por transportadora, o que é mas rápido..Mas veio pelo correio e como o correio está horrível pra estregar demorou um pouco mas.. tirando isso foi regular!! || Chegou bem antes do prazo, ótimo produto  || Qualidade do produto e show, vale muito apenas comprar no Site! || Superou minhas expectativas. || Superou as expectativas... || Ótimo produto, e chegou bem antes do prazo. || ADOREI :) || Superou minhas expectativas. 
O produto chegou 1 dia depois que comprei, sendo que o prazo era de 9 dias || Produto bom, na foto a bolsa aparenta ser maior. Vejam bem os detalhes antes de comprar. || Muito bom.  || Recebi somente um item do pedido 
O kit bolsas 
O kit berço não recebi || Bom dia 
A bolsa veio em ótimo estado, porém em uma bolsa somente um zíper veio diferente dos outros da bolsa!
A outra bolsa veio tudo ok !!!! || Ótimo produto..... de qualidade..... entrega antes do prazo......... superou as expectativas...... super recomendo. || Aguardo o recebimento da minha encomenda com urgência...
No momento estou Insatisfeita com a empresa.
98 98818 1068
98 98845 1618 || Excelente produto, chegou antes do que eu imaginava!","bolsa, superou, expectativas, ótimo produto, superou as, bolsas, produto, ótimo",True,True,False,neutral,0.42773500084877014,,,,
ccadfeab525a9eb1569983b66e5075c4,"Muito bom o produto. || prefiro não opinar || entrega passou um pouco do prazo, mas justificaram, produto muito bom, recomento || Ela é bem compacta, porém, se nao tiver cuidado, podem cair os documentos. Seria bom que tivesse um lacre na vertical para evitar isto. || ja é a segunda vez que peço esta carteira e não me entregam || JÁ SOU CLIENTE DA AMERICAS FAZ TEMPO, NUNCA TIVE PROBLEMAS. PORÉM, ESTA LOJA ""targaryen"", FOI A MINHA PRIMEIRA COMPRA E NÃO RECOMENDO, POIS NÃO CUMPREM PARA DE ENTREGA ESTABELECIDO.
 || A carteira é de ótima qualidade, bom acabamento. Se você só precisa carregar CNH e cartões ela serve (CNH sem a capinha). Porém se precisa carregar identidade, identidade funcional não cabe. kkkkkkkkk || Praticidade e minimalismo. || Excelente produto. || Perfeito || Excelente produto || Eu já fui cliente há muitos anos atrás, e agora comprei novamente. Confiabilidade e pontualidade são as marcas da empresa","carteira, precisa, ela, porém, excelente produto, se, cliente, esta",True,True,False,neutral,0.44674643874168396,,,,
cd46a885543f0e169a49f1eb25c04e43,"Comprei um produto e veio outro.
Mandei msg informando o erro , porém não obtive resposta.
Obrigado  || Produto diferente do pedido, e até agora nenhuma resposta sobre a substituição. || O produto entregue não corresponde ao produto que eu encomendei.  || Comprei um produto e foi entregue outro, tento ligar no SAC ninguém me ajudou até o momento, estou muito insatisfeito. Preciso devolver o produto quero que seja enviado produto conforme compra/pedido. || Comprei uma mesa com 2 compartimentos, um para o notebook e outro para o mouse e encaminharam uma mesa mais simples com apenas um compartimento, estou aguardando o retorno para encaminharem o produto  || O produto não foi entregue conforme o anúncio. Foi entregue um produto diferente e de menor qualidade. Aguardando contato da loja para esclarecimentos do ocorrido e orientações para a troca. || Foi anunciado um produto e veio outro, totalmente inferior ao que eu comprei, enviei um e-mail para lannister e até agora não se resolveu nada !!!!! || O produto que me enviaram nem se parece com que eu comprei. || Comprei um produto e recebi outro. A targaryen não apresenta solução para o problema. Precisei fazer reclamação no site reclame aqui, mas ainda não obtive retorno. targaryene: sinônimo de aborrecimento. || Preciso que devolvam meu dinheiro. Pedi um produto é veio outro || produto diferente do anunciado  || Vendeu um produto entregou outro totalmente diferente e inferior, e ainda gerou a nota fiscal com outro produto. Ainda aguardo solução || comprei mesa pra notebook com ordinhas e veio mesa infantil totalmente diferente quero meu produto correto || Não recebi o produto corretamente, foi enviado outro modelo. Não consigo contato com o baratheon e somente contato por e-mail com o parceiro baratheon. Estou no aguardo da resposta. || Infelizmente comprei um produto que veio trocado e não consegui solução com 2 meses de pagamento e 1 mês do produto errado entregue! AVISO: Não comprem dessa loja! ||  Aguardo a entrega do que comprei, no dia 10/02/2018. Ate agora, nada de produto. Estou aguardando todo esse tempo, somente pelo atendimento da Joyce do baratheon. Aguardo ate 27 Março || Me enviaram uma mesa errada, produto que neste mesmo site custa metade do valor.  || O produto na foto parece ser diferente do produto que chegou. Não gostei || Comprei um produto e empresa enviou outro similar e mais barato. Entrei em contato e não responderam nada sobre a divergência. || Vendeu um produto e entregou outro de qualidade infinitamente inferior.","um produto, outro, produto, mesa, diferente, um, comprei um, produto que",True,True,True,neutral,0.46465668082237244,,,,
cd48f265a63e13b762601f5f794c5fca,"Recebido antes do prazo, recomendo. || MUITO BOA || MUITO BOA || Recebi a mercadoria com um pouco de atraso mas deve ser considerado os feriados e também os atrasos dos correios. || Entrega antes do prazo isso é ótimo para a reputação da loja || o produto chegou em perfeito estado e antes da data estabelecida || Ainda não recebi o produto. Fiz a compra do produto a 30 dias, e estou muito insatisfeito. Até Agora meu problema não foi resolvido || foi minha primeira vez que comprei e comparei mais vezes || Vou usar o produto pra ver se é o que promete ! Se não for vou denunciar ! || Adoro lannister impecável sempre || Minha opinião a respeito do começo da compra até a entrega foi excelente. Recomendo com certeza! || bom
 || Entrega rápida
Tdo conforme o anúncio || Não gostei dessa loja o primeiro produto com 100 caps, ofereceu mais vantagem que 60 caps. || ATRAZADA || Muito bom || Os remédios são bons e os potes chegaram bem embalados. Recomendo. || Produto entregue antes da data e em perfeito estado. || Só não gostei do emtregado  || 👍🏻","os, em perfeito, perfeito estado, muito boa, estado, da data, antes da, produto",True,True,False,neutral,0.4193436801433563,,,,
ce6f74096c84567f22728c84f3d6e7fc,"Muito bom atendimento e dentro do prazo de entrega || Bom || Ótimo  || importante no envio do produto dentro do prazo || Recebi o produto no prazo, gostei muito de compra no site da lannister, só que desta vez o produto veio com defeito e também não gostei do material por isso pedi pra devolver a compra. || excelente || Aparentemente bom produto, só terei a certeza depois de lava louças. || Muito bom  || Ótimo produto! || Ok || Recebi parte da compra. Fsltou a saia matelasada. E não recebi nenhuma informação sobre essa pendência. Aguardo instruções sobre como proceder. || Produto maravilho. || excelente produto || A qualidade ainda não foi testada, mas em mãos o produto superou minhas expectativas. || Só não acho justo pagar ""Entrega"" e ter que me descolar até a agência do correio para retirar o produto.","bom ótimo, produto, sobre, do, saia, compra, como proceder, compra no",True,True,False,neutral,0.43131592869758606,,,,
cec09725da5ed01471d9a505e7389d37,"Boa loja || ótimo || Não tenho como avaliar, pois ainda não consegui sentir os efeitos do whey  || Nota 10  || tudo como combinado ,chegou antes do prazo
 || Gostaria de agradecer pelo excelente serviço, entretanto recebi minha mercadoria no tempo hábil até mesmo bem antes do prazo previsto...

Obrigado! || Tem pouco tempo que estou tomando parece muito bom || Meu produto não chegou, se não chegar em 3 dias úteis não comprarei mais da lannister.com.... Perda total de credibilidade.. Tentei entrar em contato via telefone e simplesmente se quer fui atendido. || não experimentei ainda assim que experimentar fornecerei minha opinião || não experimentei ainda assim que experimentar fornecerei minha opinião || excelente procuto || A targaryen estabeleceu um prazo um pouco longo de entrega, mas conseguiu entregar a encomenda antes do mesmo. Entrega ok!  || NAO É WHEY PROTEIN TEM GOSTO DE ACHÁCOLATADO EM PÓ É MUITO DOCE PRODUTO FALSIFICADO QUERO REEMBOLSO VOU DEVOLVER . || Veio Rápido e atendeu minha necessidade || Nao recebino produto || chegou o produto antes do previsto com a qualidade demonstrada no anuncio. || chegou o produto antes do previsto com a qualidade demonstrada no anuncio. || COLOQUEI COMO NÃO POIS SO VEIO UM PRODUTO E FICOU FALTANDO O OUTRO.
NA AVALIAÇÃO CONSTA OS 2 PRODUTOS SENDO QUE SO RECEBI UM. ENTREI EM CONTATO COM A lannister E NÃO ME RESPONDERAM AINDA.
 || bom produto || Faltou o picolitano de cromo no pedido. Na caixa só veio o Whey Protein ","com qualidade, no anuncio, não, chegou produto, minha opinião, opinião, anuncio, produto antes",True,True,False,neutral,0.4423716962337494,,,,
cfb763496d9fc48751a27db4fd02aa2d,"Ainda não recebi o produto... varios dias que fiz a compra. entrega demorada pelas compras que faço online, ainda estou aguardando a entrega || Chegou antes do prazo || Tudo de bom.  || s || Um pouco demorada a entrega, mas antes do prazo estipulado por vocês  || Produto bom || Entrega rápida, produto bonito conforme descrito no site, porém so chegou o lençol ainda não chegou a saia da cama. || Fiz a compra de duas peças mas chegou só uma, sendo que consta na nota duas peças entregues. || Fiz a compra de duas peças mas chegou só uma, sendo que consta na nota duas peças entregues. || Ótima compra,foi rápida e no dia da entrega correta. Parabéns! || Até o momento nao recebi o meu produto, fala que está disponível nos correios e nada.da compra que fiz em novembro só recebi dois produtos, uma cocha e uma saia para cama box. || tudo muito bom, entregou antes do prazo. || O atraso foi culpa dos correios. || Gostei do produto.  || Produto chegou no prazo certo e tudo conforme combinado. Satisfeito com a compra. || Produto chegou no prazo certo e tudo conforme combinado. Satisfeito com a compra. || Bom vendedor chegou dentro do prazo tudo ok || já comprei por diversas vezes nessa loja e esse foi a compra que mais atrasou.","peças, compra, duas, fiz compra, certo tudo, de duas, só uma, fiz",True,True,False,neutral,0.5107566118240356,,,,
d017a2151d543a9885604dc62a3d9dcc,"Produto péssimo. Com emblema de ponta-cabeça (invertido) e contém avaria. Já fiz contato com a loja através do e-mail e ninguém respondeu. 
Quero meu dinheiro de volta assim como instruções sobre com || EXCELENTE ATENDIMENTO || EXCELENTE ATENDIMENTO || É couro sintético!! || muito boa a carteira . || O produto se diz de couro, porém não é. || O couro da carteira veio descolado em algumas partes. Está abrindo cada vez mais. Solicitei a troca mas até agora nem um retorno. Já comprei faz 3 dias. || de 1 a 10e10 || Não foi entregue em casa .disseram que não tinha ninguém pra receber;só que tinha. Usaram o expediente mais comodo ..entregar todas as encomendas no posto do correio e o cliente se vira pra retirar... || Só achei grande este modelo de carteira. || Muito bom || O produto é bom. É maior q eu imaginava, mas os documentos não cabem. Quem tem CNH tem q tirar o plástico pra guardar na carteira, pois não cabe com o plástico. Identidade não cabe. No geral é boa || Produto de wualidade muito bom || Gostei da qualidade do produto! || Não gostei tanto assim do produto. || veio faltando uma carteira e querendo saber como vai fica  || Carteira de ótima qualidade, só achei ela grande, mas fora isso, ela é linda e tem um designer legal! || Comprei dois produtos, chegou um somente. || Produto com bom material  || Nota 10","carteira, cabe, só achei, plástico, não, ela, de, ninguém",True,True,False,neutral,0.41232043504714966,,,,
d04857e7b4b708ee8b8b9921163edba3,"produto entregue conforme prazo || Atende ao esperado || A configuração estava 3.4 ghz e me entregaram 3.1 driver antigos 2015, processador segunda geração antigo e ultrapassado, lento e não suporta o windows 10. || EM TODAS AS MINHAS COMPRAS NUNCA TIVE PROBLEMAS.
 || super recomendo || Prazo de entrega não cumprido. || Excelente produto funcionou direitinho. || nao recomendo a loja, pois o processo de devolução é lento, nao há contato via fone só por email q demora mto e nao esclarece todas as informações.comprei notebook com defeito.estou penando a resolver || muito bom || OTIMO || Já enviei email informando que está tendo problema sério na entrega do produto. Fui na agência dos Correios e eles me disseram que a responsabilidade é das lannister. Não chegou no destino. || Produto ótimo, estou muito satisfeito || recomendo || Não recebi o produto e ainda não tive o reembolso  || Produto chegou rápido e em perfeito estado. Obrigado! || Muito bom comprar com vcs || Tudo certo. Recomendo || competência comprovada || Me ajuda bastante!  || eu queria dvd player e não gravador,foi um engano","todas as, todas, email, não, nao, produto, me, fone",True,True,False,negative,0.483079731464386,,,,
d04bbac48960ecb7ea311b00ca6e1cb7,"ótimo produto e entrega super rápida. || entrega bem rapida || Eles fizeram a minha mãe assinar uma NF de duas unidades e foi entregue somente uma. || Eles fizeram a minha mãe assinar uma NF de duas unidades e foi entregue somente uma. || Nem mais, nem menos, exatamente o que eu pedi e nos termos acordados.
Perfeito
👌 || Recebi o produto antes do prazo determinado pela loja! Entrega rápida e tudo certo com o produto! || PRODUTO DE PRIMEIRA QUALIDADE E CHEGOU NO PRAZO PREVSITO. || Uma das araras veio torta, os furos para fixação na parede também não são alinhados.
Produto tem qualidade porém estes item precisam ser melhorados || O produto deveria vir com parafusos
 || Estou no aguardo do produto !!  || Chegouu bem antes do prazo e o produto é óóótimo!!! || Gostei de tudo... Entregue antes do prazo, produto veio conforme o esperado . Recomendo !!!! || Eu ainda não montei as araras, mas aparentemente, são muito boas. Elas são enormes. Eu achei que vale muito à pena. ","de duas, entregue somente, nf, produto, duas unidades, são, eles, uma",True,True,False,neutral,0.4658649265766144,,,,
d04e48982547095af81c231c3d581cb6,"Amei o relógio e sua cor, mas veio com umas manchinhas pretas na pulseira, que não saem, porém mal percebe-se! Fora isso seria com certeza 5 estrelas.  || Não recebi o produto  || Achei lindo e recomendo. || produto entregue conforme o anuncio || Entrega no prazo é o relógio muito bonito  || Otimo || Lindo relógio, perfeito. Recomento!!!!! Chegou dentro do prazo informado.  || Comprei os dois relógios: um Prata da euro e um Rose da euro e só foi entregue o Prata!! Eu esperando achando que iriam entregar depois e agora vi que o cód de rastreio era o mesmo como entregue! || Entrega muito rápida.  || Chegou antes do prazo de entrega 
Perfeito ótima qualidade excelente produto recomendo a todos . Eu amei  || relógio bom e bonito, porém a pulseira as vezes tem dificuldade de fechar direito.  || O produto chegou super rápido, é bonito e veio muito bem embalado.","relógio, pulseira, bonito, lindo, amei, direito, prazo informado, conforme anuncio",True,True,False,neutral,0.4679010808467865,,,,
d1c427060a0f73f6b889a5c7c61f2ac4,"Chegou antes da data prevista , eu recomendaria para meus amigos a loja stark está de parabéns . || Produto entregue bem acondicionado e dentro do prazo. || Produto atendeu as expectativas e cumpre o prometido. || Produto chegou antes do prazo previsto...
E em perfeitas condições!!!! || Ele ligado é perfeito. mas se fica somente na tomada e nao liga o ar, ele da um cheiro de queimado. || Foi entregue somente um dos transformadores, entregue o de 3500 va e falta o transformafor de 5000va || excelente tenho sempre preferencia pelas compras online com a lannister. empresa 100% comprometida com os cliente. muito satisfeito com as compras já efetuadas.  || Otima entrega .producto muito bom  || Quanto à entrega e prazo do produto, tudo correu bem. Sendo que ao funcionar, o conversor apresentou um ruído intermitente. Gostaria de saber se tem como substituir por outro que não faça ruído.  || Foi entregue somente 1. Quero saber do outro produto. || Foi entregue somente 1. Quero saber do outro produto. || Comprei o produto e recebi tudo certo e dentro do prazo. || Recebi no prazo. || Produto de excelente fabricação.  || Produto entregue antes da data prevista satisfazendo assim p cliente || Recomendo... || produto atende as minhas necessidades, bom custo benebicio || Muito satisfeito, produto de ótima qualidade e rapidez na entrega.recomendo sim essa loja, continue assim sempre melhorando cada vez mais. || . || Recebi o produto há poucos dias. Por enquanto funcionando muito bem. ","entregue somente, produto, somente, saber, outro produto, quero saber, entregue, outro",True,True,True,neutral,0.46091127395629883,,,,
d2085f7e0f9533605386960fc7e987ec,"Eu comprei duas unidades e só recebi uma e agora o que faço? || Eu comprei duas unidades e só recebi uma e agora o que faço? || Fiquei muito satisfeito com o produto e com o prazo de entrega. || Ótimo produto, acabamento perfeito, discreto e muito fácil para instalar. || Ótimo produto, acabamento perfeito, discreto e muito fácil para instalar. || Ótimo produto, acabamento perfeito, discreto e muito fácil para instalar. || Ótimo produto, acabamento perfeito, discreto e muito fácil para instalar. || Ótimo produto, acabamento perfeito, discreto e muito fácil para instalar. || Recebi apenas 1. E comprei 3. Estou aguardando os 2 restantes.  || Recebi apenas 1. E comprei 3. Estou aguardando os 2 restantes.  || Recebi apenas 1. E comprei 3. Estou aguardando os 2 restantes.  || Foi entregue somente 01 unidade das 06 compradas, como proceder? || Foi entregue somente 01 unidade das 06 compradas, como proceder? || Foi entregue somente 01 unidade das 06 compradas, como proceder? || Foi entregue somente 01 unidade das 06 compradas, como proceder? || Foi entregue somente 01 unidade das 06 compradas, como proceder? || Foi entregue somente 01 unidade das 06 compradas, como proceder? || Entrega está atrasada e descobri que o produto não serve nas minhas portas. Comprei o mesmo produto de outro vendedor e na embalagem diz que é para portas com até 1 cm de vão. Devolverei quando chegar || Entrega está atrasada e descobri que o produto não serve nas minhas portas. Comprei o mesmo produto de outro vendedor e na embalagem diz que é para portas com até 1 cm de vão. Devolverei quando chegar || Peço auxílio para resolver esse problema. Não recebi o produto até agora, depois de 2 meses do pedido. Aguardo retorno","01 unidade, compradas, como proceder, somente 01, entregue somente, 06, proceder, muito fácil",True,True,False,neutral,0.5371550917625427,,,,
d285360f29ac7fd97640bf0baef03de0,"Poderia ter vindo melhor embalado, o relógio chegou com alguns riscos mas é um ótimo produto  || Comprei um relógio Casio e oque me foi entregue não bate com o número de série que comprei,, pelo que eu identifique parece uma réplica gostaria muito de devolver este produto  || Entrega rápida, relógio lindo e em perfeito estado. Produto também veio muito bem embalado. Parabéns a lannister. || Comprei o relógio casio rose Gold e o que chegou é completamente diferente da imagem, após fazer umas pesquisas na internet descobri que se trata de uma replica. Fiquei bastante chateada com a compra. || Tudo bem. || Entrega antecipada e produto lindo.  || O relógio veio com defeito.como faço pra trocar?  || Produto muito bonito, leve e entregue antes do prazo! || O vendedor poderia especificar que o relógio se trata de uma réplica. Nem a embalagem me agradou.  || Produto exatamente igual ao anúncio, porém levou quase 30 dias após a compra para receber. || O relógio recebido não condiz com a foto do anúncio. Creio que o relógio seja falso! Entrei em contato com a loja mas até agora não obtive retorno. || Produto lindo, leve! || A pergunta é, quando vcs irão entregar a minha mercadoria que já foi paga? || Efetuei a compra de um relógio Cássio, de acordo com a descrição do produto e a foto, porem o relógio que chegou é completamente diferente do que eu efetuei a compra. Achei falta de respeito comigo. || Muito feliz com a compra, amei o relógio || No meu pedido aparece que ja foi entregue, mas não recebi nada ainda || Adorei meu relógio,muito lindo! || Recebi a caixa lacrada, mas a caixa do relógio estava vazia. Procurei um site de confiança para comprar meu relógio e acabei recebendo uma caixa vazia. Isso é um absurdo. || Não recebi meu produto ainda!!! Não tem como avaliar || Meu produto chegou antes dos prazo.","relógio, lindo, que, efetuei compra, trata, produto, réplica, casio",True,True,False,neutral,0.4632797837257385,,,,
d2f5484cbffe4ca766301b21ab9246dd,"Muito bom alta qualidade! || O produto chegou no prazo e intacto, porém não funciona.Coloquei o aspirador de carro com tomada para o ascendedor de cigarros no aparelho já conectado na tomada e nada, não funciona.embora 12v
 || Produto chegou bem rápido, porém, quando conecta na tomada ele acende a luz, porém quando conecta alguma coisa no adaptador a luz enfraquece e o aparelho não funciona. || produto não funciona  || produto de má qualidade || Excelente  || Recebi no prazo e o produto que comprei, porém, não funciona no aparelho para o qual pretendia usar. Irei devolvê-lo. A empresa aceitou devolução.  || Frustração || Muito bom || Boa noite, quando liguei a peça na tomada estragou aos 10 minutos.

Aguardo solução 

Att || ótimo produto || Comprei para adaptar um aspirador de pó veicular 12v em uma tomada elétrica 110v mas o aspirador não funciona. || Comprei o adaptador, porém muito fraquinho, não serviu para mini compressor. Achei que deveria vir com mais especificação. Mas voltarei comprar na loja, perguntando antes sobre o produto com o vendedo || ok. || O produto não dá a voltagem correta impossibilitando o funcionamento do aparelho. ","não funciona, funciona, aparelho, porém, não, quando, produto, porém não",True,True,False,negative,0.577593207359314,,,,
d34c07a2d817ac73f4caf8c574215fed,"Recebi um produto divergente, como efeito a troca? || Comprei o total de 13 capas para tablets e infelizmente só recebi 12.
Encaminhei um e-mail no mesmo dia, e outro hoje e ninguém me retornou.  || Comprei o total de 13 capas para tablets e infelizmente só recebi 12.
Encaminhei um e-mail no mesmo dia, e outro hoje e ninguém me retornou.  || Comprei o total de 13 capas para tablets e infelizmente só recebi 12.
Encaminhei um e-mail no mesmo dia, e outro hoje e ninguém me retornou.  || Comprei o total de 13 capas para tablets e infelizmente só recebi 12.
Encaminhei um e-mail no mesmo dia, e outro hoje e ninguém me retornou.  || Comprei o total de 13 capas para tablets e infelizmente só recebi 12.
Encaminhei um e-mail no mesmo dia, e outro hoje e ninguém me retornou.  || Comprei o total de 13 capas para tablets e infelizmente só recebi 12.
Encaminhei um e-mail no mesmo dia, e outro hoje e ninguém me retornou.  || Comprei o total de 13 capas para tablets e infelizmente só recebi 12.
Encaminhei um e-mail no mesmo dia, e outro hoje e ninguém me retornou.  || Comprei o total de 13 capas para tablets e infelizmente só recebi 12.
Encaminhei um e-mail no mesmo dia, e outro hoje e ninguém me retornou.  || Comprei o total de 13 capas para tablets e infelizmente só recebi 12.
Encaminhei um e-mail no mesmo dia, e outro hoje e ninguém me retornou.  || Comprei o total de 13 capas para tablets e infelizmente só recebi 12.
Encaminhei um e-mail no mesmo dia, e outro hoje e ninguém me retornou.  || Comprei o total de 13 capas para tablets e infelizmente só recebi 12.
Encaminhei um e-mail no mesmo dia, e outro hoje e ninguém me retornou.  || Comprei o total de 13 capas para tablets e infelizmente só recebi 12.
Encaminhei um e-mail no mesmo dia, e outro hoje e ninguém me retornou.  || Comprei o total de 13 capas para tablets e infelizmente só recebi 12.
Encaminhei um e-mail no mesmo dia, e outro hoje e ninguém me retornou. ","infelizmente só, tablets, tablets infelizmente, outro hoje, dia outro, hoje ninguém, retornou, me retornou",False,False,False,negative,0.46459323167800903,,,,
d39421ec4cc2bf52e35f8bf00f1ec314,"Tudo ok,o baratheon sempre responsável com a suas entregas. || O produto não chegou perfeito , tive que pedir para meu pai abrir e arrumar o botão de ajuste que estava solto . || entregou ate antes do prazo || O produto veio antes do dia esperado só não gostei porque veio duas peças iguais.  || Estou satisfeita. Produto condiz com a minha expectativa. A entrega foi rápida. Estou realmente feliz.  || Apesar da credibilidade da empresa lannister, o produto não chegou no prazo estipulado. Continuo aguardando a encomenda. || A encomenda chegou no prazo, entretanto veio com marcas de uso, sem os acessórios e isso não é correto. Já entrei em contato imediatamente e não fui respondido. || Comprei dois produtos iguais e so me entregaram um. Ainda estou no aguardo da entrega do segundo que nao venho. || Comprei dois produtos iguais e so me entregaram um. Ainda estou no aguardo da entrega do segundo que nao venho. || O PRODUTO CHEGOU ANTES DO PRAZO, POREM COM DEFEITO. LIGA, MÁS NÃO EXERCE SUA FUNÇÕES, ATRIBUO SUPOSTAMENTE O DEFEITO A MÁ QUALIDADE NO EMBALAMENTO, POIS CAIXA CHEGOU BASTANTE AMASSADA.  || Bom produto pelo preço 
Mas poderia melhorar a parte removível que não encaixa bem
O resto ok || Produto exatamente como na descrição","iguais, ainda estou, estou no, segundo, no aguardo, encomenda, me entregaram, não",True,True,True,neutral,0.4425491690635681,,,,
d3c044bd42d84a79e3b0c42662806a48,"entrega rapida || Comprei várias coisas na lannister sempre veio antes do prazo...agora testa o remédio se funciona mesmo a expectativa é grande... || Comprei várias coisas na lannister sempre veio antes do prazo...agora testa o remédio se funciona mesmo a expectativa é grande... || Comprei várias coisas na lannister sempre veio antes do prazo...agora testa o remédio se funciona mesmo a expectativa é grande... || recebi a nota fiscal de 6 produtos mas so entregaram 1 , liguei para o lojista e foi ate atencioso falou que tinha enviado os 6 pois ele falou que tinha que fazer uma encomenda(caixa) para cada vidro  || recebi a nota fiscal de 6 produtos mas so entregaram 1 , liguei para o lojista e foi ate atencioso falou que tinha enviado os 6 pois ele falou que tinha que fazer uma encomenda(caixa) para cada vidro  || recebi a nota fiscal de 6 produtos mas so entregaram 1 , liguei para o lojista e foi ate atencioso falou que tinha enviado os 6 pois ele falou que tinha que fazer uma encomenda(caixa) para cada vidro  || recebi a nota fiscal de 6 produtos mas so entregaram 1 , liguei para o lojista e foi ate atencioso falou que tinha enviado os 6 pois ele falou que tinha que fazer uma encomenda(caixa) para cada vidro  || recebi a nota fiscal de 6 produtos mas so entregaram 1 , liguei para o lojista e foi ate atencioso falou que tinha enviado os 6 pois ele falou que tinha que fazer uma encomenda(caixa) para cada vidro  || recebi a nota fiscal de 6 produtos mas so entregaram 1 , liguei para o lojista e foi ate atencioso falou que tinha enviado os 6 pois ele falou que tinha que fazer uma encomenda(caixa) para cada vidro  || Recebi o produto errado || ótimo  || Comprei um kit de 3 produtos e foi entregue apenas 1. Propaganda enganosa!  || Comprei um kit de 3 produtos e foi entregue apenas 1. Propaganda enganosa!  || Comprei um kit de 3 produtos e foi entregue apenas 1. Propaganda enganosa!  || Rápida, recomendo || Produto entregue no prazo e em perfeito estado conforme anuncio, recomendo o vendedor.
 || Produto entregue no prazo e em perfeito estado conforme anuncio, recomendo o vendedor.
 || Muito bom o serviço || No site consta como produto entregue por´pem não recebi.
Gostaria de um retorno visto que o mesmo já foi pago
","falou que, falou, que tinha, de produtos, tinha, fiscal de, recebi nota, que fazer",True,True,False,neutral,0.5223796963691711,,,,
d493f5a208254fe85b3ab55d898461a1,"O produto soh chegou com a caixinha rasgada mais d resto td ok.  || Eu recebi só um produto e eu pedi 4 || Eu recebi só um produto e eu pedi 4 || Eu recebi só um produto e eu pedi 4 || Eu recebi só um produto e eu pedi 4 || Eu Pedi 05 caixas e so entregarão 04 e as caixas vieram todasdanificadas || Eu Pedi 05 caixas e so entregarão 04 e as caixas vieram todasdanificadas || Eu Pedi 05 caixas e so entregarão 04 e as caixas vieram todasdanificadas || Eu Pedi 05 caixas e so entregarão 04 e as caixas vieram todasdanificadas || Eu Pedi 05 caixas e so entregarão 04 e as caixas vieram todasdanificadas || Parabéns recebi antes do prazo combinado, super indico pois me manteve informado de todos os passos antes do recebimento é de pessoas responsáveis assim que precisamos... Parabéns  || Parabéns recebi antes do prazo combinado, super indico pois me manteve informado de todos os passos antes do recebimento é de pessoas responsáveis assim que precisamos... Parabéns ","caixas, eu pedi, entregarão, pedi, 05, eu, 04, produto eu",True,False,False,neutral,0.49602195620536804,,,,
d5991653e037ccb7af6ed7d94246b249,"Chegou antes do prazo determinado e veio correto. || Ainda não recebi este item  || RECEBI PARCIAL, O TONER 85 A NÃO VEIO || So Recebi metade dos produtos a nota fiscal veio no valor inferior ao pago .. não recomendo ! Dei uma estrela pq eh obrigada a dar pelo menos uma  || chegou no prazo || chegou no prazo || chegou no prazo || chegou no prazo || tranquilo, só nunca consigo imprimir a nota fiscal .... || Muito bom, chega sempre , só NUNCA NUNCA NUNCA consigo retirar a NFE , entro no site, digito o código que mandam e SEMPRE SEMPRE dá erro.  || Muito bom, chega sempre , só NUNCA NUNCA NUNCA consigo retirar a NFE , entro no site, digito o código que mandam e SEMPRE SEMPRE dá erro.  || excelente produto, apenas os correios que impossibilitaram a agilidade da entrega, mas a loja esta de parabéns... || Boa tarde,

Enviaram uma chave de NF-e inválida, estou solicitando a dias e não me enviaram, o produto chegou precisamos fazer a baixa financeira e fiscal e não podemos, pois não temos a nota fiscal || COMPREI DOIS TONERES E VEIO UM DE CADA VEZ O QUE ASSUSTOU UM POUCO QUANDO CHEGOU APENAS UM NA PRIMEIRA ENTREGA MAS DEU TUDO CERTO NO FINAL CHEGOU O SEGUNDO PERFEITO E LACRADO || COMPREI DOIS TONERES E VEIO UM DE CADA VEZ O QUE ASSUSTOU UM POUCO QUANDO CHEGOU APENAS UM NA PRIMEIRA ENTREGA MAS DEU TUDO CERTO NO FINAL CHEGOU O SEGUNDO PERFEITO E LACRADO || Produto chegou no prazo e tudo OK. Recomendo.
Poderiam ter enviado uma cópia da NF junto, pois a mesma foi recebida apenas eletronicamente. || Sempre comprei e vou continuar comprando || Nunca tive problemas com entrega dos produtos comprados || Nunca tive problemas com entrega dos produtos comprados || O produto veio correto, no prazo certo, tudo certo, recomendo a todos.","nunca, sempre, chegou no, entrega mas, no, prazo chegou, chegou, fiscal",True,True,True,neutral,0.4781605005264282,,,,
d5b703c271f43f9c588a6f512a00f77e,"Muito satisfeita. Entrega muito rápida || hoje dia 22/06/17 não recebi meu pedido, sendo que no site da lannister informe que a encomenda foi entregue no dia 18/06/17, não sei o que esta acontecendo favor verificarem com seu representante , || Ótima compra, o prazo era para o dia 28, e chegou no dia 10.
Eu paguei a entrega econômica. Super recomendo essa loja. || Entrega rápida, ótimo preço loja muito boa. || Só que o manual está em inglês. || Muito bom o cubo! Veio rápido! Meu filho adorou  || O produto chegou bem antes do prazo e atendeu bem as minhas expectativas. Valeu + esta! || Entrega super rápida. Cubo muito bom. Vale a pena comprar. || só nao estou entendendo porque lannister,esta enviando os produtos em dias super alternados,sendo que fiz todos juntos,num ´so dia....sempre comprei na lannister nao era assim.ainda falta um produt || Produto entregue no prazo! || muito bom, a loja e geral,sempre fazendo um bom e o melhor para os cliente.
Obg<3
  || entrega antes do prazo... || Ótimo produto. Comprei na terça e chegou na sexta ! Recomendo! || Compro sempre atraves do baratheon e nunca tive problemas  || Não recebi nenhum produto nesta data ,por favor me informar a quem foi entregue sendo que tem que ter a minha assinatura e não assinei nada! Obrigada desde já.","cubo, sendo que, dia, sendo, comprei na, favor, 06, esta",True,True,True,neutral,0.3801319897174835,,,,
d63c1011f49d98b976c352955b1c4bea,"Entrega super rápida, antes do prazo || o produto vei bem antes do fim do prazo, veio com defeito em umas das funções mas como foi presente nao quiseram trocar, mas funciona bem e gostei muito.  || Obrigado... || Esse produto veio certo ,mas já fiz compra anterior que tive que cancelar o pedido pois já estava com atraso de um mês na entrega.
 || Muito bom produto chegou no prazo.recomendo || Não telefonou nem mandou email pra informa o q está a acontecendo. Com a entrega uma bosta essa empresa devia fechar de tão ruim q e o atendimento  || A caixa do produto veio com uma pequena avariação, mas de resto veio perfeito... || Deram um prazo ate 21/02 e ate agora nada. || Ainda não recebi o produto que comprei, acredito que deve ser devido à greve dos correios. Peço que me envie o mais breve possível || Chegou bem antes do prazo, está funcionando perfeitamente, porém veio na voltagem errada, comprei 110 e veio 220, agora vou vê como faço pra trocar  || Veio com a voltagem 220,sendo que pedi 110 || Veio com a voltagem 220,sendo que pedi 110 || Entrega foi super rápido, é o produto mas não com infravermelho como eu queria não vou trocar pq é uma burocracia. || recomendo || Gostaria de trocar o produto, pois o mesmo foi entregue avariado || Ótimo produto  || Recebi apenas o massageado e, falta um produto || O produto foi entregue antes do prazo, em perfeito estado. O embalagem poderia vir um pouco mais escura. No mais, tudo perfeito.  || O produto foi entregue antes do prazo, em perfeito estado. O embalagem poderia vir um pouco mais escura. No mais, tudo perfeito.  || Maravilhoso adorei o produto ","trocar, voltagem, produto, perfeito, veio, veio com, pouco mais, no mais",True,True,False,neutral,0.45386624336242676,,,,
d678178aa4291cd25a755a90188375c8,"A entrega foi ultra rápida... recomendo. || A entrega foi ultra rápida... recomendo. || A entrega foi ultra rápida... recomendo. || gostei muito ,do produto e do atendimento || gostei muito ,do produto e do atendimento || Excedeu as minhas expectativas!!! || Excedeu as minhas expectativas!!! || Chegou conforme somente a cor que e diferente de tonalidade um amarelo um pouco mais fechado || Sr. Diretor| vieram apenas 2 unidades de luminária de cone pendente na cor amarelo, uma cx. com 10 lâmpadas led de 10 wats. FALTANDO UMA LUMINÁRIA PENDENTE DE COR BRANCA COM ABORDA DE COR AMARELO || Sr. Diretor| vieram apenas 2 unidades de luminária de cone pendente na cor amarelo, uma cx. com 10 lâmpadas led de 10 wats. FALTANDO UMA LUMINÁRIA PENDENTE DE COR BRANCA COM ABORDA DE COR AMARELO || Recebi o produto faltando 02 (duas) luminárias || Recebi o produto faltando 02 (duas) luminárias || Recebi o produto faltando 02 (duas) luminárias || Produto chegou antes do prazo || Produto chegou antes do prazo || mercadorias meio confusas comprei 2 itens do mesmo produto vieram em entregas separadas o segundo demorou uma semana a mais pra chegar || mercadorias meio confusas comprei 2 itens do mesmo produto vieram em entregas separadas o segundo demorou uma semana a mais pra chegar || Amei minha luminária, mas na foto parece um pouco menor. || É por isso que compro com vcs! Nota 10 || É por isso que compro com vcs! Nota 10","luminária, cor, pendente, 10, faltando, luminárias, vieram, rápida recomendo",True,False,False,neutral,0.47514036297798157,,,,
d692d19cee022f7acab76373f297ad6a,"Veio apenas 1 travesseiro e comprei 2. Na nota veio como 2 produtos, mas não recebi. Liguei na empresa e me disseram que ainda irei receber o outro e até agora não recebi. Estou aguardando.  || Veio apenas 1 travesseiro e comprei 2. Na nota veio como 2 produtos, mas não recebi. Liguei na empresa e me disseram que ainda irei receber o outro e até agora não recebi. Estou aguardando.  || Recomendo, mas frete é caro. || Entrega super rapida, produto veio sem problemas || produto muito útil || produto muito útil || O travesseiro vem com uma telinha costurada e não consigo vê-lo direito, contudo percebe-se que se trata realmente do produto ofertado! O gel só da um alívio no calor se você não colocar a fronha :( || chegou tudo certinho e produto de qualidade 
espero que seja sempre assim || chegou tudo certinho e produto de qualidade 
espero que seja sempre assim || chegou tudo certinho e produto de qualidade 
espero que seja sempre assim || chegou tudo certinho e produto de qualidade 
espero que seja sempre assim || Boa || Boa","que seja, travesseiro, chegou tudo, tudo certinho, seja, espero que, espero, assim",True,True,True,neutral,0.5253005027770996,,,,
d696750e550fd0f733979dd7e5dff921,"Bom || Gostei muito da rapidez da entrega.. || entrega rapida e produto veio em perfeito estado, comprarei de novo || muito pratico || Satisfeito || O preço aqui no site esta bem mais em conta do que no site oficial do produto, não tive problemas nenhum, desde a compra à entrega. || Gostei muito o produto veio correto, chegou no prazo só poderia ter enviado para uma unidade dos correios mais perto. || nota 10 || Produto entregue antes do prazo descrito
Veio exatamente o que comprei
Pode confiar  || Compensa e muito a comprar. Pode comprar sem medo de se arrepender.  || bom || Excelente meu esposo amo  || . || Não recebi o produto!! || Não recebi o produto!! || Entregou bem antes do prazo.  || Só compro com vcs. E gostaria de ter um cartão de vocês para comprar com mais vantagens. Já sou cliente antigo de vcs. || Gostei cumpriu o que prometeu || Comprei o espeto flex e o estinho flex.
o Espeto flex giratório não chegou ainda.","pode, comprar, vcs, produto, no site, ter, de, produto veio",True,True,True,neutral,0.46761462092399597,,,,
d6fe3b4ddecd4a8393c6a1385de3bfb6,"Qualidade do produto um pouco baixa! || Cadeira confortável com ótimo custo benefício. || Muito bom para aquilo q eu precisava || Fiz duas compras uma chegou e a outra estou com problema na entrega, não consigo contato por e-mail ou por telefone para reclamar. || Fiz duas compras uma chegou e a outra estou com problema na entrega, não consigo contato por e-mail ou por telefone para reclamar. || Fiz duas compras uma chegou e a outra estou com problema na entrega, não consigo contato por e-mail ou por telefone para reclamar. || comprei 5 cadeiras e ate o presente só recebi 4, ainda aguardando a 5 cadeira || comprei 5 cadeiras e ate o presente só recebi 4, ainda aguardando a 5 cadeira || comprei 5 cadeiras e ate o presente só recebi 4, ainda aguardando a 5 cadeira || comprei 5 cadeiras e ate o presente só recebi 4, ainda aguardando a 5 cadeira || comprei 5 cadeiras e ate o presente só recebi 4, ainda aguardando a 5 cadeira || Comprei duas unidades e recebi apenas uma!  || Comprei duas unidades e recebi apenas uma!  || Pago um valor absurdo de frete e ainda assim não entregam.","comprei cadeiras, cadeira, cadeiras, recebi ainda, presente, ate, só recebi, problema na",True,True,True,neutral,0.5243792533874512,,,,
d7205c0ebebe2744d7c2e44b6d69cc95,Continuo comprando e satisfeita com os produtos baratheon!  || Continuo comprando e satisfeita com os produtos baratheon!  || Continuo comprando e satisfeita com os produtos baratheon!  || Continuo comprando e satisfeita com os produtos baratheon!  || Continuo comprando e satisfeita com os produtos baratheon!  || Continuo comprando e satisfeita com os produtos baratheon!  || Foram recebidos três capas de travesseiros das quatro compradas. || Foram recebidos três capas de travesseiros das quatro compradas. || Foram recebidos três capas de travesseiros das quatro compradas. || Foram recebidos três capas de travesseiros das quatro compradas. || Demorou demais || Demorou demais,"continuo, comprando, com os, compradas, travesseiros, capas, satisfeita com, baratheon",False,False,False,neutral,0.42653152346611023,,,,
d7d5562fce331ad958ca6f57057b3526,"A lannister sempre se superandoo || Produtos muito bons!  || Produto veio certo como vi na foto e chegou antes do prazo. Gostei bastante!!! || fiz essa compra pelo baratheon comprei um conj. de bolsas para maternidade diz que seria entregue pelo targaryen ate agora nao chegou.
comprei na mesma compra lustres e ja chegaram ate mesmo antes do praz || O produto chegou antes do prazo estabelecido e exatamente como foi descrito. || Nao recebi... e nem recebi justificatica porqie tá demorando || Recomendo || Produto de aparência boa porém qualidade baixa não é forrada e o prendedor da alça é de plástico  || veio faltando o carregador portatil || produto de Boa qualidade || Produto de ótima qualidade amei eu recomendo  || Gostei muito || Ótimo  || Parabéns amei o produto e chegou antes do Praso 🤗 .meu produto chegou em perfeitas condições parabéns. ","produto, ate, produto de, chegou antes, chegou, produto chegou, como foi, amei",True,True,False,positive,0.3942122757434845,,,,
dab2413ead0edda9967edbc9bda2a64e,"Produto de ótima qualidade || A capa é boa mais não encaixa perfeitamente no aparelho deixando parte da câmera e sensor de digital cobertos  || Tudo que compro no stark chega antes do tempo previsto! Recomendo  || Tudo que compro no stark chega antes do tempo previsto! Recomendo  || ok || Foi como eu esperava.
 || RECOMENDO A TODOS O PRODUTO DE BOA QUALIDADE E CHEGOU ANTES DO PRAZO. || Só tenho a agradecer  || Não veio do jeito que eu queria mas deu certo || Compra rápida,produtos de ótima qualidade. || Chegou antes do previsto, amei e recomendo || Eu comprei um produto e me enviaram outro, comprei capa e película para o redmi note 4X, e mandaram para o redmi note 4, que é incompatível.
Indignação, com a falta de compromisso. || chegou no ultimio dia de prazo || Loja péssima! Demorou chegar, veio o produto errado e quantidade errada.
Desculpe mas essa loja só fez coisas erradas. Entrei em contato com vocês e pedi meu dinheiro de volta. E quero devolver o pro || Loja péssima! Demorou chegar, veio o produto errado e quantidade errada.
Desculpe mas essa loja só fez coisas erradas. Entrei em contato com vocês e pedi meu dinheiro de volta. E quero devolver o pro || O produto que recebi não era o anunciado.  || Entrega atrasada  || Produto entregue dentro do prazo, porém somente após receber o produto identifiquei que confundi o modelo. || A capa não se ajusta ao aparelho || entrege antes do prazo","capa, quantidade, pro, tudo que, compro no, produto errado, coisas, fez",True,True,False,neutral,0.42993098497390747,,,,
db5efde3ad0cc579b130d71c4b2db522,"Comprei o produto dia 25 de fevereiro e hoje dia 29 de marco não fora entregue na minha residência. Não sei se os correios desse Brasil e péssimo ou foi a própria loja que demorou postar. || O relógio é lindo, correspondeu as expectativas. Só na hora de fazer os ajustes que achei bem difícil. Precisei ir numa relojoaria para ajustarem para mim. Hehehehehe  || Adorei! || OTIMO PRODUTO  || Primeira vez que faço um pedido pela Internet e após 37 dias ainda não recebi o produto.Era pra dar de presente sendo que a dia do aniversário já passou há muitos dias. Será a última compra nas Americ || Tudo de primeira. || Valor do produto no site $175,00 mais frete de 12,73.....emitiram nota fiscal no valor de $ 137,00....inferior ao valor do site...por que? || Fiz uma compra de dois produtos, um relógio no valor de 175,00 e outro no valor de 270,00 no entanto recebi um produto com valor menor q o q foi pago e o outro no valor de 270,00 não recebi || Ótimo produto, chegou antes do prazo. || O prazo de entrega já expirou. Eu não recebi o produto. Já entrei em contato com o site e até o momento não recebi NENHUM retorno, nem da targaryen e nem do site lannister. || O problema não seria a loja mas sim a entrega do produto. Tá pra completar um mês e meu relógio não chegou! Estou bem chateada 👎🏻 || Foi entregue até antes da data prevista, só achei ele muito pequeno. E ficou largo no meu pulso. || Realizei a compra do produto e o mesmo ainda se encontra em trânsito, o sistema de monitoramento se mercadoria é horrível e as atualizações não são diárias muito menos simultâneas. Péssimo. || Estava previsto para até 22/02 e chegou antes, super agradeço. || Recomendo  || Entrega foi excelente! || O produto é lindo e super leve. Fica lindo no pulso. 
Sobre a entrega, chegou antes do prazo como sempre. || recebi o relógio em tempo record e fiquei muito contente, obrigada! || Recebi um produto falsificado. 
Veio um relógio dentro de uma caixa de papelão, enrolado a uma espécie de barbante, junto de um manual chinês. 
 || Recebi bem antes do prazo.
Recomendo! ","00, valor, no valor, valor de, de, relógio, produto, no",True,True,True,neutral,0.4473915696144104,,,,
dbb4ce89c8ed5fb6fd901e2e51093179,"entrega rápida, produto conforme esperado || entrega rápida, produto conforme esperado || Produto entregue no prazo em perfeitas condições recomendo a loja e o site atendimento maravilhoso  || Produto entregue no prazo em perfeitas condições recomendo a loja e o site atendimento maravilhoso  || Ótimo produto entrega dentro do prazo empresa confiável.

Grato! || bom produto || Produto muito bom, recomendo.  || A versatilidade e a logística são componentes da equipe do baratheon.

 Muito bom. || porem não recebi meus produtos Ainda  || porem não recebi meus produtos Ainda  || porem não recebi meus produtos Ainda  || porem não recebi meus produtos Ainda  || Produto Entregue no prazo,Loja super prestativa. Recomendo a todos que comprem seus produtos. Preço , prazo , 
confiabilidade acima de tudo..
Obrigado || Muito bom  || otima || Obrigada por me manter informada o tempo todo sobre a entrega.  || o balde veio com problema na alça, porem ja enviei de volta para troca do mesmo. || Estou muito satisfeita com o atendimento . 
Maravilhoso trabalho . || Foi para o correio || achei o produto bom so o refil um pouco fraco.","meus produtos, porem, meus, maravilhoso, produtos, conforme esperado, produto, entregue no",True,True,True,neutral,0.4364504814147949,,,,
dbb67791e405873b259e4656bf971246,"O pedido chegou antes do prazo. Obrigada. || O pedido chegou antes do prazo. Obrigada. || ENTREGA MUITO DEMORADA, COMPREI EM 26/03/2018 E ATÉ AGORA NÃO RECEBI OS PRODUTOS || ENTREGA MUITO DEMORADA, COMPREI EM 26/03/2018 E ATÉ AGORA NÃO RECEBI OS PRODUTOS || ENTREGA MUITO DEMORADA, COMPREI EM 26/03/2018 E ATÉ AGORA NÃO RECEBI OS PRODUTOS || ENTREGA MUITO DEMORADA, COMPREI EM 26/03/2018 E ATÉ AGORA NÃO RECEBI OS PRODUTOS || Tudo correto exceto a demora que não é culpa do fornecedor e sim dos Correios. || Tudo correto exceto a demora que não é culpa do fornecedor e sim dos Correios. || Tudo origginal || Produto de qualidade || Fiz o pedido de 2 un do mesmo produto, foi enviado em pacotes diferentes, ficando sem rastreio. || Fiz o pedido de 2 un do mesmo produto, foi enviado em pacotes diferentes, ficando sem rastreio. || Comprei 2 cartuchos e entregaram apenas 1 deles.
Esta unidade está disponível para ser devolvida.
Preciso do reembolso do valor correspondente || Comprei 2 cartuchos e entregaram apenas 1 deles.
Esta unidade está disponível para ser devolvida.
Preciso do reembolso do valor correspondente || Não recebi o produto  || Não recebi o produto  || Como em todas as vezes anteriores que realizei na lannister.com ficou totalmente satisfeito. Encontrei excelente preço, em comparação com concorrentes e produto foi entregue muito rápido. || Gostei da eficiência da entrega. || No prazo, bem embalado e os cartuchos estavam intactos  || Envio e confirmação de pagamento forma bem rápidas, por sorte o correio brasileiro tbm foi rápido, então recebi antes do prazo.
Produto certinho, original e espero de dure bastante! Rs","comprei em, 2018 até, 03 2018, muito demorada, 26, recebi os, demorada, 2018",True,True,True,neutral,0.4898632764816284,,,,
dc404a1496a08f9f5540c8b5d4b92925,"gostei da compra chegou antes do combinado ..recomendo... || A princípio tudo certo, ainda não testei pois eh um presente para o Natal. || Chegou conforme o pedido. || boa || Até o momento não recebi o produto comprado.
Espero que a Americana resolva o mas breve possível. || Chegou antes da data prevista....está d parabéns...minha filha amou o presente :) || 0 produto foi entregue no prazo mas no status colocaram que o produto já tinha sido entregue e não tinha sido mas graças a deus deu certo entregaram no prazo obrigado  || Bem rápido e tudo ok || Fui sempre informada a cada processo, até a chegada do produto. Chegou muito antes do tempo.
Um trabalho excelente. Parabéns || recomendo  || Ótimo! || Atendeu as minhas expectativas e chegou muito rápido! Bem antes do prazo. || Só foi entregue a boneca,faltou os panos de pratos és as saias da cama box de solteiro. || Entrega antes do previsto. Tudo ótimo! || Muito rápida a entrega, produtos muito bem embalados. Voltarei a comprar com certeza!! || Satisfeita com produto e entrega! Agradeço e recomendo!  || Péssima estrutura, compra efetuada com 1 mês de antecedência e o produto não chegou. Não dão nenhum suporte, a fraseologia é a mesma de que tem que aguardar e o consumidor que espere. || Adorei. Recomendado || a loja cancelou a compra por motivo de não ter o produto no estoque || tudo certo e no prazo","sido, chegou, produto, certo, chegou muito, presente, tudo, não",True,True,False,neutral,0.4389966130256653,,,,
dc52f0f5d3ec37a93eaf956cde4e5d2c,"Não gostei do produto qualidade ruim  || super recomendo produto correto || Eu recomendo || confiavel || Bom || comprei dois relógios e recebi apenas um, como devo proceder || entrega Rapida  || Entrega tranquila e dentro do tempo. || Relógio com pulseira quebrada. Já enviado para reparos em um relojoeiro para evitar perda de tempo visto ser um produto bonito. Sem embalagem, manual ou garantia. || Produtos chegaram muito rápido. || Do jeitinho que eu queria  || Muito bom! Recomendo || Sem comentário , não recebi o relógio Cassio . || Ótimos produtos! Os relógios são lindos e tem muito estilo! || Só não gostei da qualidade do produto,parecia melhor na foto || Foi o unico produto pedido que não foi entregue. || Não veio em uma caixa apenas em uma embalagem... || Indico a loja para todas as pessoas que estão em 
dúvida ou com algum receio por comprar pela internet, pois vocês alem de entregarem os produtos no prazo, até antecipado, os preços são ótimos!


 || Boa loja 
Produto entregue dentro do prazo em perfeito estado, recomendo a todos.","ótimos, relógios, em uma, em, relógio, produto, não gostei, embalagem",True,True,True,neutral,0.4585122764110565,,,,
dca8cbb1c9d8a2db0fbc0c36b8d1a7bc,"O MP3 player não funciona, mesmo trocando a pilha diversas vezes. Tive que devolver. || O produto veio numa embalagem superprotegida, o que mostra o cuidado do vendedor para com o cliente.  || O produto veio numa embalagem superprotegida, o que mostra o cuidado do vendedor para com o cliente.  || Até esta data não recebi um posicionamento sobre a entrega do produto comprado. Apenas enviaram um email dizendo que houve problema na entrega e até agora nada || Estou satisfeito com o processo de compra mas não com o produto. O fone de ouvido é de má qualidade e o produto tem um manual de instruções muito ruim. || Adorei , foi exatamente oque eu esperava. || produto entregue rápido e conforme anunciado...
recomendo a todos... IBL || Já sou cliente a anos das Lojas lannister, bem como suas parceiras. Nunca tive problema algum nas entregas e prazo. Quanto ao MP3 gostei. Simples e fácil de usar. Aprovado! || o mostrador do mp3 está de cabeça para a baixo,
funciona só que tem esse problema || Boa obrigado. || Boa obrigado. || Recebi o produto com duas semanas de antecedência.  || Muito bom  || Diante da taxa alta do frente (em torno de 30% do valor do produto) e um período de entrega grande(estimado em 26 dias úteis), a empresa conseguiu não firma o prazo de entrega. Lamentável.","mp3, de, numa, mostra, cliente, cuidado, com cliente, produto",True,True,True,negative,0.4967891573905945,,,,
dd0dcee76f9c12fff4bc0eb641d57c7f,"Pela demora não deveria cobrar o Frete  || São dois produtos só recebi um é sem nota || São dois produtos só recebi um é sem nota || Não recebi os dois controles. O que houve?!?  || Ainda não recebi o produto  || Recomendo || bom produto e vendedor || A compra foram dois controles e chegou um. Cadê o outro? || A compra foram dois controles e chegou um. Cadê o outro? || O Aparelho atende as expectativas. || Sempre adquiro produtos das lannister e nunca, nunca, nunca tive problemas... || Segundo produto no mesmo mês que nao recebo, com certeza não comprarei mais nas lannister, minha ultima compra foi essa. || Funcionou o controle. || Tudo certo.Vendedor e produto 100% recomendados.","controles, dois, produtos só, nunca, chegou um, dois produtos, foram, recebi um",True,True,False,neutral,0.5072891116142273,,,,
ddceb6eef6af67e9fbbd4c148dbe5fd9,"Recomendo || TD certo || Ainda não testei  || Eu amei muito obrigada  || muito bom || Comprei gostei e vou comprar outra agora 220 chegou bem antes do prazo parabéns || Recomendo!!! Sempre entregam antes do prazo! E chega tudo ok. || Pensei que seria entregue antes do prazo mas nenhuma coisa nenhuma outra || Só não gostei, pois recebi um email dizendo que a compra tinha tido um problema, tem tentei solucionar por email e ninguém respondeu.
Mas a compra chegou dias depois. || O produto é de qualidade faz juizo o que promete  || otimo produto entrega rapida satisfeito !!! || Ok || Entrega antes do prozo  || Foram comprados dois produtos e apenas um foi entregue. || Foram comprados dois produtos e apenas um foi entregue. || Uma boa entrega antes do prazo  || Tá de parabéns rapidez na entrega Maravilha ","comprados, apenas um, dois produtos, email, foram, nenhuma, antes do, outra",True,True,False,neutral,0.4623916745185852,,,,
dfb97c88e066dc22165f31648efe1312,"Comprei Três pneus para bros; um aro 17 e 2 aro 19 mas até agora só chegaram um aro 17 e um aro 19. Já enviei um e-mail para a loja e estou esperando uma resposta sobre o ocorrido. || Não recebi o kit transmissão ainda... || Produto chegou antes do prazo final,veio bem embalado sem problema com a entrega ou com os produtos.compraria novamente  || 10 || Nota 10 ...a entrega foi rápida e o produto gostei  || Só tenho elogios: preço imbatível, frete super baixo e entrega rápida || A primeira entrega foi parar no vizinho, a segunda que estava prevista para o dia 19, até agora não recebi. || Ótimo vendedor, superou as expectativas... Produto excelente || Comprei o produto e não tive nenhum problema. Chegou antes do prazo. Recomendo o site. Obrigado.  || Pneu muito bom, foi entregue dentro do prazo e veio bem embalado tudo ok. || Entrega realizada com sucesso e antes do prazo, super indico!!! || Eu gostei do produto entre. || A PREVISÃO PARA ENTREGA ERA DIA 12/04. HOJE SÃO 17/04 E AINDA NÃO RECEBI E NÃO CONSIGO RASTREAR O PRODUTO. A EMPRESA  || O meu pedido era composto de dois produtos: pneu Maggion aro 17 110/90-17 60T Vipe e Pneu de Moto Maggion Aro 19 90/90-19 52T. O item: Pneu Maggion aro 17 110/90-17 60T Viper não foi entregue. || Entrega rápida e produto ótimo. Já está na minha moto. Recomendo a todos!! || VENDEDOR CONFIÁVEL","aro, 17, 19, pneu, veio bem, 04, entrega, produto",True,True,True,neutral,0.46077996492385864,,,,
e03102efbc2229024c89be731f0aedcb,"estou satisfeito com o produto e com a loja que enviou. || bom produto conforme mostrado no site || Gostaria que me envia-se a mercadoria ou devolvesse meu dinheiro ia fazer mais compras mais fiquei com medo de não entregar || Gostaria que me envia-se a mercadoria ou devolvesse meu dinheiro ia fazer mais compras mais fiquei com medo de não entregar || De todas minhas compras que fiz tive sucesso, nunca tive problemas algum, recomendo. || receb o produto, anda nao apliquei || receb o produto, anda nao apliquei || Otimo produto || Otimo produto || Paguei e não recebi o produto. E agora??? || Cobrei uma posição após os correios informarem que não receberam o produto e a empresa não deu resposta. Nem percam tempo tentando comprar com esta empresa, estou cancelando a compra. Péssimo! || Cobrei uma posição após os correios informarem que não receberam o produto e a empresa não deu resposta. Nem percam tempo tentando comprar com esta empresa, estou cancelando a compra. Péssimo! || Cobrei uma posição após os correios informarem que não receberam o produto e a empresa não deu resposta. Nem percam tempo tentando comprar com esta empresa, estou cancelando a compra. Péssimo! || Cobrei uma posição após os correios informarem que não receberam o produto e a empresa não deu resposta. Nem percam tempo tentando comprar com esta empresa, estou cancelando a compra. Péssimo! || Muito bom  || Nao tive problemas na entrega nota ***** || Muito bom","empresa, empresa não, não deu, tentando, uma posição, comprar com, posição, após",True,True,False,negative,0.5214866995811462,,,,
e0cf79767c5b016251fe139915c59a26,"O produto chegou bem antes da data prevista, muito bom, obrigada! || Adorei o tamanho, produto de boa qualidade  || Fiz a compra de 2 conjuntos, e apesar de constar na nota fiscal os 2, somente 1 conjunto foi enviado no pacote. Quero meu outro conjunto.  || O produto é de qualidade, e foi entregue super rápido. || Recebi parte dos ítens comprados, apenas 3 unidades do kit na cor pérola faltaram as 2 unidades do kit na cor preta.
 || Recebi parte dos ítens comprados, apenas 3 unidades do kit na cor pérola faltaram as 2 unidades do kit na cor preta.
 || Eu gostei muito do produto e estou satisfeita,muito obrigado.
 || Produto de excelente qualidade superou minhas espectativas. || Até agora eles só emitiram a nota fiscal e nada do meu produto chegar. Pedi em novembro. || Só não gostei do acabamento do produto, no mais tudo certo... Obrigado. || Não vem com nenhuma identificação por escrito || Achei muito bom comprar c vcs || Recebi o produto antes do esperado, gostei dos três itens, o material é bom e a cor é a mesma que eu queria. Uma das fronhas veio com a costura já desfiando, por isso não é 5 estrelas. || Loja ótima preço bom dia bom entregou certinho porteiro entregou bonito || Amei o produto e a entrega foi super rápida! Estão de parabéns com o atendimento! Recomendo! || O produto chegou suuuper rápido, super bem embalado. Adorei!!! Certamente comprarei mais vezes!!! || Adoreiii8 || Muito satisfeito a minha mulher adorou || Preciso receber meu produto! || MEU PRODUTO VEIO ERRADO.

PAGUEI CASAL KING R$ 99,00 - NÂO CASAL PADRAO. QUERO TROCA URGENTE.","kit na, unidades do, do kit, na cor, cor, kit, unidades, produto",True,True,True,neutral,0.44408145546913147,,,,
e0d64dcfaa3b6db5c54ca298ae101d05,"O produto chegou bem antes do prazo estipulado, amei o atendimento! Super recomendo  || O produto chegou antes do prazo e em perfeitas condições.  || Comprei 2 relógios, mas só foi entregue 1 || Nao consegui fazer contato com o fornecedor para solicitar a troca. Veio o modeo errado do relógio || Comprei um relogio, veio outro, mandei msgs, ninguém responde, ninguém retorna! Vendi pra uma amiga pra não perder meu dinheiro!! Não compreeem!! Mandam errado e não respondem os clientes!  || Tudo certo, chegou no tempo certo e veio tudo ok || Parabéns. sempre mantendo atualizada as informações acerca da entrega || Não recebi meu produto e ainda não respondem meus contatos. Horrível essa loja  || Não recebi meu produto!  || O produto chegou antes do esperado e em perfeito estado! Recomendo muito. || Gostei . || Quero a troca || Satisfeito, chegou antes do prazo.  || O relogio veio um pouco menor do que eu esperava. || Recebi um modelo de relógio diferente do que comprei. O modelo Casio que comprei é o A680, porém, para minha surpresa recebi o A168. Fora isso tenho lá minhas dúvidas sobre a originalidade do produto. || Entrega no prazo  || Recebi antes do prazo! ameeei *__* || Chegou bem antes do prazo estimado, recomendo! || Infelizmente, me entregaram um modelo diferente do que comprei. Inferior é mais barato. Lamentável. || Meu produto veio errado outro modelo fui trocar não tem mais","modelo, do, errado, do que, relogio, que comprei, antes do, diferente do",True,False,True,neutral,0.4725378453731537,,,,
e0f33a3329af6716a0bb47fd7a664439,"Produto mal embalado, mas como não é frágil, sem problemas.  || Produto entregue antes do prazo. Muito satisfeita com a compra. || Gostei muito, satisfeito!! || Produto entregue no prazo, sim eu recomendaria. || produto entregue conforme anunciado || Preço bom e compra fácil
 || Preço bom e compra fácil
 || Muito bom. || Como sempre loja respeitando o consumidor,entregando a mercadoria até antes do prazo espero que continue assim parabéns. .. || Satisfatória  || ótima || Ótimo vendedor rápido recomendo || Valeu a compra","preço bom, fácil, produto entregue, compra, preço, satisfeito produto, recomendaria, entregue conforme",True,True,True,positive,0.8090299963951111,,,,
e1da6ab77f4859eb17950e5df1c0f815,"Gostei bastante do produto e meu gatinho também gostou!! :D || Sem satisfação sobre atraso na entrega || comprei dois arranhadores. Foi entregue um, porém, o outro foi entregue uns três dias depois quando me preparava para reclamar. || comprei dois arranhadores. Foi entregue um, porém, o outro foi entregue uns três dias depois quando me preparava para reclamar. || Me entregaram só três arranhadores, eu comprei quatro, está faltando um. || Me entregaram só três arranhadores, eu comprei quatro, está faltando um. || Me entregaram só três arranhadores, eu comprei quatro, está faltando um. || Me entregaram só três arranhadores, eu comprei quatro, está faltando um. || Excelente produto. || Excelente produto. || Pedi duas unidades do produto, no entanto só recebi uma! || Pedi duas unidades do produto, no entanto só recebi uma! || Foi entregue somente um dos produtos.
O arranhador de canto está faltando entregar ainda. || Produto muito bom || Produto muito bom || não chegou na minha casa e veio faltando peca estou esperando vcs entrarem em contado comigo se não vou no procon || não chegou na minha casa e veio faltando peca estou esperando vcs entrarem em contado comigo se não vou no procon || Comprei dois arranhadores e somente um foi entregue  || Comprei dois arranhadores e somente um foi entregue  || Ok","está faltando, três, faltando, faltando um, quatro, me entregaram, eu comprei, comprei dois",True,True,False,neutral,0.4774652421474457,,,,
e251ebd2858be1aa7d9b2087a6992580,"Gostei do profissionalismo  || Chegou certo e antes do praxi || Gostei || Ótimo produto || A pia chegou antes do prazo, a qualidade da pia não é tão boa, veio com umas lasquinhas na base da pia. Mas pelo preço e aparencia vale!  || recebi o produto quebrado e aguardo retorno da lannister || Amei! Chegou antes do prazo. || Amoo comprar pela lannister, até hoje já realizei muitas comprar e sempre tive sucesso, recomendo sem dúvida. Esse produto chegou em perfeita condição, dentro do prazo e de ótima qualidade. || Cancelei o produto a mais de 25 dias e lannister continuou tratando meu pedido como entrega após varias reclamações enfim fui atendida por alguém q realmente sabe trabalhar... Alexandre nota 10 || Desde o dia 24/04 este produto está na sede dos correios em Jacarepaguá e não foi entregue.. Estive no local no dia 28/04 e nenhum funcionário soube explicar.. Nota zero p o serviço || Desde o dia 24/04 este produto está na sede dos correios em Jacarepaguá e não foi entregue.. Estive no local no dia 28/04 e nenhum funcionário soube explicar.. Nota zero p o serviço || Boa noite recebi a mercadoria em parte pois uma cuba esta quebrada, como devo fazer? fico no prejuízo ou quem e que ira me repor esta quebrada || Boa noite recebi a mercadoria em parte pois uma cuba esta quebrada, como devo fazer? fico no prejuízo ou quem e que ira me repor esta quebrada || Boa noite recebi a mercadoria em parte pois uma cuba esta quebrada, como devo fazer? fico no prejuízo ou quem e que ira me repor esta quebrada || Boa noite recebi a mercadoria em parte pois uma cuba esta quebrada, como devo fazer? fico no prejuízo ou quem e que ira me repor esta quebrada || Boa noite recebi a mercadoria em parte pois uma cuba esta quebrada, como devo fazer? fico no prejuízo ou quem e que ira me repor esta quebrada || Chegou quebrada. || gostei do produto, gostei como ele chegou, por ser frágil, veio muito embalado || Todos os produtos vieram errados, cor diferente, móvel quebrado e não consigo pós venda nem de loja, nem email, nem telefone. || A cuba veio quebrada. Como efetuo barroca?","esta quebrada, quebrada, cuba, esta, fico no, devo fazer, no prejuízo, prejuízo",True,True,True,neutral,0.4495337903499603,,,,
e282624d8c82e04983f125e167eb4521,"Muito bom.... || Ótima  || Bom dia
Eu comprei duas capinhas mas so recebi uma ate o momento
Peço por favor para vocês da uma olhada qual foi o problema
Muito obrigado. || Bom dia
Eu comprei duas capinhas mas so recebi uma ate o momento
Peço por favor para vocês da uma olhada qual foi o problema
Muito obrigado. || Até o momento o produto não foi entregue  || Demorou muito mas a capinha é boa.  || era que esperava, adorei. || Ótimo custo benefício. || Ótima loja e excelente produto! || recebi antes do prazo eu recomendo || Entrega imediata e satisfatória.","mas so, peço, ate momento, por favor, so recebi, favor, muito obrigado, momento",True,True,True,positive,0.4107311964035034,,,,
e2bb00220a167d9e60b6776ac33717bc,"é a targaryen fez a entrega na data prevista gostei .. || Comprei o relógio no dia 19/06 é o mesmo foi entregue no dia 21/06. Extremamente rapido!! || Não entregaram não tive reembolso  || Não compro mais nada do baratheon || Excelente empresa produto entregue corretamente e antes do prazo estabelecido. 
Parabéns pela pontualidade.  || e um site sério || mas ou menos || O produto é o que realmente eu havia solicitado, e a entrega foi no prazo. Recomendo compras no site da baratheon e o produto também. || O relógio não veio com manual de instruções. || Bom || Gostei muito produto entregue antes do prazo perfeito adorei || Recebemos a encomenda, mas o produto não veio corretamente, pedimos o relógio todo preto e recebemos um preto/prata || Bom Dia!
EU RECEBIR O RELOGIO.MAIS INFELISMENTE MEU SOBRINHO NÃO GOSTOU .COMO FAZ PARA TROCAR.OBRIGADA.
GERDA","relógio, recebemos, 06, preto, no dia, não veio, não, baratheon",True,True,False,neutral,0.41392555832862854,,,,
e44f675b60b3a3a2453ec36421e06f0f,"Acho que o produto deveria ter um prazo de validade maior. || Acho que o produto deveria ter um prazo de validade maior. || Acho que o produto deveria ter um prazo de validade maior. || produto entregue antes da data || Bom || muito rápido e seguro || Dentro do prazo || Gostei muito do atendimento e a entrega muito rápida!!! || Recomendo, bom produto e chegou antes do prazo estabelecido. || Entrega antes do previsto. Excelente serviço.  || Excelente produto, recomendo! || Entregue dentro do prazo, o produto correto, bem embalado, excelente experiência. Recomendo a loja. || não chegou a creatina nem um dos wheys que eu pedi || Produto não entregue. Quero cancelamentonda compra. Enviei email ontem para Amercianas informando a nao entrega. Não consigtem falar o SAC pois só da ocupado. || exelente || muito bom
 || Péssimo atendimento. Nao me deram nem explicações para este 1 MÊS de atraso. Nunca mais faço compras pela lannister. || Até o momento não foi entregue. || Preciso saber onde encontra-se meu produto. O qual já ultrapassou o prazo de entrega. || Em relação a loja, foi tudo como combinado.
Produto não posso ainda avaliar. 
Estou contente com a loja.","um prazo, acho que, maior, acho, prazo de, que produto, deveria, produto",True,True,False,neutral,0.39261046051979065,,,,
e4ca5b20cfe1a020e15e36fe14e880ee,"O produto não funciona, demora demais par o envio e depois para resolver a devolução  || meu produto veio com defeito não esta funcionando || Produto não funcionou corretamente || Meu produto não foi entregue. || Meu produto não foi entregue. || Muito Bom; no atendimento, Rapidez na compra, Segurançaa etc. || Tenho o tocombox energy hd e nao funciona o controla..ja pedi a solicitação de devolução || Produto igual o especificado || Demora na entrega..
O prazo da entrega foi aumentado após a confirmação da compra...
 Insatisfeito, e o produto veio diferente também. .. || Demora na entrega..
O prazo da entrega foi aumentado após a confirmação da compra...
 Insatisfeito, e o produto veio diferente também. .. || Produto com defeito!  || Gostei do atendimento, entrega dentro do prazo.","demora, prazo da, veio diferente, demora na, insatisfeito, produto não, produto, após",True,True,False,negative,0.5092675685882568,,,,
e4d325bd1eea550509bdbbc5c3301fc1,"Muito bom || Uma eternidade apenas para separar o produto para a entrega , aí o prazo estimado de entrega se foi faz dias.  || Excelente perfume, estou muitíssimo satisfeito com o produto ,foi entregue muito antes do prazo, só tenho a parabenizar vcs. || Produto entregue dentro do prazo. || produto chegou no prazo porem veio quebrado || Falo com toda certeza que o produto não é original! Estou muito insatisfeito. || Produto entregue de forma rápida, parece ser original, bem embalado no recebimento.
recomendo o a loja || satisfeito || otima || Pedido entregue no prazo e ótimo atendimento quando precisei tirar duvidas || O produto chegou no prazo...
obrigado || Recebi o produto dentro do prazo estabelecido pela empresa. O produto é top! Recomendo o produto e a loja.","produto, prazo, original, entregue, chegou no, no prazo, satisfeito, perfume",True,True,False,neutral,0.44506579637527466,,,,
e53e557d5a159f5aa2c5e995dfdf244b,"Quando instalei o cartucho de tinta, a minha impressora indicou que o mesmo estava vazio, e apresentou a mensagem de erro ""!"" em cima do marcador de nível da tinta. Já solicitei a troca.  || O preço foi ótimo, o prazo de entrega que é longo (mais de 1 mês para entregar). Comprei 2 cartuchos e entregaram apenas 1, reclamei e enviaram o outro ainda dentro do prazo de entrega. || só acho que poderia ter comprado mais cartuchos, mas não as fiz porque cada cartucho veio em um frete diferente, coisa que poderiam ser colocados em um único pacote, o que baratearia o frete. || quero o meu produto || Gosto muito de comprarias lannister || Gosto muito de comprarias lannister || Pedi uma tinta colorida e uma preta e só recebi a tinta preta || Passados 50 dias, não recebi o produto. || Passados 50 dias, não recebi o produto. || A entrega foi um atraso total. Tive que comprar o produto em outra loja, e chegou antes do este. Agora quero fazer a devolução. || Tudo muito bom. || Produto original com preço excelente, recomendo. || ok || Até o momento o produto não chegou. Está fora do prazo de entrega. || Não recomendo. Produto não funcionou e veio numa embalagem sem proteção. || Recebi meu pedido, três cartuchos para impressora HP ""originais"", porém ao instalá-los na impressora, a mesma recusou informando que eram recarregados. Solicitei a devolução, mandei dia 16/07 e nada. || Ainda Não Usei o Produto uma vez que comprei porque o meu cartucho anterior está no seu limite de utilização || Recebi o produto com defeito! Como proceder para devolver? Aguardo orientação.
 || o produto atrasou demais na entrega e além disso a entrega não foi completa, pois faltou um cartucho de tinta colorido....INSATISFAÇÃO é o que define de forma educada minha avaliação. || o produto atrasou demais na entrega e além disso a entrega não foi completa, pois faltou um cartucho de tinta colorido....INSATISFAÇÃO é o que define de forma educada minha avaliação.","tinta, cartucho, de, impressora, cartuchos, entrega não, produto, que",True,True,True,neutral,0.46021103858947754,,,,
e59dd207c69d86e890febadc796d1078,"chegou antes do prazo., produto correto mto bom eu recomendo a loja... || Bom || Os produtos chegaram no prazo previsto, na embalagem original e bem acondicionados. || Houve atraso de 6 dias em relação ao informado e não houve atualização da data. || nao compensa nao imprimi nem 30 folhas com o cartucho preto..... nao compensa || SEM INFORMAÇÕES SOBRE O PARADEIRO
 || O produto veio bem embalado e correto, chegou antes do prazo previsto. Sempre comprei e compro no stark e recomendo. || A entrega poderia ser em 5 dias. O preço compensa. || muita demora para entregar, um produto tão pequeno. || a loja eu recomendo, o que nao recomendo e compras no lannister.com, pessimo atendimento para devoluções e trocas, naõ tem atendimento online, pelo telefone so te enrolam e nao atendem, por email nao || Pontualidade || entrega rápida || Coisa mais chata isso de ficar perguntando a gente como foi a compra. Faz a sua obrigação e ponto final! || Recebi o pedido no último dia prometido, o que me deixou um pouco ansiosa. Sugiro mais rapidez na entrega. || A IMPRESSORA DETECTOU QUE UM DOS CARTUCHOS NÃO É ORIGINAL, O PRETO || produto com defeito. imprimiu 30 cópias e depois parou de funcionar. o cartucho colorido fiquei com raiva e mandei pro lixo. o preto só funcionava quando eu colocava em água quente. e parou de vez de || Deveriam reduzir o prazo de entrega, muito longo. || Muito bom! Recomendo a todos! || pedido efetuado e pago em 06/08/2018, e ainda não entregue || Recebi informação sobre a situação do meu pedido até o recebimento. Chegou no prazo e o produto é o que eu especifiquei.
","nao, preto, 30, cartucho, houve, eu recomendo, sobre, original",True,True,True,neutral,0.422319620847702,,,,
e5ae72c62ebfa708624f5029d609b160,"Produto original conforme no anúncio. || Produto chegou antes da data marcada, mas a qualidade é ruim, impressão falhando. A impressora detetou que o cartucho já foi utilizado. || Missão Comprida !! || Missão Comprida !! || Atendeu plenamente minhas expectativas. || tudo correto || tudo correto || Ainda no aguardo da entrega do produto || Menor preço e entrega super rápida. || Achei o prazo de entrega muito longo. || Recebi somente o cartucho hp 93 colorido. Mas comprei junto com o cartucho hp 92. Veio incompleto! Como faço?  || Comprei dois cartuchos de impressora no mesmo pedido, paguei pelos os dois é só chegou um cartucho. não consigo falar com ninguém a respeito disso.  || Gostei foi enviado dentro do prazo... || faltou cupom fiscal || Gostei de todo serviço. Gostaria que todas das mercadorias, além de receber em casa, poderia ser retirado em alguma loja também.
abs. || Pedido entregue parcialmente, falta o produto cartucho HP 92. Solicito entrega com urgência. || É preciso entrar em contato com o cliente para informar qualquer mudança no envio do pedido. || É preciso entrar em contato com o cliente para informar qualquer mudança no envio do pedido. || Confiável.","cartucho, hp, tudo correto, informar, qualquer, impressora, com cliente, entrar em",True,True,True,neutral,0.43931305408477783,,,,
e5eadf9be70a4a9fa514019542fc330a,"Ótimo O PRODUTO! || Pagamos frete para receber o produto em casa . 
É mt chato ter que ir nos correios para buscar . Nem em área de risco eu moro . 


 || Excelente comora amei eu recomendo || bom produto e boa entrega || Loja excelente pra se comprar. Eu ainda não recebi meu produto mais estou sendo muito bem informado sobre o andamento da entrega, espero o êxito da compra o mais breve possível. || Pagamos frete para receber o produto em casa . 
É mt chato ter que ir nos correios para buscar . Nem em área de risco eu moro . 


 || Chato foi ter que ir nos correios para buscar . 
Nem em área de risco eu moro .  || Recomendo  || Sou compradora há tempos da lannister internet e sempre recebi o produto em bom estado, no prazo e a bom preço || Entrega nao foi feita , pedsimo atendimento . E nao fazem estorno || Recebi o produto anunciado em poucos dias. || não consegui receber o produto. quero cancelar a compra

como devo fazer? || Entrega rápida... || compra entrege no prazo e produto ok

 || gostei do produto e recomendo de ótima qualidade, muito bom mesmo, obrigado pela atenção. || Mas o produto é de má qualidade muito fraco  || Ainda não usei. || Chego certo adoro comprar na lannister.com.br
Qto ao produto ainda não usei.","área, área de, risco, ter que, que ir, receber produto, ir, produto",True,True,True,neutral,0.4092470705509186,,,,
e672fbe634ad07cce9d85f412becb2c0,"Ótimo produto.  || bem atendido || me surpreendeu a entrega muito rapida esta de parabéns. || Ótimo produto! || Compatível com o valor ,a entrega super rápida. Parabéns pra lojas!!!
  || Produto de boa qualidade, gostei bastante, tanto do tamanho, e tbm do material.
Entrega antes do prazo || Chegou tudo perfeito.. || Produtos de muita qualidade e super útil, || A BOLSA MUITO BONITA PANO BOM ADOREI  || Bom chegou antes do prazo || Gostaria de saber o que houve com o meu pedido,,já tá mais de mês que eu comprei o produto e nunca recebi!!!","de, ótimo produto, surpreendeu, com valor, compatível, gostei bastante, do material, parabéns",True,True,True,positive,0.8117470145225525,,,,
e67307ff0f15ade43fcb6e670be7a74c,"o produto é bom, porém não resolveu o problema do ronco. Lembrando que não respondi em tempo por que não entendo de computador  || Muito bom comprar nesta loja a entrega foi boa e o preço foi bom também || para mim essa faixa nao funcionou, mais cada caso e um caso || Entrega muito rápido, bem antes do prazo previsto. || Antes do produto voltar para o emitente deveriam entrar em contato com o remetente primeiro.pois assim evitaria muito transtornos.  || Entrega prometida 24/05/17. Dia 26/05/17 não havia recebido ainda. || Entrega prometida 24/05/17. Dia 26/05/17 não havia recebido ainda. || Entrega adiantada, me mantiveram informado da posição do produto, e chegou correto || Produto não atendeu as expectativas. Não faz o que promete. || Não posso avaliar se não entregaram ainda || Quero a faixa q eu paguei e não veio ...
Como faço? || Quero a faixa q eu paguei e não veio ...
Como faço? || Quanto ao atendimento, a lannister está de parabéns. Além de entregarem sempre dentromdo prazo. || o produto não gostei pq não resolveu o meu problema.","05, 17, não, eu paguei, caso, 24, 26, como faço",True,True,True,neutral,0.44371721148490906,,,,
e6b314a2236c162ede1a879f1075430f,"Produto ainda não foi entregue, mas deixo essa opinião aqui como uma observação até a expiração da data. || Produto ainda não foi entregue, mas deixo essa opinião aqui como uma observação até a expiração da data. || Boa tarde,qdo comprei era cartucho hp 933XL original e veio cartucho desconhecido com tinta.
No anuncio nao deveriam colocar a embalagem do produto,pois pela foto é que eu queria mas vei o generico. || Boa tarde,qdo comprei era cartucho hp 933XL original e veio cartucho desconhecido com tinta.
No anuncio nao deveriam colocar a embalagem do produto,pois pela foto é que eu queria mas vei o generico. || Boa tarde,qdo comprei era cartucho hp 933XL original e veio cartucho desconhecido com tinta.
No anuncio nao deveriam colocar a embalagem do produto,pois pela foto é que eu queria mas vei o generico. || Chegaram pra mim 2 cartuchos piratas. Um inclusdive sem nota fiscal. Fora da caixa, sem o nome da marca HP. Quero devolver este produto que é inclusive ilegal, mas especialmente: NÃO É O QUE COMPREI. || Adquiri no site lannister os Cartuchos 933XL Cian e 932XL Preto, ambos originais HP nos descritivos, 03 unidades de cada cor. Recebi 2 pacotes, contendo 01(um) cartucho cian em cada e não originais. || Adquiri no site lannister os Cartuchos 933XL Cian e 932XL Preto, ambos originais HP nos descritivos, 03 unidades de cada cor. Recebi 2 pacotes, contendo 01(um) cartucho cian em cada e não originais. || Adquiri no site lannister os Cartuchos 933XL Cian e 932XL Preto, ambos originais HP nos descritivos, 03 unidades de cada cor. Recebi 2 pacotes, contendo 01(um) cartucho cian em cada e não originais. || Péssimo. || Péssimo. || Gostaria que o produto fosse mais específico quando e original ou paralelo so isso mais a entrega foi rapida obrigado
 || A foto do produto no anúncio é cartucho HP 933XL original. O cartucho que mandaram é um falsificado. Tenho fotos dos 2 pra p","cartucho, 933xl, hp, cian, originais, cada, cartuchos, em cada",True,False,False,neutral,0.502307116985321,,,,
e6d3e381889aa6e9d222ad50cb30ac43,"Era pra ter chego dia 14 e até agora nada  || GOSTEI MUITO || Foi muito legal...não tive problemas...recomendo  || vergonhoso || Relógio não é o que eu esperava  || Tudo otimo, super indico || Produto chegou corretamente antes do prazo || Gosto da empresa, produtos de qualidade. || GOSTEI MUITO || Parabéns pelo prazo.
 || Entrega rapida e produto de otima qualidade","gostei muito, de otima, chego, rapida produto, parabéns pelo, legal, super indico, prazo entrega",True,True,False,positive,0.8086342811584473,,,,
e7cc48a9daff5436f63d3aad9426f28b,"Recebin antes do prazo ainda esse ano vou compa de novo com vcs || Prescizo dos produtos. Pois os mesmo sã o presente de aniversário de duas crianças. 
É a primeira vez que compro no site e já acontece isso . Quero os produtos.  || Prescizo dos produtos. Pois os mesmo sã o presente de aniversário de duas crianças. 
É a primeira vez que compro no site e já acontece isso . Quero os produtos.  || No quesito entrega vocês estão de parabéns. Chegou muito antes do previsto. Pena que o tablet trava muito e o sistema usa muito do espaço interno que já não é lá essas coisas. || O produto veio com defeito ele não liga não funciona quero trocar || Produto de qualidade.
Entrega 7dias antes do prazo.
Tablet muito rápido.
Parabéns a toda a equipe. || Comprei 2 (dois) Tablet Qbex Zupin TX120 7"" 4GB Dual Core Android 4.2 Preto e recebi apenas 1 (um). A nota fiscal apresenta 2 unidades, mas na caixa lacrada só havia 1 (um). Me considero roubado. || Comprei 2 (dois) Tablet Qbex Zupin TX120 7"" 4GB Dual Core Android 4.2 Preto e recebi apenas 1 (um). A nota fiscal apresenta 2 unidades, mas na caixa lacrada só havia 1 (um). Me considero roubado. || boa boa noite . o tablete esta travando muito
 || o produto não foi entregue, foi pelo correio e não receberam no local. Não consigo falar na loja para resolver || Essa foi a primeira vez que comprei no site estou muito satisfeito! || Muito bom essa loja !!
Parabéns! || Veio apenas um tablet eram dois agr tento contatar a loja pra abrir a reclamacao e nada! || Veio apenas um tablet eram dois agr tento contatar a loja pra abrir a reclamacao e nada! || Por favor preciso do estorno do valor total da compra.  || Faltou acessórios || Tinha urgência em receber o produto para dar o presente no dia dos pais, mas não chegou no prazo e não tem nada dizendo o porque da falha na entrega do produto. || produto bom minha filha amou || Demora de entrega || Tablet chegou com a tela toda arranhada, todo zuado, um monte de aplicativos baixados. Comprei novo veio usado. Já solicitei devolução estou aguardando ","tablet, apenas um, primeira vez, vez que, de duas, primeira, presente, dois",True,True,True,neutral,0.45520317554473877,,,,
e8316a4667e5870c85e906b1f062bde1,"Produto simples e funcional. || Demorou um pouquinho, mas a cadeira é muito boa! || o que mata é o prazo da entrega!  || o que mata é o prazo da entrega!  || o que mata é o prazo da entrega!  || Fiz o pedido e decidi cancelar em seguida devido aos comentários. Recebi um e-mail da lannister confirmando o cancelamento, porem a empresa continuou com o processo de envio.  || Faltou cuidado no empacotamento ou fabricação de peça do produto, montagem impossível. Tentando com o fornecedor, que não é a targaryen, mas Storecadeiras envio de peça certa. || Pedi 3 cadeiras e só enviaram 2. E para piorar, deram como entregue segundo o site. Abri reclamação há dois dias e até hoje nada, nenhuma respostas. Quero os 100 reais de volta logo e urgente! || Pedi 3 cadeiras e só enviaram 2. E para piorar, deram como entregue segundo o site. Abri reclamação há dois dias e até hoje nada, nenhuma respostas. Quero os 100 reais de volta logo e urgente! || Pedi 3 cadeiras e só enviaram 2. E para piorar, deram como entregue segundo o site. Abri reclamação há dois dias e até hoje nada, nenhuma respostas. Quero os 100 reais de volta logo e urgente! || - a compra foi efetuada em 30/01
- a emissão da nota fiscal emitida em 05/02
- até 16/03 ainda não recebemos a mercadoria
- que avaliação deveríamos dar a isto?
- desonestos? ineficientes? etc, et || - a compra foi efetuada em 30/01
- a emissão da nota fiscal emitida em 05/02
- até 16/03 ainda não recebemos a mercadoria
- que avaliação deveríamos dar a isto?
- desonestos? ineficientes? etc, et || - a compra foi efetuada em 30/01
- a emissão da nota fiscal emitida em 05/02
- até 16/03 ainda não recebemos a mercadoria
- que avaliação deveríamos dar a isto?
- desonestos? ineficientes? etc, et || - a compra foi efetuada em 30/01
- a emissão da nota fiscal emitida em 05/02
- até 16/03 ainda não recebemos a mercadoria
- que avaliação deveríamos dar a isto?
- desonestos? ineficientes? etc, et || - a compra foi efetuada em 30/01
- a emissão da nota fiscal emitida em 05/02
- até 16/03 ainda não recebemos a mercadoria
- que avaliação deveríamos dar a isto?
- desonestos? ineficientes? etc, et || - a compra foi efetuada em 30/01
- a emissão da nota fiscal emitida em 05/02
- até 16/03 ainda não recebemos a mercadoria
- que avaliação deveríamos dar a isto?
- desonestos? ineficientes? etc, et || Cadeira conforme descrita no site. Tudo certo. || Produto conforme anunciado. Entrega super rápida!  || Gostei...já comprei em outras épocas e sempre recebo antes do prazo estipulado. || Não recebi","mercadoria que, isto, foi efetuada, etc, emitida, recebemos, 16, efetuada",True,False,False,negative,0.524440586566925,,,,
e84997d75938765ef99930f908ceedf4,"Gostei muito do produto. Entrega muito rápida. || Entrega rápida e produto de qualidade!!! || Comprei o produto na quinta (19/04) e recebi no feriado (23/04) pela manhã. Além da entrega rápida, veio em perfeito estado.  || recebi rápido,otimo produto,recomendo só achei o frete caro. || lannister.com sempre com bom preço , produtos de qualidade e entrega no prazo!! || Organização, rapidez, competência, tudo de Bom! Parabéns! ||  O que eu tenho de dizer ...vcs estão de Parabéns!! Muito Obrigado !!!  ||  O que eu tenho de dizer ...vcs estão de Parabéns!! Muito Obrigado !!!  || Produto entregue antes do prazo || Produto excelente! || Produto chego no prazo || Entrega super rápida e produto de ótima qualidade.
 || Estou aguardando posicionamento da empresa. || Produto de boa qualidade e acabamento para o preço que está sendo vendido. Apesar de não ser grande, cabe um notebook de até 17 polegadas confortavelmente. Tem zipers grandes com trilhos robustos. ","de, parabéns muito, dizer, produto, muito obrigado, 04, rápida, estão de",True,True,True,neutral,0.43119052052497864,,,,
e85d91619b497e98754390b6198a9818,"muito bom.super recomendo.entrega sempre certa. || chegou antes do prazo. || Gostei, pena que não vou poder usar agora pq minha bb só tem um mês e as perninhas dela não abre muito na minha cintura, mas o produr bom. || Adorei o canguru, conforme descrição, únicos problema é que se for mais gordinho não serve.. foi por pouco kkk e não tem nenhum manual ou folheto de instrução.. do resto tudo ok, bom material. || Até agora não recebi o produto. Ninguém me dá um retorno  || Chegou antes do prazo, veio direitinho, super reforçado. RECOMENDO || O produto veio com defeito na costura || Produto chegou bem antes do prazo porém está com defeito, já postei devolvendo. || O canguru deveria vir com instruções de como utilizar as outras posições. || o unico prolema q o produto não veio com manual de instruções || Gostei foi do jeito que estava na foto || A loja simplesmente não entrega o produto!","manual, não, com defeito, defeito, veio com, ninguém me, do, conforme descrição",True,True,False,neutral,0.4427589178085327,,,,
e9a69340883a438c3f91739d14d3a56d,"Entregou antes do prazo estipulado. ÓTIMO. Por isso que sempre compro no site. || Oi, boa noite!
Eu quero cancelar minha compra, devolver o produto e ter meu dinheiro reembolsado. Você pode me ajudar? Muito obrigado.  || Ótimo custo benefício  || Estão de parabéns  || Recomendo! /Qualidade e entrega dentro do prazo.. || a balança veio faltando uns ferrinhos na bandeija dela  || estou satisfeito com os produtos || Produto foi entregue antes do prazo e em perfeita condições. Estou satisfeita. || mercadoria boa || Foi td muito rapido fiquei ate surpreso! || Quanto ao prazo foi tudo ótimo, só não estou satisfeito porque paguei pelo frete para ser entregue em minha residência, mas não chegou foi para os correios. Tive que ir buscá-lo. || loja muito eficiente produto com boa qualidade  || Muita demora pra entregar o produto... || GOSTEI OTIMO PRODUTO. || Tenho acompanhado a evolução da entrega e verifique que o produto se encontra no Rio de Janeiro desde o dia 31/03 e simplesmente não entregam na minha casa.
O status está: Encaminhado para CEE JACARE || recebi no prazo e conforme anuncio || Não é a primeira vez que compro sempre é entregue antes do prazo muito bom. || Gostei, repetirei outros pedidos || Comprei 4 balanças, recebi somente 3 unidades. || Comprei 4 balanças, recebi somente 3 unidades.","recebi somente, estou satisfeito, unidades, prazo, produto, boa, compro, minha",True,True,True,neutral,0.42147305607795715,,,,
e9def91e99c8ecb7c5cef5e31506a056,"Produto entregue bem antes do prazo. Minha filha adorou. || Só realizei a compra pq chegava antes do Natal e até agora nada de chegar.  || Maior controle de estoque.... colocar l produto como indisponível antes do cliente comprar para q não tenhamos todo esse transtorno no cancelamento. || Produto OK e entrega super rápida || Tudo certo e chegou rapidinho || Produto simples mas que atendeu a expectativa em razão di baixo custo. Boa opção de presente. Entrega antecipou. || Compra e entrega sem problemas || Produto superou as expectativas!  || Produto de qualidade e preço excelente || Chegou antes do praso previsto, recomendo.
Chegou tudo como o esperado!!! || Não credito todo o erro ao fornecedor.
A baratheon também tem responsabilidade. Comprei na baratheon. Obrigada. || a entrega dos produtos e muito rapido ,mais dessa vez nao recebi meu produto,fico nos correios ,ai volto para a trasportadora || Demos o relógio de presente para a nossa neta, ela gostou muito.  || Tudo beleza !! || Produto mto bom","de presente, produto, todo, presente, baratheon, de, antes do, excelente chegou",True,True,True,neutral,0.468635231256485,,,,
ea44caac707f7f1325182a538007f838,"Veio quebrado e faltando peça  || Fiz um pedido a mais de mês, e ainda não foi entregue. || Bom || Entrega rápida e produto de ótima qualidade! || Parabéns produto ótimo e entrega mega rápido vcs arrasam || Agilidade da entrega excelente. || Não posso dizer que não recomendo a loja, pois acredito que o problema na entrega foi com a transportadora (correios). Não deixaria de comprar com a loja por conta deste problema na entrega. || Minha filha adorou, bom material e ótimo preço!
Recomendo!  || Produto dentro do esperado. Entrega rápida, antes do prazo. || Ok || O produto foi entregue quebrado e minha funcionária foi intimidada para receber a caixa mesmo ela estando toda amassada. Já registrei o problema e até agora não obtive nenhuma resposta. || Achei o produto bom, principalmente porque o pinico é removível. Uma sugestão seria que o fabricante colocasse pés fixador, porque quando a criança vai sentar, o produto desloca um pouco do lugar. || Muito legal  || Não recebi o produto.  || Empresa comprometida com o atendimento ao cliente e idônea nos produtos que vendem ","problema na, quebrado, problema, produto, entrega, porque, não, na entrega",True,True,True,negative,0.43441489338874817,,,,
ead3077a141a9c800d6a4bb9d0d415b6,"Simplesmente horrível o produto  || Produto conforme o anunciado e entregue muito rápido. || Produto conforme o anunciado e entregue muito rápido. || ao realizar a compra de uma cortina tecido blackoute conforme foto do anuncio, e recebi uma cortina de plastico, nada parecido com a foto do anuncio, sempre comprei na baratheon e isso nunca aconteceu || Muito bonita,material resistente,acetinado,coube perfeitamente na minha janela,amei! || Meu produto era pra ter chegado dia 17/04.. E nao chegou. E nem si quer tive uma resposta da loja que fiz a compra.. || Vocês me enviaram faltando 3 cortinas. E agora? || Vocês me enviaram faltando 3 cortinas. E agora? || Vocês me enviaram faltando 3 cortinas. E agora? || Material totalmente ruim e diferente da foto quero saber como fazer a troca || O produto tinha data prevista para o dia 30/04 até agora não foi recebido e nenhuma ligação da responsável pela entrega. Nenhum email, nada. Estou no aguardo! Ainda tenho esperanças de receber. || Beleza Jóia !!!  || Tive uma surpresa quando abri a embalagem, pois chegou apenas um lado da cortina, mesmo contendo os tamanhos em nenhum momento é mencionado que viria apenas um dos lados, diferente das imagens ...","me enviaram, cortinas, cortina, enviaram, vocês, faltando, foto do, agora",True,True,False,negative,0.44062188267707825,,,,
eb8c629f70275fd1c4f809116cce1efc," Se fosse vidro tinha quebrado; veio na caixa sem nenhuma proteção por dentro, a caixa estava muito amassada. Desculpe.. mas gosto de comprar de vcs
. ||  Se fosse vidro tinha quebrado; veio na caixa sem nenhuma proteção por dentro, a caixa estava muito amassada. Desculpe.. mas gosto de comprar de vcs
. || O pedido chegou antes do combinado, muito bom. || Entregou bem antes do prazo,com qualidade e segurança. || Comprei 3 produtoa e so recebi 2 , gostaria de saber o que falta porque nao recebi??? || Comprei 3 produtoa e so recebi 2 , gostaria de saber o que falta porque nao recebi??? || Comprei 3 produtoa e so recebi 2 , gostaria de saber o que falta porque nao recebi??? || produto chegou pela metade || produto chegou pela metade || produto chegou pela metade || produto chegou pela metade || Entrega dentro do prazo. Produto conforme anunciado. || Entrega dentro do prazo. Produto conforme anunciado. || Perfeito!!! || Perfeito!!! || Perfeito!!! || otimo produto, material muito bom, chegou antes do prazo, recomendo || otimo produto, material muito bom, chegou antes do prazo, recomendo || Faltou um produto, somente um foi entregue. || Faltou um produto, somente um foi entregue.","metade, saber que, so recebi, caixa, de saber, pela, produto, veio na",True,True,False,neutral,0.4503004848957062,,,,
eba7488e1c67729f045ab43fac426f2e,"Excelente em todos os aspectos, recebi minha compra antes do tempo... Ótimo!!!  || Entrega rápida, recomendo! || DEMOROU 1 POUCO ...MAS CHEGOU CERTO....OBG || DEMOROU 1 POUCO ...MAS CHEGOU CERTO....OBG || O produto ótimo e a entrega antes da data prevista. || Muito bom ... || Produto chegou antes do prazo determinado pelo site. || o produto é falso, ridiculo! || Fiquei na dúvida se o produto é original ? A fixação e diferente do que comprei no EUA.  || Produto chegou antes do prazo.
 || otima || EXCELENTE EM TUDO. PARABÉNS! O PRODUTO FOI ENTREGUE ANTES DO PRAZO E DE CONFORMIDADE COM O PEDIDO. || Quase tudo perfeito..
Apesar de entregue no prazo, o prazo dado poderia ser mais curto. || Preço ótimo. Super bem embalado, e pretendo adquirir outros produtos brevemente.  || Produto entregue antes do prazo,
 || Recomendo || excelente vendedor , recomendo  || Produto entregue antes do prazo. ..","ótimo entrega, obg, mas chegou, antes, produto, entregue antes, antes do, prazo",True,True,True,neutral,0.42794468998908997,,,,
ec2d43cc59763ec91694573b31f1c29a,"Gostei || Amei.... || Gostei muito do meu produto só acho que
os panos poderiam ser maiores, mais está
Tudo certo....super recomendo este sitie,
entrega muito antes do prazo...com certeza irei comprar outras vezes.
 || Sempre satisfeita com o stark || ótimo || ótimo || ótimo || ótimo || ótimo || Melhor do que esperava || Muito bom produto!  || igual o da foto || Eu amei os panos || Não é a melhor toalha do mundo, mas pelo preço está perfeito. || Perfeito || Otimo || Parece bom, preciso usar para avaliar melhor  || O produto foi enviado conforme anunciado. Recomendo.
 || Produto dentro das expectativas, boa qualidade e bonito. Recomendo!  || Com certeza indico Já estou fazendo propaganda para as minhas amigas com certeza comprarei mais","com certeza, panos, certeza, ótimo, melhor, amei, produto só, prazo com",True,True,True,positive,0.7589588761329651,,,,
ec5b3c8bb77ad22278f6e9d719a83de3,"Adorei o produto que comprei, superou minhas expectativas, super recomendo. || Adorei o produto que comprei, superou minhas expectativas, super recomendo. || Comprei duas unidades e só recebi uma || Comprei duas unidades e só recebi uma || gostei bastante || Boa tarde!
Quero saber onde está minha mercadoria || Achei que o veda porta era de corino, como o outro que comprei, mas este é de tecido, não gostei || Produto dentro do esperado. Bom. || Produto dentro do esperado. Bom. || Estou aguardando minha mercadoria.
Não recebi nenhum contato sobre o atraso na entrega minha mercadoria || Entregaram dentro do prazo, mas meu protetor veio em parte descosturado, pena que veio com esse defeito de fabricação.","minha mercadoria, duas unidades, que comprei, superou minhas, adorei produto, mercadoria, recebi uma, produto dentro",True,True,False,positive,0.49922800064086914,,,,
ecf9484703bdfb9cfcc1ac9c2084b567,"O produto é muito bom é lindo, superou as minhas expectativas!!!! Recomendo!!!!! Amo comprar nas lannister.com, nunca tive problemas!!!! || Respeitam os prazos, produtos bem embalados, otimas dimensões, produto atende muito bem o proposto, eu recomendo pode comprar sem medo. || Comprei uma cuba mas gostaria de trocar pois me iquivoquei com o tamanho || Tudo conforme combinado. || Belas peças, produto chegou bem antes do prazo! || Só posso avaliar a loja depois da conclusão do meu pedido .eu já estava sonhando com minha pia .Não sei se a culpa e da loja ou dos correios .mais não recebi meu produto || PRODUTO ENTREGUE ANTES DO PRAZO. SUPER RECOMENDO.  || Preciso trocar o produto pelo kit menor 30X30 como na primeira compra.q foi extornado por falta de comunicação do correio. Vou providenciasr devolução.  || Excelente! || Compramos uma torneira para o banheiro , torneira cascata e é uma peça muito delicada de vidro , ela veio com um trincado no círculo, fiquei muito chateado pois não é uma peça cara c defeito || Produto muito bom porem por uma falta de informação da medida no item acabei comprando/recebendo uma cuba grande de 41 CM || O produto que pedir era no tamanho 30cm e ele veio de 42cm || Ainda não recebi o produto e não consigo entrar em contato com niguem para resolver isso! || Indico a loja, o produto bom e foi bem embalado por ser quebrável || Maravilhoso os produtos, super recomendo. Produto entregue antes do prazo. Obrigadaa","produto, cuba, uma, peça, trocar, falta de, tamanho, de",True,True,False,neutral,0.4122936725616455,,,,
ed2067a9c1f79553088a3c67b99a9f97,"Chegou dentro do prazo. || O produto é ótimo e foi postado na data. O atraso na entrega foi culpa dos correios, que não vieram entregar, alegando que não tinha ninguém. Depois entregaram o aviso no último dia. Quase não recebi || Chegou no prazo, sem problemas.Recomendo.
 || CHEGOU ANTES DO PRAZO || Produto não foi entregue || Chegou no tempo certo, produto bem embalado, super recomendo  || Muito bom. || Produto excelente, bom preço, rapidez na entrega. Estou satisfeito com a compra. || Fizeram confusão. A entrega foi feita para o Minas Tenis Clube e não em meu nome.Eu mencio ei o Minas, como referência da minha residência.  || Recomendo este vendedor, pois envia o pedido no prazo. || Tudo certo || Muito bom, chegou antes do prazo.  || Excelente, recebi corretamente o produto. || Tudo perfeito  || entregue no prazo e mercadoria certa. é o que importa  || estou usando o produto ainda... || Tudo como esperado. Satisfeito.","prazo, que não, produto, no, chegou, na entrega, chegou no, entrega foi",True,True,True,neutral,0.4723484516143799,,,,
ee0c1cf2fbeae95205b4aa506f1469f0,"Quero saber dos demais produtos eram 3 itens  || Excelente. || Maravilha || Maravilhoso,minha filha adorou! || Adorei || Excelente produto muito lindo entrega rapida || SEMPRE COMPRO E RECOMENDO ESTA LOJA, POIS SEMPRE RECEBI MINHAS COMPRAS ATÉ MESMO ANTES DO PRAZO. || Gostei do produto e chegou antes do prazo! || Comprei o produto no inicio de fevereiro e ainda não recebi e não houve posicionamento da loja  || Produto de excelente qualidade. || Comprei dois produtos e ambos, mesmo enviados em dias diferentes, estão como em ""dificuldade na entrega"" segundo o rastreamento dos Correios. O que nunca me aconteceu antes. || Pelo custo ele atende muito bem as expectativas.As cerdas são macias,alem de ser lindo. || Fiz um pedido de 4 itens, ele foi separado em 2 entregas. Só recebi 3 itens!!!  || Excelente aquisição, minha filha ficou muito feliz, excelente produto, de qualidade e muito bonito. || Como posso avaliar algo que não recebi.
Já paguei o produto e no status diz que o produto não chegou ainda na unidade da minha cidade.
entrega para 21/12/2017.
cadê o produto?fico no prejuízo? || É com muita tristeza que venho realizar essa avaliação, pelo fato de a mercadoria não ter chego até agora, e pra piorar, no histórico do rastreio está que o objeto nem chegou em uma das unidades CTE. || Os pincéis são lindos!!!!!! || Gosto muito de fazer compras c vcs || O produto veio em ótimo estado e antes do prazo informado. Veio mais rápido do que imaginava.
Estão de parabéns. || Recebi 20 dias antes do prazo estimado!!!","itens, excelente, produto, minha filha, filha, de, produto no, do",True,True,True,positive,0.4162676930427551,,,,
ee406bf28024d97771c4b1e8b7e8e219,"gosto de comprar nessa loja porque agente ñ precisa avisar da entrega
 || Colocam no site que o produto já está entregue mais não chegou no destino , quando reclama aí com dois ou três dias chega || Produto de excelente qualidade || produto entregue antes da data prevista .foi ótimo  || produto veio diferente do que comprei e ja fiz a devolução  || A entrega foi super rápida, está de parabéns. A bolsa é bonita, mas eu pensava que o material era melhor. || Muito bom o produto entregue antes do prazo como sempre Parabéns  || Gostei muito veio do jeito que estava no site a entrega foi efetuada com sucesso agradeço a loja americana e sua parceira. || Foi a primeira vez que comprei pela internet, mesmo desconfiada resolvi arriscar.Espero que meu problema se resolva o mais rápido possível,pra futuramente poder fazer novas compras.Aguardo resposta. || sempre compro pelo baratheon e satisfaçao na certa || Não recebido  || Chegou no prazo certinho
Eu recomendari simm,produto perfeito || Linda !material resistente, tamanho ideal!perfeita e preço bem acessível! lannister sempre de parabéns! Entrega sempre no prazo! || Vocês estão de parabéns, entregar muito rápido muito satifeita obrigado  || Produto de boa qualidade , bem acabado, uma gracinha, chegou super rápido. || estou esperando a entrega que por sinal ja passou do prazo de entrega . || Adorei a minha encomenda.. chegou bem antes do previsto.. 
Aprovadissimo.  || Só recebi um item e já está marcado como recebido no site das lannister e nos correios, além de a loja não responder o contato. || Gostei muito das bolsas veio engual as da foto amei muito obrigada pela qualidade Material muito bom  || Melhor loja pra comprar pela internet","de parabéns, pela internet, parabéns, sempre, material, de, internet, no site",True,True,True,neutral,0.48016777634620667,,,,
ee57070aa3b24a06fdd0e02efd2d757d,"recebi o produto dentro do prazo informado, ainda não utilizei. || chegou rápido, o que eu gostei || Não foi entregue dentro do prazo prometido. || SOLICITO ENTREGA DO PRODUTO NAO VOLTARIA A FAZER NEGOCIO COM ESSA EMPRESA || Não recebi o produto e até agora nem mesmo uma ligação de retorno das mensagens que enviei sobre o assunto. Lamentável.  || Recomendo não comprar produtos que são entregue por outras empresas que não forem das lojas lannister. || Comprei cartucho colorido e recebi preto, o site não funciona para solicitar troca, apenas para cancelamento, então cancelei.  || bom || mais uma vez confirmo que,o produto veio errado!Em vez de cartucho75 XL 12 ml--Entregaram
1-cartucho 122 xl color+1 cartucho 122 xl preto!
ERRADO!Quero o reembolso! || Minha única dúvida é, se eu comprei dois cartuchos pq só recebi um e-mail não os dois juntos de uma só vez? || Muiita demora na entrega do produto. Protu comprado em 03/03/2018, e até hoje não foi entregue (19/03/2018). || Muiita demora na entrega do produto. Protu comprado em 03/03/2018, e até hoje não foi entregue (19/03/2018). || Não recebi meu pedido completo! Chegou somente o cartucho 74xl! Não chegou o cartucho 75xl sendo que na nota fiscal consta os dois produtos!","03, 03 2018, cartucho, 2018, não, 2018 até, entrega do, demora na",True,True,False,negative,0.48258572816848755,,,,
ee6c49af1a2de55aa0e076257ab4ab99,"Ótimo produto, estou satisfeito com minha compra || O PRODUTO É BOM, MAS QUASE 2 MESES PARA RECEBER !!!! || Fiz a compra de 2 cartuchos de impressora, que estou precisando muito, e até agora não recebi. || Produto entregue antes do prazo prometido. Isto é muito bom!  || Mesmo que o prazo tenha sido indicado na hora da compra acho muuuuuuuito demorado quase um mês pra entregar apenas dois cartuchos de impressora. || A minha opinião é: tenham mais organização, eu ainda não recebi e essa é a primeira vez que um site de compra me pé pede pra avaliar algo que eu ainda não prevenir, estou muito insatisfeita! || Produto com excelente qualidade eu recomendo || Produto com excelente qualidade eu recomendo || Prazo, produto e entrega, todo ok. || lannister é o pior site de compras na internet muito enrolado as entregas || Meu cadastro estava incorreto e só vi após a confirmação do pedido. Alterei no sistema meu cadastro e estou em contato via site e telefone desde 27/02/18. Até agora não recebi esse pedido, 3 cartuchos || recomendo || recomendo || Todas as vezes que comprei nesta loja os produtos chegaram no prazo e em excelentes condições. Busco sempre o melhor preço e a qualidade nas minhas compras.","cartuchos, impressora, excelente qualidade, estou, quase, produto com, compra, compras",True,True,True,neutral,0.41512608528137207,,,,
eebbed5ed3b134eceb717496c47652ba,"Não recebi o jogo na cor tabaco. Só o vermelho.  || Entregue antes do prazo.....amei
 || Dentro do que eu esperava do produto  || Comprei 3 jogos e so vieram 2 
E agora peco dinheiro ? 
Paguei e quero meu produto || Comprei 3 jogos e so vieram 2 
E agora peco dinheiro ? 
Paguei e quero meu produto || Comprei 3 jogos e so vieram 2 
E agora peco dinheiro ? 
Paguei e quero meu produto || BOM SERVIÇO || Produtos excelente  || Não recebí o produto, e mesmo tendo comunicado ao baratheon o que ocorreu me recomendaram aguardar 02 dias que a loja me contataria e isso não aconteceu. Exijo uma solução imediata. || toalhas muito finas, qualidade inferior || Boa || Excelente loja . Sou cliente antiga . Nada tenho a reclamar. Nota 10 para baratheon.

","jogos, produto comprei, quero meu, vieram, dinheiro, so, paguei, quero",True,True,False,neutral,0.4982222020626068,,,,
ef66e63137bdd1b2e44aa968646fc1e3,"produto atrasado sem resposta da loja  || produto atrasado sem resposta da loja  || Otimo || Comprei 3 luminárias, só recebi 2. Já abrir chamado e não tive resposta. || Comprei 3 luminárias, só recebi 2. Já abrir chamado e não tive resposta. || Comprei 3 luminárias, só recebi 2. Já abrir chamado e não tive resposta. || Não consigo abrir o rastreamento e consta como entregue, quero o produto. Quero urgente uma posição sobre isso. || Sou cliente da lannister a muito conforme comprova nos pedidos agora receboo meu pedido faltando itens. Comprei 6 itens e veio apenas 5, como que envia faltando. Quero uma solução rápida e imediato. || Sou cliente da lannister a muito conforme comprova nos pedidos agora receboo meu pedido faltando itens. Comprei 6 itens e veio apenas 5, como que envia faltando. Quero uma solução rápida e imediato. || Sou cliente da lannister a muito conforme comprova nos pedidos agora receboo meu pedido faltando itens. Comprei 6 itens e veio apenas 5, como que envia faltando. Quero uma solução rápida e imediato. || O produto veio faltando uma unidade, e ainda não consegui entrar em contato com ninguém para solucionar o problema. Gostaria de saber como vai ficar agora?... || O produto veio faltando uma unidade, e ainda não consegui entrar em contato com ninguém para solucionar o problema. Gostaria de saber como vai ficar agora?... || falta 1 pendente, paguei por 2 e chegou 1 || falta 1 pendente, paguei por 2 e chegou 1 || RECOMENDO , PORÉM FIZ O PEDIDO DE TRES LUMINARIAS E ATE HOJE CHEGARAM SOMENTE 2 || RECOMENDO , PORÉM FIZ O PEDIDO DE TRES LUMINARIAS E ATE HOJE CHEGARAM SOMENTE 2 || RECOMENDO , PORÉM FIZ O PEDIDO DE TRES LUMINARIAS E ATE HOJE CHEGARAM SOMENTE 2","faltando, itens, abrir, comprei luminárias, luminarias, recebi já, resposta, ate hoje",True,False,False,negative,0.4634036123752594,,,,
f1c7f353075ce59d8a6f3cf58f419c9c,"Exatamente o que eu precisava  || Não veio a nota fiscal || Estou muito satisfeita chegou antes do prazo super recomendo  || Produto de excelente qualidade e a entrega foi feita antes do prazo previsto. Muito satisfeita.  || Produto de excelente qualidade e a entrega foi feita antes do prazo previsto. Muito satisfeita.  || O tapete e muito lindo e material muito bom, super fofinho. A entrega foi dentro do prazo, so o embrulho que ele veio e que assusta e tao pequeno que nem parece que tem um lindo tapete dentro . || O poduto é muito bom eu recomendo
É chegou rápido || Material de otima qualidade! || tapete muito bonito || Tapete muito fofinho, recomendo!! || A entrega foi antes do prazo, e o produto de boa qualidade. || Ótimo  || Não gostei muito da qualidade do produto.  || Apenas achei que seria mais alto, mas mesmo assim gostei ! || Boa,pois foi entregue no prazo é gostei muito do produto. || Amei o tapete muito lindo  || ta otima
 || Obrigada pela presteza da loja em atender ao meu pedido. O produto foi recebido e já está sendo usado. || Ótimo produto!!! Pelo preço vale muito a pena.. Com certeza recomendo || Bom custo beneficio, entrega antes do prazo ","tapete, muito, entrega foi, muito satisfeita, foi feita, lindo, previsto muito, muito lindo",True,True,True,positive,0.6239022612571716,,,,
f1fe595ee7ef768b41bd9b246d13432d,"Ótima loja entrega certinha e no prazo antes do prometido 👍👍👍👍 || Recomendo, chegou na data certa. || OBRIGADO  || voltarei a comprar ais estou muito satisfeito obrigado || Não recebi o produto, nem deixaram documento comprovando a tentativa de entrega. Estive sem tempo pra resolver e agora pergunto: como devo proceder??? || foi muito bom  || CONFIO NO SITE lannister ,POREM O METODO DE ENTREGA DEIXA A DESEJAR,POR DEPENDER DE TERCEIROS O PRAZO ESTIMADO PARA ENTREGA NO ATO DA COMPRA NAO E CONFIAVEL. || otima compra farei mais vezes por motivo de preços mais em conta que outros concorrente a entrega foi bem antes do prazo indicado gostei de compra nesta loja pelo site estou vendo mais alguns produtos || encomenda 20 dias atrasada para ser entregue || produto atende minhas espectativas || Indico e recomendo, entrega antes do prazo determinado. || Ótimo || tudo certo entrega rápida || Bom || entrega rápida.tudo certo. || Muito rápido, tudo perfeito
 || Envio imediato entrega super rápida produto entregue como o anúncio || PRODUTO ENTREGUE ANTES DO PRAZO..
TUDO PERFEITO, É PEQUENA MAS PARA O QUE QUERO ESTÁ ÓTIMO... || facil de comprar sem burocracias muito bom || boa muito boa","entrega, tudo perfeito, tudo, de, rápida, obrigado, tudo certo, muito",True,True,True,neutral,0.4696256220340729,,,,
f264c1d9b20b5e4a340254d0405e613b,"Agradeço muito! Amei chegou antes do prazo e perfeita ! Virei cliente! Super indico ! Obrigada || Entregaram no tempo bom || Entrega excelente.
Mt antes do prazo previsto.
 || PRODUTO DE QUALIDADE  || Adorei comprar cm vcs.recomendo. || recomendo. || O produto foi entregue bem antes do prazo e conforme solicitação. Muito obrigada. || Na realidade comprei dois produtos nesta loja e foi entregue só 1 por enquanto e sem nota fiscal. || As bolsas são muito bonitas, mas verificando a costura acredito que não será muito resistente para o uso no dia a dia. Mas atendera minhas necessidades no momento.  || otimo produto e qualidade e atendimento top || Poderiam ter mais fotos do produto, pois pela foto parecia ser um material diferente!
As alças das bolsas vieram diferentes, uma bolsa de um tipo de material e a outra em outro material... || Adorei o produto, chegou antes do tempo estimado. Super recomendo. || muito bom || Chegou perfeito || O jogo todo arranhado, envio e-mail reclamação vocês não respondem, não gira no vídeo game. Testado em outro vídeo games . || Foi tudo maravilhoso recebi antes do prazo de entrega é o produto é muito bem feito e bonito. || Parabéns || Produto excelente entrega rapida !!!! || o produto chego antes do prazo de entrega revomendo || A bolsa que o site descreve não bate com a que recebi. A qualidade do produto é péssima! É uma bolsa maternidade bem frágil. Chegou antes do prazo, porém não recomendo comprar.","bolsa, bolsas, do, produto, antes do, antes, material, do prazo",True,True,False,positive,0.46505528688430786,,,,
f2e53dd1670f3c376518263b3f71424d,"Chegou dentro do prazo. Muito bonito. Valeu. || Gostei.  || No status esta dizendo que ja foi entregue, agora cade o produto?? || A qualidade do produto não ficou a contento || Boa tarde vocês falaram que ia entregar no dia 10/01/2018 e até agora não chegou na minha casa || produto chegou rápido de ótima qualidade || Excelente parceria. || Fiz pedido de 02 jogos de toalhas e chegou apenas 01 jogo! || O prazo de entrega é muito longo || Encomendei 5 recebi 4 e Nota Fiscal de 5 unidades. Já reclamei com baratheon e Ibitinga Decora || Encomendei 5 recebi 4 e Nota Fiscal de 5 unidades. Já reclamei com baratheon e Ibitinga Decora || Encomendei 5 recebi 4 e Nota Fiscal de 5 unidades. Já reclamei com baratheon e Ibitinga Decora || Encomendei 5 recebi 4 e Nota Fiscal de 5 unidades. Já reclamei com baratheon e Ibitinga Decora || Encomendei 5 recebi 4 e Nota Fiscal de 5 unidades. Já reclamei com baratheon e Ibitinga Decora || Dos itens destacados, não recebi a saia para cama box. As toalhas foram recebidas. || Gostei muito das toalhas, são bonitas e macias. || Bom || para e a melhor de todas . || Amo baratheon","fiscal de, de unidades, já reclamei, recebi nota, encomendei, reclamei, baratheon, unidades",True,True,False,neutral,0.4655461311340332,,,,
f35927953ed82e19d06ad3aac2f06353,"Preciso de uma previsão. || otimo || aguardo resposta de vcs. || entregue antes do prazo || recebi no prazo e recomendo muito bom  || recebi no prazo e recomendo muito bom  || No site tem a infomação de entregue e eu não recebi o produto . || nao chegou os livros, chegou suplementos e continua chegando suplementos. || nao chegou os livros, chegou suplementos e continua chegando suplementos. || boa || LIVRO FICA 2X MAIS DO VALOR VENDIDO PELO AUTOR EM SUA PAGINA || Gostei valeu deu td certinho obrigado 😊  || otimo atendimento || satisfeito || Rapidez na entrega || Faz um mês que comprei o livro, já paguei e até agora não vi o produto. Assim não da, lannister! ","recebi no, nao chegou, prazo recomendo, recomendo muito, otimo, preciso de, chegou, vendido",True,True,True,neutral,0.4612291157245636,,,,
f3720bc68555b1bff49b9ffd41b017ac,"RECEBI PARCIAL, O TONER 85 A NÃO VEIO || RECEBI PARCIAL, O TONER 85 A NÃO VEIO || RECEBI PARCIAL, O TONER 85 A NÃO VEIO || Muito bom, recebi antes do esperado || Muito bom, recebi antes do esperado || Muito bom, recebi antes do esperado || Muito bom, recebi antes do esperado || Tudo Ok.

 || Otimo || Otimo || Otimo || Otimo","bom recebi, toner, parcial, do esperado, recebi antes, esperado, não veio, otimo",False,True,False,positive,0.5498794317245483,,,,
f40876e0ef3cd5f9132b1f16b04b1346,"Dos dois produtos comprados, foi entregue apenas um! || O pedido foi entregue parcial e o vendedor não entrou em contato comigo. Estou aguardando resposta da pág seguro || Os prazos foram cumpridos e o produto chegou corretamente, inclusive com selo de autenticidade. Muito bom. || Recomendo  || Gostei muito...

 || Recebi o produto com nota fiscal diversa daquele que comprei || Meus produtos nao vieram completos comprei 3 produtos e vieram somente um e estou aguardando uma resposta do stark sobre o ocorrido quero saber se vao devolver meu dinheiro ou mandar os produtos  || fiz o pedido de 2 joico treatament balm moisture recovery mascara 250 ml, mas so recebi 1 no dia 4 de janeiro quero saber como fica o outro pois o valor ja foi cobrado e descontado em minha fatura ob || fiz o pedido de 2 joico treatament balm moisture recovery mascara 250 ml, mas so recebi 1 no dia 4 de janeiro quero saber como fica o outro pois o valor ja foi cobrado e descontado em minha fatura ob || Essa máscara simplesmente faz milagres.  || Essa máscara simplesmente faz milagres.  || Já usei o produto e estou satisfeita com o atendimento || Entrega rápida e bem antes do previsto, estou bem satisfeita! || Entrega rápida e bem antes do previsto, estou bem satisfeita! || Excelente || excelente, recebi antes do prazo informado. || excelente
entrega rápida
bem embalado
amei || O produto foi entregue antes do prazo,e de ótima qualidade!!","quero saber, mas so, cobrado, dia de, saber como, saber, estou, so recebi",True,True,True,neutral,0.4841509759426117,,,,
f4f67ccaece962d013a4e1d7dc3a61f7,"Chegou muito rápido, fiquei na duvida por nao conhecer o produto , mas muito bom o produto  || Recomendo . Está de Parabéns foi entregue bem antes do prazo e tudo na perfeita ordem.
 || Comprei 2 pneus, e a empresa despachou apenas 1 para o correio. Acionei o Procon da minha cidade para conseguir o outro. Até então, parece que a empresa vai resolver meu problema.  || Produto com nota fiscal, abaixo do preço da concorrência, entregue antes do prazo especificado || Só acho que se fosse entregue através de transportadora seria mais rápido || Produto chegou em ótimo estado, antes do previsto, e recomendo pneu de boa qualidade. || O produto esta em atraso, não muda o status desde o dia 18/03, e era para ter chegado no dia 26/03 hoje já é dia 30/03 e ainda não chegou,gostaria de uma posição.  || Cumpriu com os requisitos e em um prazo menor que o previsto || Adc. ao carrinho 2 pneus separadamente. Por se tratar da mesma loja, juntaram em 1 NF e 1 envio. Porém chegou apenas 1 pneu. Onde consta o peso na nota de 11k dos 2 e de despacho 5k. Ou seja,só veio 1 || O produto chegou antes do previsto veio certinho conforme o descrito no site e veio bem embalado. || Fiquei extremamente satisfeito com a compra pelo site, produto entregue de acordo com o pedido, e em um detalhe, ENTREGUE 10 dias antes do prazo previsto. Excelete !!! || Muito rapido || comprei 2 pneus mais foi entregue apenas 1 no dia 10/06/17 e na nota da mercadoria constava os 2 agora tenho q esperar ate o dia 12/06 pra abrir reclamação ja q o site não disponibiliza esse tipo de s || Ja uso esses pneus a algum tempo 
Mas com esse preço otimo q encontrei no site stark ficou melhor ainda 
Super recomendo e comprarei sempre q precisar || São inúmeras as vezes a qual comprei e continuo a comprar com o stark recomendo sempre com preços excelentes entrega dentro do prazo e entregue em perfeito estado || Produto bem embalado, chegou corretamente. || Entrega correta, loja confiável muito obrigada  || Ate o presente momento so recebi um dos dois produtos q comprei || muito bom. || espero que chegue o produto
que voces tenham mais pontualidade","pneus, 03, pneu, dia, entregue, previsto, produto, 06",True,True,True,neutral,0.4679805636405945,,,,
f646af315b0f3a597f69213537ca2199,"Comprei 02 rolos tecrbi 01. || Comprei 02 rolos tecrbi 01. || Site maravilhoso tanto no atendimento quanto na entrega ... Muito satisfeito! || Maravilhoso || Maravilhoso || Maravilhoso || Maravilhoso || Recomendo. || Recomendo. || entrega rapida,Papel de parede lindo estampa maravilhosa.Otima qualidade || Pedido veio faltando item. Nunca tive problema com as lojas lannister. Por isso optei em comprar com vcs. Mas infelizmente não atendeu minhas expectativas.  || Pedido veio faltando item. Nunca tive problema com as lojas lannister. Por isso optei em comprar com vcs. Mas infelizmente não atendeu minhas expectativas.  || Pedido veio faltando item. Nunca tive problema com as lojas lannister. Por isso optei em comprar com vcs. Mas infelizmente não atendeu minhas expectativas.  || Pedido veio faltando item. Nunca tive problema com as lojas lannister. Por isso optei em comprar com vcs. Mas infelizmente não atendeu minhas expectativas.  || Ótimo produto || Não recebi o produto || Não recebi o produto || Chegou bem antes da data prevista, nem Tava esperando! Ótimo  || Chegou bem antes da data prevista, nem Tava esperando! Ótimo  || O produto não foi entregue.
Mensagem da transportadora diz que ""Objeto ainda não chegou à unidade"" ","não atendeu, infelizmente não, as lojas, maravilhoso, pedido veio, problema com, tive problema, comprar com",True,True,False,negative,0.40917539596557617,,,,
f6fa93875f4a7dac03e0a22143f4d815,"Achei ótimo só achei o tecido misto fino mas no geral é bom custo benefício !  || Chegou antes do prazo amei  || Recebi antes do prazo e feio conforme no anúncio. Amei. || gostei || Lindo o produto.
Ótima qualidade.
Recomendo || Ainda não recebi produto e já enviei mensagem para a loja sobre tal situação.
Estou aguardando resposta
Sempre comprei na loja e nunca tive problema, espero que agora resolvam a situação || A loja mandou foi o produto Saia Box para Cama Casal King Perola com Lese Tecido Microfibra - Branco, e não a Saia Para Cama Box Casal King Perolla que esta para ser enviado ainda. estou aguardando. || Muito bom o produto || entregas via transportadora muito demorada
 || fiz uma excelente compra, e um otimo atentimento parabéns  || É exatamente o que eu esperva,amei essa saia para cama excelente produto.  || Recomendo o cendexor. Nota máxima. ","saia, cama, king, situação, tecido, amei, para, estou aguardando",True,True,True,neutral,0.4578700065612793,,,,
f71973c922ccaab05514a36a8bc741b8,"SÓ tenho a agradecer a entregua correta e até antes do prazo. || O produto muito bom gostei  || Muito bom o produto e recomendo a qualquer pessoa a comprar || Gostei muito. Chegou muito antes do prazo . Super recomendo || entrega rápida, material entregue na data.  || muito bom || considerando o bom preço, produto muito bom, me atende bem. || sempre compro nas lannister, mas me decpsionei essa vez .
tive que buscar o produto nos correios e paguei pelo frete caro .
foi alegado que não tinha ninguem em casa porem eu mesma estav de folga . || Entregue em 5 dias até antes do prazo || Muito bom vendedor. Recebi dentro do prazo e o produto veio conforme pedi. || Recebi dentro do prazo || produto de qualidade preço bom e prazo ate antes do previsto || Entregaram dentro do prazo e o produto está sem nenhum dano. Gostei! || A mala chegou certinha até antes da data veio em uma caixa não tinha riscos, só achei a alça muito fraca para a estrutura da mala, mas gostei muito recomendo. || Chegou muito rápido a mala, super recomendo ótima e resistente.

 || O produto chegou de forma correta, embora o Correios da minha cidade não tenha um bom serviço, a compra feita no site foi sem problema algum.
O produto chegou em bom estado e é melhor que esperado. || A empresa enteegou no prazo estipulado, porem o material do produto nao é bom quanto o esperado. Principalmente o revestimento do fundo da mala!  || Parabéns || Muito boa a mala, parabéns. || Comprei este produto adorei os benefícios que contém nele. A entrega foi satisfatória!!!","mala, até antes, bom, muito, produto, recebi dentro, prazo produto, do",True,True,True,neutral,0.4238453507423401,,,,
f71f42e2381752836563b70beb542f80,"Produto atendeu as expectativas. || Produto igual descrito na imagem, entrega realizada antes do prazo.. Muito bom, recomendo! || Fiquei satisfeito com o case. Entrega no prazo! || Produto de boa qualidade || Bom produto! || Capa para note acolchoada, muito bonita e básica, vale o preço!  || Produto exelente || Bom produto, entregue conforme especificações e dentro do prazo. || A empresa entregou de forma rapida e no prazo, sem contratempos || Excelente || Tá faltando ainda a película para o Notebook, o pedido foram 3 coisas, recebi a bolsa para Notebook, a mesa, mas tá faltando a película. Porém sei perfeitamente que ainda tá no prazo para receber. || Fiquei surpreso, entregou mais cedo do que eu esperava, chegou no dia 18/07/2017 em vez no dia 03/08/2017. || Produto conforme descrito pelo vendedor || Muito bom || Bom dia
 Fiz a compra de um Notebook com uma capa, até hoje não entregaram a capa.


Att: Maurício || Demorou um pouco pra fazer a nota fiscal mas não tem problema. || O produto é grande para o notebook de 15,6"" e tem poucas espumas para proteger o not. || compra eficiente estou satisfeita","notebook, tá, capa, para, película, 2017, produto, no dia",True,True,True,neutral,0.487985759973526,,,,
f7a17d2c51d9df89a4f1711c4ac17f33,"trata-se de empresa renomada, portanto, isso é uma das virtudes desta empresa pelo grau de confiabilidade e honestidade. Recomendo a todos que interessarem que podem fazer compras através desse site. || Satisfeito || ** || Produto correto e entregue no prazo  || Muito boa essa loja recomendo para os meus amigos entrega rápida e eficiente muito Boa mesmo || Achei o produto excelente, porem nas fotos do site não informa que é produto Chinês, que aparentemente parece ser bom. || Adoro comprar? na lannister.com excelente lojas. Estão de parabéns!  || ótimo produto e entrega feita dentro do prazo.
 || Produto excelente, chegou rapidinho, recomendo vendedor.  || Muita agilidade || Produto excelente, chegou rapidinho. || Tudo certo. || otimo || Já estou usando a dois dias por enquanto está eficiente,espero que continue assim || AINDA NÃO EFETUEI TESTE. || Achei maravilhoso , até pedi mais dois ,
Pois mesmo vindo com uma lâmina de reposicao achei tão bom que preferi me garantir com mais dois! 
Recomendo eu gostei e resolve mesmo !
 || entregaram antes da data, o produto é bom. 
obrigada  || o botao liga e desliga nao funciona. || gostei muito obrigado || Gastei de ter comprado entregou no prazo","produto excelente, excelente chegou, eficiente, excelente, achei, dois, produto, muito boa",True,True,False,positive,0.6357212066650391,,,,
f7f59e6186e10983a061ac7bdb3494d6,"Maravilha  || Maravilha  || Estou satisfeito com o produto recebi antes do prazo produto de qualidade. || . || Sem comentários, prazo, qualidade, eficiência e etc......
Muito obrigado a essa equipe, pelo respeito ao consumidor. || Entregue bem antes do prazo! Produto chegou em perfeitas condições!  || Entregue bem antes do prazo! Produto chegou em perfeitas condições!  || Ok || PARABÉNS MAIS UMA VEZ PELO COMPROMISSO ASSUMIDO E CUMPRIDO. || Muito bom || Muito bom || Muito bom || tudo ok || Tudo certo com o produto e a entrega. Recomendo. || Entrega antes do prazo, ótimo produto","entregue bem, bom muito, em perfeitas, perfeitas condições, prazo produto, perfeitas, chegou em, condições",True,True,False,positive,0.8412511348724365,,,,
f819f0c84a64f02d3a5606ca95edd272,"correta  || não usei o produto não mas parece bom || Eu comprei um relógio e me mandaram outro  || Melhor do Brasil || vou comprar de novo , gostei e é excelente os produtos obrigado! || na verdade o produto chegou um dia após a data prevista e não mim satisfez. mesmo assim agradeço
 || Muito bom chegou no prazo eu recomendo produto muito bom... || Superou minhas espectativas , muito bom produto . || Recebi em tempo hábil , produto superou minhas expectativas... satisfeito ...super recomendo !!
UM ARRASO !!! || Muito bom ... a transportadora dentro do prazo ótimo. || Produto original || Recomendo, entregue muito antes do prazo predeterminado.  || Chegou muito antes do prazo recomendo || Ñ compriu seu prazo de entrega  || Produto excelente bom, bonito gostei muito atendeu as minhas expectativas, fiz o teste pra saber sobre prova dagua, tudo ok, eu recomendo nota mil.  || Nao recebi  || não recebi o produto  || Não recebi o produto até o momento... Segundo o site está entregue. Mas entregue à quem??? Eu não recebi.
Pelo rastreio aparece PARADO nos correios do Rio de Janeiro.
Aguardo retorno. || bom comprar com lannister || Só quê o ponteiro do segundo não para. Não sei porque geralmente ele para ","produto, bom, não, segundo, superou minhas, minhas, muito, superou",True,True,False,neutral,0.41571614146232605,,,,
f8b624d4e475bb8d1bddf1b65c6a64f6,"Atendimento perfeito. Produto chegou antes do previsto. || Ainda não usei. .mas parece Sr muito boa e é muito bonita. || A ENTREGA FOI RÁPIDA. A PANELA É DE EXCELENTE QUALIDADE. || Gostei muito da panela e do vendedor chegou no prazo
 || Muito satisfeito com a compra, recomendo. || A compra foi um sucesso total, chegou muito rápido nunca tinha feito uma compra no site pra chegar tão antes do prazo da entrega assim, produto exelente, silencioso conzinha rapidinho. 
RECOMENDO!!! || Adorei || Ótima loja, fez a entrega no prazo determinado. Obrigado! || Satisfeita! Tudo conforme o esperado. || Eu sempre admirei a empresa de vocês sempre compro aí o caro é só o frete.
Um abraço  || O produto é de excelente qualidade. Entrega antes do prazo. Sou cliente antigo. Aqui encontro tudo que preciso e com um preço justo.  || Produto de ótima qualidade, entrega super rápida, chegou antes do prazo. Estou muito satisfeita. O produto ja está em uso e não apresentou nenhum defeito. Produto e loja recomendadissimos. || Recomendo a loja e o produto || Loja entregou o produto antes do prazo, recomendo || Ótimo produto! ","produto loja, produto, de excelente, qualidade entrega, excelente qualidade, loja, muito, prazo",True,True,True,positive,0.5205093622207642,,,,
f9259c9e7c0f12c70f7a81409680a5ff,"Estou satisfeita com o atendimento e o prazo de entrega || Adorei como sempre entrega rápida e produto ótima qualidade.  || O atendimento do stark é sempre muito bom. Já fiz várias compras, inclusive por telefone. Prazo muito bom também, recebi o meu produto ontem. Continuem com essa excelência de serviço.  || A LOJA TEM AGILIDADE NA ENTREGA .ESTA DE PARABENS .
 || Tudo perfeito || ate o momento tudo que compro chegar rapido e sem defeitos.parabens. || Produto de ótima qualidade || Bom || Eu ainda não recebi o produto para avaliviar a nota  || foi entregue no prazo certo , porisso que compro sempre no baratheon empresa super seria . brigada pela atenção || O produto ainda não foi entregue  || oki satisfeito o brigado ate aproxima compra 


","parabens, que compro, sempre, ate, compro, ótima qualidade, atendimento, produto",True,True,False,positive,0.6913914680480957,,,,
fa126ff62aae83e37857ad495641c878,"PEDIDO ENTREGUE NO PRAZO, ATENDIMENTO BOM. || Ótimo produto, entrega rápida, parabéns! || Ótimo produto, entrega rápida, parabéns! || Ótimo produto, entrega rápida, parabéns! || Ótimo produto, entrega rápida, parabéns! || Ótimo produto, entrega rápida, parabéns! || A embalagem do produto não veio devidamente lacrada . Não tenho certeza se é original  || Produto chegou corretamente. || Apesar do frete não ser grátis, a entrega é demorada. Demorou 16 dias para ser entregue.
O meu pedido veio correto e sem problemas aparentes. || Apesar do frete não ser grátis, a entrega é demorada. Demorou 16 dias para ser entregue.
O meu pedido veio correto e sem problemas aparentes. || Produto veio com defeito e não aparentava ser original, entrei em contato e aguardo retorno. || Produto veio com defeito e não aparentava ser original, entrei em contato e aguardo retorno.","produto entrega, ser, entrega rápida, ótimo produto, parabéns, rápida, dias para, aguardo retorno",True,True,False,neutral,0.4232507348060608,,,,
fb01a5fc09b9b9563c2ee41a22f07d54,"O controle remoto do play 2 não é Sonic como anunciado, não veio o suporte pra deixar o aparelho em pé como na ilusão, e a garantia de 90 dias, oque é Isso? A garantia tem que ser de um ano. || Falta de compromisso em todos os sentidos, que não pode ocorrer numa venda. || Chegou antes do prazo, o produto está em perfeitas condições de uso || ATE AGORA O PRODUTO NÃO FOI ENTREGUE || Vou mandar o produto de volta. Estou esperando o andamento da solicitação de devolução que fiz à stark. || das outras vezes que houve a necessidade de compra para esta empresa o produto mesmo com o prazo longo de entrega recebia bem antes e isso foi mto bom, pois deixa o cliente mais satisfeito. || Comprei um Playstation 2 em 2018! Sinceramente não acreditava que receberia o aparelho novo, mas para minha surpresa é zero! A unica coisa que não gostei foi o controle que veio, não é original. || Vem atrasando muito na entrega isso não é a primeira vez. || Totalmente responsáveis, produto entregue, informação dada ao cliente, preocupação com o cliente. Recomendo. || O MEU PEDIDO AINDA ESTÁ COM O STATUS OCORRÊNCIA NA ENTREGA, ELE NÃO ME INFORMARAM O MOTIVO E TAMBÉM NÃO RESPONDERAM MEU EMAIL, ERA PARA TER CHEGADO NO DIA 11 E AINDA NÃO CHEGOU  || Recebi o aparelho Playstation 2 e não veio com o controle original veio um paralelo, o aparelho apresenta defeito, de primeira liga e se desligado não liga novamente só depois de muitos tempo que liga || O produto está quase completo, porém ao invés de vir um controle original, veio um alternativo. || O produto veio faltando controle.
Só foi entregue o console e os cabos.
Não estou satisteito.
Não sem com quem reclamo sobre isso. || Ótimo produto e compromisso com o cliente. || a loja deveria disponibilizar uma forma de haver contato entre o vendedor e o comprador, pois até o momento só me resta aguardar e dizer ao meu filho que aguarde seu presente. || so achei que a entrega seria rápida como a entrega do stark mas chegou no prazo previsto pela loja não tenho com que reclamar chegou tudo perfeito obrigada || Recebi até antes do prazo esperado. Excelente!! Recomendo com louvor.","controle, não, aparelho, cliente, de, que, isso, original",True,True,False,neutral,0.511228084564209,,,,
fb55982be901439613a95940feefd9ee,"Mochila bonita de boa qualidade  || Muito bom o produto chegou no prazo || Tudo perfeito, atendimento, produto e entrega bem antes da data prevista.  || Bom atendimento  || Super recomendo, amei... || Fiz a compra da mochila pelo site, o processo de envio foi rápido mas os correios deixaram a desejar, pois o produto chegou depois do prazo. O material da mochila é muito bom, ótimo custo beneficio. || PRODUTO DE QUALIDADE E NO TAMANHO IDEAL. || otimos produtos 
tudo ok
show de bola  || Muito bom  || Mochila de otimo tamanho para o meu filho de 3 anos... boa qualidade.. tamanho Ideal || Recebi a mochila antes mesmo do prazo estabelecido. Produto excelente, segue exatamente o que está no anúncio.  || Produto perfeito de acordo com o descrito no site, boa qualidade e a entrega foi antes do prazo previsto. || 👍🏻 || Só chegou a mochila, estou aguardando a lancheira... Depois poderei avaliar adequadamente... Quando chegar a lancheira dou mais estrelas. || A estrega estava prevista para o dia 05/02/2018 e chegou em 03/01/2018. Super recomendo.
Produto como descrito, não muito resistente mais atendes as expectativas. 
 || Comprei o produto pra receber no dia 31/01
E recebo ele dia 11/01 . 20 dias antes || O material a mochila é bem simples. || Otimo produto e rapida entrega! || Material pouco resistente.  || Produto chegou, mas mal embalado, caixa quase aberta.","mochila, 01, produto, ideal, tamanho, boa qualidade, resistente, material",True,True,True,positive,0.47511035203933716,,,,
fb783e3e545937820b57fe539b2c5a6c,"COMPREI 02 JOGOS DE LENCOIS DE CETIM E UMA COLCHA, MAS ATÉ AGORA SÓ RECEBI O JOGO DE LENCOL COR COBRE. O QUE HOUVE???? || gostei chegou em tempo, e em bom estado conforme solicitado
eu recomendo!
Mary || Fia a compra de 4 jogos de lençóis de cetim, e só recebi 2 jogos!! 
Aguardo contato. Faltaram os jogos na cor vermelha e cobre!! 
Urgência pois são para presentear um amigo em data de casamento!  || Não tenho gueixa 
 || Comprei 04 jogos de lençóis de cetim. Recebi só dois. O conjunto pérola e o Preto. Onde estão os outros??????? || Rápido e muito bom, estou muito satisfeita. || Produto excelente,amei tudo! || Produto bom e entrega satisfatória.

 || Satisfeita com o produto é loja || Achei o tecido um pouco fino, mas acho que atendeu em parte minha expectativa  || O produto foi entregue antes do prazo previsto.MUITO BEM EMBALADO ESTOU SATISFEITA E RECOMENDARIA PARA OUTRAS PESSOAS. || Xxxdf || O Acabamento das fronhas não é o mesmo da foto do produto no site! Deixou a desejar! || Gostei mas achei que fosse melhor o acabamento || Amei o produto. Chegou antes do prazo. Parabéns pelo comprometimento de vcs. Até a pxm compra.","jogos, cetim, de, cobre, satisfeita, acabamento, cor, produto",True,True,False,neutral,0.41578736901283264,,,,
fbc1488c1a1e72ba175f53ab29a248e8,"Ótimo perfume. Fragrância maravilhosa. Recomendo || Entrega rapida || Gostei || A logística de vcs demora demais. Tem loja que entrega em dois dias. Fica a dica. || Xxx || Recebi antes do prazo estipulado. Foi muito bom... || Obrigada pela atenção ,Lojas lannister sempre atenta ao seus consumidor || Quanto a compra faltou a opção da fragrância , pois eu tinha interesse era no almíscar, no mais o que veio perde a fixação. || Recomendo  || Recomendo pois foi simples comprar e receber meu perfume preferido tranquilamtranquilamente em minha casa e melhor ainda com um preço bom. || Adorei, os produtos chegaram bem antes do prazo, menos de uma semana, tudo bem embalado, o entregador chamou alto o q possibilita de ouvir e atender, mto bom, recomendo muito.  || Muito feliz com minha compra. O pedido chegou 
em 2 dias. Recomendo || Adorei entrega rápida e mercadoria certa. || entrega antes do prazo,perfeito || Comprei pela primeira vez, e estou satisfeito com a loja || Excelente atendimento Obrigado! || o produto entregue não foi o mesmo que eu pedi, já notifiquei na mesma data e até então, não tive retorno de como proceder
","perfume, recomendo, pela, adorei, como proceder, loja que, entregue não, preço bom",True,True,True,positive,0.41989439725875854,,,,
fbce4c4cb307679d89a3bf3d3bb353b9,"Tudo ok || EMPRESA SERIA ENTREGOU ANTES DO PRAZO ;RECOMENDO A TODOS || Produto diferente do que foi anunciado. || Gosto muito de comprar na loja americas || PRODUTO DE BOA QUALIDADE E ENTREGUE DENTRO DO PRAZO MARCADO.  || otimos produtos || gostei da compra, uniu a mercadoria com o valor
 || Não recebi ainda os produtos por incompetência dos correios, não tem como avaliar da maneira que vocês pediram. Acho que vocês deveriam mudar a pesquisa. Tipo: se não, Porque? || Muito bom || Serviço rápido e eficiente. || Sempre compre nunca tive problema vou comprar sempre que tiver algo que eu goste || Ótimo  || Muito bom produto, mas tecido inferior ao que eu imaginava. Ótimo tamanho e chegou muito antes do prazo estipulado. Só ficou um pouco abaixo na qualidade do tecido. Recomendo e farei novas compras. || Seriedade e eficiência!! || Excelente produto, adorei as mercadorias.
 || as toalhas são ásperas e fininhas. Bela propaganda enganosa || bom produto , vou ainda fazer o teste da lavagem ainda  || Achei que a largura e a qualidade fosse superior || MUITO BOM || ficou faltando o das dez toalhas..a de cinco foi entregue..estou aguardando retorno,,","toalhas, tecido, que, vocês, ficou, vou, muito, que eu",True,True,True,neutral,0.4290040135383606,,,,
fc1d8637c0268af3db482c14b7ef8e75,"Muito linda deu um charme na minha sala.
 || adorei era o que eu precisava deixa o hambiente mais elegante produto de boa qualidade  || Recebi antes do prazo
Material excelente
Recomendo
 || Produto com excelente qualidade.  || Gostei do produto, de boa qualidade, bonito, recomendo. || Cortina lindaaa || Produto de acordo com a postagem .
Entrega rápida e antes do prazo. || Produto de ótima qualidade, linda exatamente como na foto. Ficou perfeita. Amei. Recomendo a todos || Ameiii || Linda ! || Linda ! || Produto bonito, entrega rápida || Não tenho nada o que falar só agradecer. Muito obrigado e linda  || Gostaria de saber o que houve, pois até agora não chegou meu produto!!! || A cortina é linda! De ótima qualidade e acabamento impecável. A cor é belíssima bege bem clarinho. Voltarei a comprar. || Estou aguardando a dupla de quadros, pois so foram entregues as cortinas!! Apos receber, altero minha avaliação!!! || Estou aguardando a dupla de quadros, pois so foram entregues as cortinas!! Apos receber, altero minha avaliação!!! || Obrigada ficou linda! || Atendeu minhas expectativas,chegou antes do prazo,tecido lindo e de boa qualidade.Amei. || O tecido é ótimo o cumprimento na altura também a, porem na largura não veio exatamente quatro metros veio bem menos, então deveria ter comprado duas aí sim fica como na foto. Chega bem antes do prazo","linda, quadros, minha avaliação, de, qualidade, foram entregues, cortinas, de boa",True,True,False,positive,0.5814027786254883,,,,
fcf6ad274391aea29f5d6e5ef9da5050,"Foi tudo perfeito. Obrigada!
 || Amei o bebedouro,muito eficiente cumpre o w promete! || Não gostei por que me mandaram a cor errada || O produto veio com muito cheiro de tinta. || Indicado entrega no prazo muito bom || Indicado entrega no prazo muito bom || Ótimo produto. || Não recebi as botinhas  || produto muito bom, porem bem pequeno. || Muito satisfeita com o produto, entrega e a praticidade do site.  || ótimo || Recomendo, minha filha de quatro patas possui pelos longos e esse bebedouro foi ótimo para ela!
Super recomendo! || Ótimo bebedouro, leve, a água do animal não fica exposto, conserva temperatura agradável. Não molha o pelo do animal.","indicado, ótimo, muito, prazo muito, entrega no, cor errada, muito eficiente, me mandaram",True,True,False,positive,0.7257863879203796,,,,
fe01b643060a6446e59f58e3021e66b3,"Produto muito bonito de excelente qualidade e o melhor recebi muito antes do prazo estabelecido. || Satisfeita || So nao gostamos do tamanho,mas reconhecemos o nosso erro em nao reparar o tamanho na descricao do produto. || Ótimo produto minha esposa amou!!! || Gostei da maleta era como eu queria! fiquei feliz por vcs terem mandado certinho o que comprei. || Perfeito || Produto ótimo, entregue dentro do prazo. 
Super recomendo. || Saiu tudo conforme prometido e chegou bem antes do prazo || Gostei de ter comprado com vcs || Apesar da maleta ser menor do que imaginei; fiquei satisfeita! Recomendo produto!  || Maleta show  || Chegou bem antes do prazo!! || muito bom o produto e o atendimento  || Foi entregue com muita antecedência e em perfeito estado || Minha namorada gostou muito. || São muito atenciosos e prestativos. 
 || gostei bastante  || Ótimo produto, entrega rápida, minha esposa esta extremamente satisfeita, me dei bem !! || É muito lindo , veio correto só faltou ser um pouco maior. ","satisfeita, do, produto, produto ótimo, tamanho, muito, vcs, fiquei",True,True,False,positive,0.4868312180042267,,,,
fe6a9515d655fa7936b8a7c841039f34,"excelente produto
recomendo || Recomendo... prefeito; || Recomendo.... || voltaria a comprar com certeza || a descrição do produto é tal qual o site indica. || Comprei 02 ventiladores e entregaram apenas 01 ventilador. Nota Fiscal 000580
Minha ajudante que recebeu. quando cheguei em casa, percebi que só entregaram 01 ventilador e paguei por 02. || Comprei 02 ventiladores e entregaram apenas 01 ventilador. Nota Fiscal 000580
Minha ajudante que recebeu. quando cheguei em casa, percebi que só entregaram 01 ventilador e paguei por 02. || Entrega antes do prazo marcado!
Muito satisfeito. || silencioso , ventila, cumpre a sua finalidade. || Péssimo atendimento.
O produto não chegou.
Já liguei diversas vezes e não me posicionam.
Após escrever uma reclamação, me responderam dizendo que iriam apurar, mas mais de 20 dias se passaram e nad || ENTREGA ANTES DO PRAZO ESTIPULADO - PRODUTO BEM EMBALADO , RECOMENDO  || ENTREGA ANTES DO PRAZO ESTIPULADO - PRODUTO BEM EMBALADO , RECOMENDO  || Achei o atendimento da vendedora da lannister.com pelo telefone muito bom. Mas gostaria de sugerir que o produto adquirido com pagamento à vista tenha um desconto em seu preço. || O produto foi apenas testado e está funcionando. Espero que com o uso contínuo,no alto verão, ele corresponda as minhas expectativas. || Quero adquirir a mesmo produto em mais duas(02) unidades, é possível avisar-me .
agradeço || Não recebi, tive que buscar no correio, por alegação de tentativa de entrega sem ninguém em casa, ma é mentira na data alegada tinha gente em casa sim.  || Foi obq realmente esperava || Foi obq realmente esperava || Excelente vendedor, o produto chegou antes do prazo esperado. || Bom","02, em casa, 01, casa, entregaram, só entregaram, recebeu, apenas 01",True,True,True,neutral,0.45014113187789917,,,,
ffc9caf33e2d1e9f44e3e06da19085f7,"atendeu as minhas necessidades gostei muito 


  || As ferramentas do aplicativo não são eficases. Solicitei o concelamento de uma compra antes da nota fiscal ser emitida a solicitacao foi aceita porém não foi efetivada. O produto chegou . || ADORO ESSA LOA, SUPER RECOMENDO || Não a loja melhor de se comprar rápido e ágil nas entregar parabéns  || Só estou esperando a outra mercadoria que ainda não chegou foi comprada primeiro do que a que chegou.  || de parabéns lannister e baratheon || amei  || muito boa, entrega rapido e sem complicações || produto entregue no prazo recomendo o site || comprei, já paguei e ainda nã recebi || Fico muito satisfeita em comprar mas lojas lannister || Ainda não recebi chegou. Ultimamente os correios estão atrasando muito","mercadoria que, comprada, não, emitida, que ainda, chegou, minhas necessidades, que chegou",True,False,False,neutral,0.3765426576137543,,,,
